,BTC,Gold,SPY
2015-01-02,315.0320129394531,114.08000183105469,169.68780517578125
2015-01-05,274.4739990234375,115.80000305175781,166.6233367919922
2015-01-06,286.1889953613281,117.12000274658203,165.0539093017578
2015-01-07,294.3370056152344,116.43000030517578,167.1107177734375
2015-01-08,283.3489990234375,115.94000244140625,170.07608032226562
2015-01-09,290.4079895019531,117.26000213623047,168.7131805419922
2015-01-12,267.7959899902344,118.55999755859375,167.3915557861328
2015-01-13,225.86099243164062,118.16000366210938,166.9207305908203
2015-01-14,178.10299682617188,117.97000122070312,165.91302490234375
2015-01-15,209.843994140625,120.94000244140625,164.39315795898438
2015-01-16,208.0970001220703,122.5199966430664,166.54901123046875
2015-01-20,211.31500244140625,124.19999694824219,166.9041748046875
2015-01-21,226.89700317382812,124.2300033569336,167.7467041015625
2015-01-22,233.406005859375,125.2300033569336,170.24122619628906
2015-01-23,232.87899780273438,124.2300033569336,169.307861328125
2015-01-26,273.4729919433594,122.98999786376953,169.7043914794922
2015-01-27,263.4750061035156,124.4000015258789,167.46585083007812
2015-01-28,233.9149932861328,123.41999816894531,165.3181915283203
2015-01-29,233.51300048828125,120.76000213623047,166.84642028808594
2015-01-30,226.4250030517578,123.44999694824219,164.74832153320312
2015-02-02,238.22900390625,122.41999816894531,166.7885284423828
2015-02-03,227.26800537109375,121.05000305175781,169.2004852294922
2015-02-04,226.85299682617188,121.58000183105469,168.5562286376953
2015-02-05,217.11099243164062,121.79000091552734,170.25782775878906
2015-02-06,222.26600646972656,118.63999938964844,169.78697204589844
2015-02-09,220.11000061035156,119.16999816894531,169.0270538330078
2015-02-10,219.83900451660156,118.47000122070312,170.82778930664062
2015-02-11,219.18499755859375,117.06999969482422,170.92684936523438
2015-02-12,221.76400756835938,117.33999633789062,172.5706024169922
2015-02-13,235.427001953125,117.9800033569336,173.28102111816406
2015-02-17,243.61000061035156,116.01000213623047,173.55360412597656
2015-02-18,236.3260040283203,116.33999633789062,173.57015991210938
2015-02-19,240.2830047607422,115.94000244140625,173.4461669921875
2015-02-20,243.7790069580078,115.27999877929688,174.4870147705078
2015-02-23,238.89199829101562,115.43000030517578,174.46226501464844
2015-02-24,238.73500061035156,115.26000213623047,174.9578094482422
2015-02-25,237.47000122070312,115.69999694824219,174.8091278076172
2015-02-26,236.42599487304688,116.06999969482422,174.60263061523438
2015-02-27,253.8280029296875,116.16000366210938,174.0078582763672
2015-03-02,275.6700134277344,115.68000030517578,175.10653686523438
2015-03-03,281.7019958496094,115.47000122070312,174.38783264160156
2015-03-04,273.0920104980469,115.11000061035156,173.65272521972656
2015-03-05,276.1780090332031,115.0,173.84274291992188
2015-03-06,272.7229919433594,111.86000061035156,171.39767456054688
2015-03-09,289.60699462890625,111.97000122070312,172.10806274414062
2015-03-10,291.760009765625,111.41999816894531,169.31613159179688
2015-03-11,296.3789978027344,110.75,168.91966247558594
2015-03-12,294.35400390625,110.72000122070312,171.06724548339844
2015-03-13,285.3370056152344,110.87999725341797,170.0182647705078
2015-03-16,290.5929870605469,110.80999755859375,172.289794921875
2015-03-17,285.5050048828125,110.20999908447266,171.7776641845703
2015-03-18,256.29901123046875,112.37000274658203,173.84274291992188
2015-03-19,260.9280090332031,112.29000091552734,173.04971313476562
2015-03-20,261.7489929199219,113.56999969482422,174.5772247314453
2015-03-23,266.739990234375,114.29000091552734,174.2369842529297
2015-03-24,245.59500122070312,114.56999969482422,173.2579803466797
2015-03-25,246.19700622558594,114.7300033569336,170.7191162109375
2015-03-26,248.53199768066406,115.4800033569336,170.31251525878906
2015-03-27,247.0290069580078,115.05999755859375,170.70252990722656
2015-03-30,247.5260009765625,113.75,172.78504943847656
2015-03-31,244.2239990234375,113.66000366210938,171.27500915527344
2015-04-01,247.27200317382812,115.5999984741211,170.66932678222656
2015-04-02,253.0050048828125,115.27999877929688,171.28326416015625
2015-04-06,255.49200439453125,116.69000244140625,172.43655395507812
2015-04-07,253.17999267578125,116.11000061035156,171.98025512695312
2015-04-08,245.02200317382812,115.47000122070312,172.56106567382812
2015-04-09,243.67599487304688,114.66999816894531,173.3243408203125
2015-04-10,236.07200622558594,115.97000122070312,174.27023315429688
2015-04-13,224.58700561523438,115.13999938964844,173.48199462890625
2015-04-14,219.15899658203125,114.44000244140625,173.8138885498047
2015-04-15,223.83299255371094,115.43000030517578,174.5937957763672
2015-04-16,228.572998046875,115.02999877929688,174.5440216064453
2015-04-17,222.8820037841797,115.5999984741211,172.5361785888672
2015-04-20,224.62600708007812,114.72000122070312,174.11256408691406
2015-04-21,235.2689971923828,115.37999725341797,173.9051055908203
2015-04-22,234.17599487304688,113.83000183105469,174.75978088378906
2015-04-23,236.46200561523438,114.66000366210938,175.19949340820312
2015-04-24,231.26800537109375,113.05000305175781,175.6060028076172
2015-04-27,229.28599548339844,115.33000183105469,174.87586975097656
2015-04-28,225.85499572753906,116.33000183105469,175.43179321289062
2015-04-29,225.80799865722656,115.51000213623047,174.7099151611328
2015-04-30,236.14500427246094,113.47000122070312,172.95925903320312
2015-05-01,232.07899475097656,113.08000183105469,174.83444213867188
2015-05-04,239.01800537109375,114.0999984741211,175.3322296142578
2015-05-05,236.12100219726562,114.41999816894531,173.3243408203125
2015-05-06,229.78199768066406,114.36000061035156,172.61077880859375
2015-05-07,237.33399963378906,113.41999816894531,173.29946899414062
2015-05-08,243.86300659179688,113.97000122070312,175.5811309814453
2015-05-11,242.1580047607422,113.52999877929688,174.74313354492188
2015-05-12,241.11199951171875,114.5,174.22039794921875
2015-05-13,236.3769989013672,116.55000305175781,174.2535858154297
2015-05-14,236.9290008544922,117.18000030517578,176.0706329345703
2015-05-15,237.60499572753906,117.52999877929688,176.26150512695312
2015-05-18,233.1280059814453,117.5199966430664,176.80905151367188
2015-05-19,231.94700622558594,115.88999938964844,176.75100708007812
2015-05-20,234.01800537109375,116.08000183105469,176.6265411376953
2015-05-21,235.343994140625,115.69000244140625,177.1409912109375
2015-05-22,240.34800720214844,115.5999984741211,176.71786499023438
2015-05-26,237.11599731445312,113.91000366210938,174.81777954101562
2015-05-27,237.2830047607422,113.88999938964844,176.47720336914062
2015-05-28,237.4080047607422,114.0199966430664,176.27810668945312
2015-05-29,237.0959930419922,114.0999984741211,175.18289184570312
2015-06-01,222.92599487304688,114.0,175.5397186279297
2015-06-02,225.80299377441406,114.45999908447266,175.36544799804688
2015-06-03,225.87399291992188,113.63999938964844,175.83006286621094
2015-06-04,224.32400512695312,112.83999633789062,174.34487915039062
2015-06-05,224.95199584960938,112.23999786376953,174.04623413085938
2015-06-08,228.48899841308594,112.56999969482422,172.97584533691406
2015-06-09,229.04800415039062,112.81999969482422,172.9509735107422
2015-06-10,228.80299377441406,113.77999877929688,175.02523803710938
2015-06-11,229.7050018310547,113.26000213623047,175.58944702148438
2015-06-12,229.98199462890625,113.2300033569336,174.24534606933594
2015-06-15,236.822998046875,113.7300033569336,173.49864196777344
2015-06-16,250.89500427246094,113.31999969482422,174.4444122314453
2015-06-17,249.28399658203125,113.8499984741211,174.72654724121094
2015-06-18,249.0070037841797,115.31999969482422,176.54359436035156
2015-06-19,244.6060028076172,115.12000274658203,175.75991821289062
2015-06-22,246.99000549316406,113.63999938964844,176.6603240966797
2015-06-23,244.29600524902344,112.88999938964844,176.785400390625
2015-06-24,240.51499938964844,112.58999633789062,175.5014190673828
2015-06-25,242.7989959716797,112.44000244140625,174.9678192138672
2015-06-26,243.593994140625,112.55999755859375,174.93447875976562
2015-06-29,257.0639953613281,113.06999969482422,171.26608276367188
2015-06-30,263.0719909667969,112.37000274658203,171.6245574951172
2015-07-01,258.6210021972656,111.9800033569336,173.0001983642578
2015-07-02,255.41200256347656,111.76000213623047,172.841796875
2015-07-06,269.0299987792969,112.05999755859375,172.34988403320312
2015-07-07,266.2070007324219,110.76000213623047,173.43374633789062
2015-07-08,270.7850036621094,111.08999633789062,170.5240478515625
2015-07-09,269.2279968261719,111.36000061035156,170.8324737548828
2015-07-10,284.8940124511719,111.48999786376953,172.9835662841797
2015-07-13,292.0539855957031,110.98999786376953,174.89283752441406
2015-07-14,287.4639892578125,110.73999786376953,175.65147399902344
2015-07-15,285.8290100097656,110.16000366210938,175.59312438964844
2015-07-16,278.0889892578125,109.76000213623047,177.0021514892578
2015-07-17,279.47198486328125,108.6500015258789,177.15225219726562
2015-07-20,278.9809875488281,105.69999694824219,177.2439422607422
2015-07-21,275.8330078125,105.37000274658203,176.54354858398438
2015-07-22,277.22198486328125,104.80000305175781,176.22674560546875
2015-07-23,276.04901123046875,104.33000183105469,175.23464965820312
2015-07-24,288.27801513671875,105.3499984741211,173.41708374023438
2015-07-27,293.6239929199219,104.86000061035156,172.4082489013672
2015-07-28,294.427001953125,105.0199966430664,174.52593994140625
2015-07-29,289.5899963378906,105.16999816894531,175.7264862060547
2015-07-30,287.72198486328125,104.2699966430664,175.76821899414062
2015-07-31,284.6499938964844,104.93000030517578,175.5014190673828
2015-08-03,281.22698974609375,104.0999984741211,174.90951538085938
2015-08-04,285.2179870605469,104.30999755859375,174.567626953125
2015-08-05,281.8819885253906,103.93000030517578,175.1428985595703
2015-08-06,278.5769958496094,104.38999938964844,173.70889282226562
2015-08-07,279.5849914550781,104.6500015258789,173.3754425048828
2015-08-10,264.4700012207031,105.72000122070312,175.55978393554688
2015-08-11,270.385986328125,106.26000213623047,173.97564697265625
2015-08-12,266.3760070800781,107.75,174.18406677246094
2015-08-13,264.0799865722656,106.86000061035156,173.9673614501953
2015-08-14,265.67999267578125,106.8499984741211,174.60101318359375
2015-08-17,257.97601318359375,107.12999725341797,175.57644653320312
2015-08-18,211.07899475097656,107.11000061035156,175.06785583496094
2015-08-19,226.6840057373047,108.55000305175781,173.68389892578125
2015-08-20,235.35000610351562,110.44000244140625,170.05709838867188
2015-08-21,232.56900024414062,111.12999725341797,164.93800354003906
2015-08-24,210.4949951171875,110.52999877929688,157.9929656982422
2015-08-25,221.60899353027344,109.16000366210938,156.13375854492188
2015-08-26,225.83099365234375,107.66999816894531,162.12832641601562
2015-08-27,224.7689971923828,107.7300033569336,166.13858032226562
2015-08-28,231.39599609375,108.69999694824219,166.14686584472656
2015-08-31,230.05599975585938,108.81999969482422,164.8046112060547
2015-09-01,228.12100219726562,109.19999694824219,159.88551330566406
2015-09-02,229.28399658203125,108.62000274658203,162.9203643798828
2015-09-03,227.18299865722656,107.83999633789062,163.037109375
2015-09-04,230.29800415039062,107.48999786376953,160.5692596435547
2015-09-08,243.60699462890625,107.5199966430664,164.60447692871094
2015-09-09,238.16799926757812,106.12999725341797,162.40341186523438
2015-09-10,238.4770050048828,106.37999725341797,163.28713989257812
2015-09-11,240.10699462890625,106.16000366210938,164.0292205810547
2015-09-14,230.6439971923828,106.22000122070312,163.42066955566406
2015-09-15,230.3040008544922,105.9000015258789,165.4632110595703
2015-09-16,229.09100341796875,107.30999755859375,166.89723205566406
2015-09-17,229.80999755859375,108.41000366210938,166.52210998535156
2015-09-18,232.97500610351562,109.20999908447266,163.80084228515625
2015-09-21,227.0850067138672,108.52999877929688,164.6473388671875
2015-09-22,230.6179962158203,107.79000091552734,162.5102081298828
2015-09-23,230.2830047607422,108.22000122070312,162.2504119873047
2015-09-24,234.5290069580078,110.48999786376953,161.66383361816406
2015-09-25,235.1439971923828,109.80999755859375,161.62184143066406
2015-09-28,239.14199829101562,108.41999816894531,157.56561279296875
2015-09-29,236.68699645996094,107.9800033569336,157.6577911376953
2015-09-30,236.05999755859375,106.86000061035156,160.59945678710938
2015-10-01,237.5489959716797,106.7300033569336,161.01846313476562
2015-10-02,237.29299926757812,108.98999786376953,163.42373657226562
2015-10-05,240.38299560546875,108.7699966430664,166.3318328857422
2015-10-06,246.06300354003906,109.86000061035156,165.76197814941406
2015-10-07,242.968994140625,109.69999694824219,167.1195831298828
2015-10-08,242.3040008544922,109.13999938964844,168.62815856933594
2015-10-09,243.93099975585938,110.87000274658203,168.7287139892578
2015-10-12,245.30799865722656,111.30999755859375,168.88796997070312
2015-10-13,249.50799560546875,111.86000061035156,167.82357788085938
2015-10-14,251.98899841308594,113.80999755859375,167.01905822753906
2015-10-15,254.32000732421875,113.29000091552734,169.58358764648438
2015-10-16,262.8689880371094,112.48999786376953,170.35458374023438
2015-10-19,263.43701171875,112.0199966430664,170.43838500976562
2015-10-20,269.4630126953125,112.7300033569336,170.22047424316406
2015-10-21,266.2720031738281,111.7300033569336,169.16453552246094
2015-10-22,274.02301025390625,111.69000244140625,172.02235412597656
2015-10-23,276.4960021972656,111.5,173.90797424316406
2015-10-26,285.29998779296875,111.43000030517578,173.48057556152344
2015-10-27,293.7879943847656,111.68000030517578,173.14532470703125
2015-10-28,304.6180114746094,110.77999877929688,175.11477661132812
2015-10-29,313.8550109863281,109.72000122070312,175.01426696777344
2015-10-30,328.0150146484375,109.30000305175781,174.26002502441406
2015-11-02,361.1889953613281,108.58999633789062,176.32159423828125
2015-11-03,403.4169921875,106.9800033569336,176.8328094482422
2015-11-04,411.56298828125,105.97000122070312,176.29649353027344
2015-11-05,386.35400390625,105.63999938964844,176.12046813964844
2015-11-06,374.4700012207031,104.0999984741211,176.02833557128906
2015-11-09,380.2569885253906,104.4000015258789,174.3856964111328
2015-11-10,336.8190002441406,104.18000030517578,174.78797912597656
2015-11-11,311.0840148925781,103.83000183105469,174.1007537841797
2015-11-12,338.1520080566406,103.8499984741211,171.67027282714844
2015-11-13,336.75299072265625,103.55999755859375,169.74276733398438
2015-11-16,330.7510070800781,103.70999908447266,172.32403564453125
2015-11-17,335.093994140625,102.33999633789062,172.1983184814453
2015-11-18,334.5899963378906,102.43000030517578,174.93045043945312
2015-11-19,326.14898681640625,103.55999755859375,174.7795867919922
2015-11-20,322.0220031738281,103.08999633789062,175.41653442382812
2015-11-23,323.0459899902344,102.26000213623047,175.21542358398438
2015-11-24,320.0459899902344,102.94000244140625,175.45005798339844
2015-11-25,328.20599365234375,102.45999908447266,175.4248809814453
2015-11-27,358.0419921875,101.25,175.62603759765625
2015-11-30,377.3210144042969,101.91999816894531,174.89688110351562
2015-12-01,362.4880065917969,102.27999877929688,176.56468200683594
2015-12-02,359.18701171875,100.69000244140625,174.76283264160156
2015-12-03,361.0459899902344,101.76000213623047,172.31568908691406
2015-12-04,363.1830139160156,104.0199966430664,175.6763153076172
2015-12-07,395.5360107421875,102.66999816894531,174.61199951171875
2015-12-08,415.56298828125,102.83999633789062,173.43869018554688
2015-12-09,417.56298828125,102.63999938964844,172.08937072753906
2015-12-10,415.47900390625,102.55000305175781,172.5336456298828
2015-12-11,451.93798828125,103.11000061035156,169.18966674804688
2015-12-14,444.1820068359375,101.79000091552734,170.04454040527344
2015-12-15,465.3210144042969,101.5199966430664,171.82965087890625
2015-12-16,454.9339904785156,102.75,174.3437957763672
2015-12-17,456.0780029296875,100.5,171.68711853027344
2015-12-18,463.6159973144531,102.04000091552734,168.62847900390625
2015-12-21,438.6390075683594,103.1500015258789,170.01953125
2015-12-22,436.5719909667969,102.61000061035156,171.5623016357422
2015-12-23,442.4010009765625,102.30999755859375,173.68685913085938
2015-12-24,454.9849853515625,103.05000305175781,173.40016174316406
2015-12-28,422.27899169921875,102.2699966430664,173.00393676757812
2015-12-29,432.9830017089844,102.19999694824219,174.8502655029297
2015-12-30,426.6199951171875,101.41999816894531,173.61099243164062
2015-12-31,430.5669860839844,101.45999908447266,171.874267578125
2016-01-04,433.09100341796875,102.88999938964844,169.4715576171875
2016-01-05,431.9599914550781,103.18000030517578,169.7581329345703
2016-01-06,429.1050109863281,104.66999816894531,167.61688232421875
2016-01-07,458.0480041503906,106.1500015258789,163.59547424316406
2016-01-08,453.2300109863281,105.68000030517578,161.79969787597656
2016-01-11,448.4280090332031,104.73999786376953,161.9598846435547
2016-01-12,435.69000244140625,104.20999908447266,163.2666473388672
2016-01-13,432.3710021972656,104.72000122070312,159.19467163085938
2016-01-14,430.3059997558594,103.0199966430664,161.8081512451172
2016-01-15,364.33099365234375,104.08000183105469,158.334716796875
2016-01-19,380.14898681640625,103.9800033569336,158.54556274414062
2016-01-20,420.2300109863281,105.37000274658203,156.5137481689453
2016-01-21,410.2619934082031,105.48999786376953,157.39053344726562
2016-01-22,382.49200439453125,105.0,160.61941528320312
2016-01-25,391.72601318359375,106.08000183105469,158.19139099121094
2016-01-26,392.15301513671875,107.29000091552734,160.3496551513672
2016-01-27,394.97198486328125,107.69000244140625,158.6045379638672
2016-01-28,380.28900146484375,106.54000091552734,159.4307098388672
2016-01-29,379.4739990234375,106.94999694824219,163.31724548339844
2016-02-01,373.0559997558594,108.05000305175781,163.25820922851562
2016-02-02,374.447998046875,108.08999633789062,160.31594848632812
2016-02-03,369.9490051269531,109.25,161.27700805664062
2016-02-04,389.593994140625,110.56999969482422,161.52993774414062
2016-02-05,386.54901123046875,112.31999969482422,158.4527587890625
2016-02-08,373.4469909667969,113.83000183105469,156.31982421875
2016-02-09,376.02899169921875,113.58000183105469,156.32826232910156
2016-02-10,381.64898681640625,114.45999908447266,156.19334411621094
2016-02-11,379.65399169921875,119.05999755859375,154.16159057617188
2016-02-12,384.26300048828125,118.36000061035156,157.3400115966797
2016-02-16,407.4880065917969,114.7699966430664,159.99559020996094
2016-02-17,416.3219909667969,115.4800033569336,162.60910034179688
2016-02-18,422.37298583984375,118.29000091552734,161.9430389404297
2016-02-19,420.7850036621094,117.58000183105469,161.8671417236328
2016-02-22,437.74798583984375,115.48999786376953,164.21087646484375
2016-02-23,420.7359924316406,117.22000122070312,162.1369171142578
2016-02-24,424.9549865722656,117.61000061035156,162.8788299560547
2016-02-25,424.54400634765625,117.91999816894531,164.85157775878906
2016-02-26,432.1520080566406,117.11000061035156,164.4722137451172
2016-02-29,437.6969909667969,118.63999938964844,163.18231201171875
2016-03-01,435.12298583984375,117.7699966430664,167.0182647705078
2016-03-02,423.989013671875,118.68000030517578,167.7686309814453
2016-03-03,421.6510009765625,120.7300033569336,168.4261016845703
2016-03-04,410.9389953613281,120.54000091552734,168.97413635253906
2016-03-07,414.3210144042969,121.13999938964844,169.10906982421875
2016-03-08,413.97198486328125,120.58000183105469,167.26272583007812
2016-03-09,414.8599853515625,119.58000183105469,168.08892822265625
2016-03-10,417.1310119628906,121.5,168.2238006591797
2016-03-11,421.69000244140625,119.41000366210938,170.9384765625
2016-03-14,416.43798828125,117.87000274658203,170.71929931640625
2016-03-15,416.8299865722656,117.95999908447266,170.44105529785156
2016-03-16,417.010986328125,120.58999633789062,171.42738342285156
2016-03-17,420.6210021972656,120.12999725341797,172.51495361328125
2016-03-18,409.5480041503906,119.80000305175781,173.1929168701172
2016-03-21,413.3070068359375,118.95999908447266,173.43873596191406
2016-03-22,418.0889892578125,119.30999755859375,173.34555053710938
2016-03-23,418.0409851074219,116.61000061035156,172.20144653320312
2016-03-24,416.3940124511719,116.33000183105469,172.12518310546875
2016-03-28,424.2309875488281,116.5999984741211,172.22683715820312
2016-03-29,416.5159912109375,118.76000213623047,173.82003784179688
2016-03-30,414.8160095214844,117.0999984741211,174.58267211914062
2016-03-31,416.72900390625,117.63999938964844,174.15896606445312
2016-04-01,417.9599914550781,116.93000030517578,175.34532165527344
2016-04-04,421.4440002441406,116.1500015258789,174.77752685546875
2016-04-05,424.0299987792969,117.66000366210938,173.0319366455078
2016-04-06,423.4129943847656,116.94000244140625,174.9216766357422
2016-04-07,422.7449951171875,118.61000061035156,172.82850646972656
2016-04-08,420.3489990234375,118.43000030517578,173.29457092285156
2016-04-11,422.4830017089844,120.02999877929688,172.88783264160156
2016-04-12,425.19000244140625,120.05000305175781,174.49789428710938
2016-04-13,423.7340087890625,118.7699966430664,176.26051330566406
2016-04-14,424.2820129394531,117.11000061035156,176.26904296875
2016-04-15,429.7130126953125,117.91999816894531,176.0740966796875
2016-04-18,428.59100341796875,117.73999786376953,177.31138610839844
2016-04-19,435.5090026855469,119.58000183105469,177.87057495117188
2016-04-20,441.3890075683594,118.97000122070312,178.0401153564453
2016-04-21,449.42498779296875,119.41999816894531,177.08245849609375
2016-04-22,445.73699951171875,117.88999938964844,177.08245849609375
2016-04-25,461.4259948730469,118.2300033569336,176.77740478515625
2016-04-26,466.0889892578125,118.69999694824219,177.0401153564453
2016-04-27,444.68701171875,119.04000091552734,177.40452575683594
2016-04-28,449.010986328125,121.29000091552734,175.79444885253906
2016-04-29,455.09698486328125,123.6500015258789,174.84536743164062
2016-05-02,444.66900634765625,123.23999786376953,176.2350616455078
2016-05-03,450.3039855957031,122.95999908447266,174.7012939453125
2016-05-04,446.72198486328125,122.20999908447266,173.72679138183594
2016-05-05,447.97601318359375,122.06999969482422,173.69290161132812
2016-05-06,459.6029968261719,123.18000030517578,174.32846069335938
2016-05-09,460.4830017089844,120.6500015258789,174.4724884033203
2016-05-10,450.8949890136719,120.9800033569336,176.64181518554688
2016-05-11,452.7279968261719,122.12000274658203,174.98944091796875
2016-05-12,454.7659912109375,121.16000366210938,175.04025268554688
2016-05-13,455.6700134277344,121.70999908447266,173.5149383544922
2016-05-16,454.1629943847656,121.80000305175781,175.22669982910156
2016-05-17,453.7829895019531,122.22000122070312,173.5911865234375
2016-05-18,454.6189880371094,120.0999984741211,173.64202880859375
2016-05-19,438.7149963378906,119.87000274658203,173.04037475585938
2016-05-20,442.6759948730469,119.70999908447266,174.13357543945312
2016-05-23,444.1549987792969,119.37000274658203,173.896240234375
2016-05-24,445.9809875488281,117.30000305175781,176.1503448486328
2016-05-25,449.5989990234375,116.9800033569336,177.34523010253906
2016-05-26,453.3840026855469,116.58000183105469,177.39601135253906
2016-05-27,473.4639892578125,115.62000274658203,178.15872192382812
2016-05-31,531.385986328125,116.05999755859375,177.8197479248047
2016-06-01,536.9199829101562,115.94000244140625,178.18409729003906
2016-06-02,537.9719848632812,115.66999816894531,178.7264862060547
2016-06-03,569.1939697265625,118.87999725341797,178.19261169433594
2016-06-06,585.5369873046875,118.91999816894531,179.09930419921875
2016-06-07,576.5969848632812,118.81999969482422,179.37899780273438
2016-06-08,581.64501953125,120.58000183105469,179.9636688232422
2016-06-09,574.6300048828125,121.25,179.7178955078125
2016-06-10,577.469970703125,121.73999786376953,178.0146484375
2016-06-13,704.3759765625,122.63999938964844,176.64181518554688
2016-06-14,685.5590209960938,122.7699966430664,176.29437255859375
2016-06-15,694.468994140625,123.68000030517578,176.0487060546875
2016-06-16,766.3079833984375,122.37999725341797,176.57408142089844
2016-06-17,748.9089965820312,123.94999694824219,175.91644287109375
2016-06-20,737.2260131835938,123.20999908447266,177.04934692382812
2016-06-21,666.6519775390625,120.83999633789062,177.55194091796875
2016-06-22,596.1160278320312,120.9000015258789,177.26235961914062
2016-06-23,623.9769897460938,120.11000061035156,179.5707244873047
2016-06-24,665.2990112304688,126.0,173.12255859375
2016-06-27,655.2750244140625,126.68000030517578,170.02195739746094
2016-06-28,647.0009765625,125.31999969482422,173.0884552001953
2016-06-29,639.8900146484375,125.83999633789062,176.0357208251953
2016-06-30,673.3369750976562,126.47000122070312,178.43783569335938
2016-07-01,676.2960205078125,128.41000366210938,178.81260681152344
2016-07-05,670.6270141601562,129.47000122070312,177.5264129638672
2016-07-06,677.3309936523438,130.22999572753906,178.5911102294922
2016-07-07,640.56201171875,129.74000549316406,178.4804229736328
2016-07-08,666.5230102539062,130.52000427246094,181.13807678222656
2016-07-11,647.6589965820312,129.2899932861328,181.77691650390625
2016-07-12,664.551025390625,127.1500015258789,183.0972900390625
2016-07-13,654.468017578125,128.32000732421875,183.0717010498047
2016-07-14,658.0780029296875,127.33000183105469,184.09390258789062
2016-07-15,663.2550048828125,126.83999633789062,183.84686279296875
2016-07-18,673.1060180664062,127.04000091552734,184.3408966064453
2016-07-19,672.864013671875,127.20999908447266,184.15353393554688
2016-07-20,665.6849975585938,125.38999938964844,184.92015075683594
2016-07-21,665.0120239257812,127.30000305175781,184.2216796875
2016-07-22,650.6190185546875,126.3499984741211,185.04783630371094
2016-07-25,654.0969848632812,125.47000122070312,184.54530334472656
2016-07-26,651.7839965820312,126.0,184.63052368164062
2016-07-27,654.3519897460938,128.02999877929688,184.43463134765625
2016-07-28,655.0349731445312,127.66000366210938,184.64756774902344
2016-07-29,656.9920043945312,128.97999572753906,184.9456787109375
2016-08-01,606.27197265625,129.22000122070312,184.79234313964844
2016-08-02,547.4650268554688,130.27000427246094,183.60833740234375
2016-08-03,566.35498046875,129.64999389648438,184.14492797851562
2016-08-04,578.2890014648438,129.8699951171875,184.3408966064453
2016-08-05,575.0430297851562,127.55000305175781,185.84860229492188
2016-08-08,591.0540161132812,127.44000244140625,185.7379150390625
2016-08-09,587.801025390625,127.95999908447266,185.84860229492188
2016-08-10,592.10302734375,128.55999755859375,185.3886260986328
2016-08-11,589.1199951171875,127.66999816894531,186.24896240234375
2016-08-12,587.5590209960938,127.4000015258789,186.0871124267578
2016-08-15,567.239990234375,127.83999633789062,186.6237335205078
2016-08-16,577.4390258789062,128.47000122070312,185.6612091064453
2016-08-17,573.2160034179688,128.5,186.0104217529297
2016-08-18,574.3179931640625,129.11000061035156,186.42787170410156
2016-08-19,575.6300048828125,127.97000122070312,186.1553192138672
2016-08-22,586.7529907226562,127.77999877929688,186.14674377441406
2016-08-23,583.4149780273438,127.76000213623047,186.5215301513672
2016-08-24,580.1820068359375,126.33999633789062,185.5675506591797
2016-08-25,577.760986328125,126.2300033569336,185.4397430419922
2016-08-26,579.6510009765625,126.05000305175781,185.09048461914062
2016-08-29,574.1069946289062,126.30000305175781,186.00198364257812
2016-08-30,577.5029907226562,125.02999877929688,185.6952667236328
2016-08-31,575.4719848632812,124.77999877929688,185.16714477539062
2016-09-01,572.302978515625,125.29000091552734,185.17568969726562
2016-09-02,575.5369873046875,126.56999969482422,186.0104217529297
2016-09-06,610.4359741210938,128.7100067138672,186.57264709472656
2016-09-07,614.5440063476562,128.27000427246094,186.5556182861328
2016-09-08,626.3159790039062,127.58999633789062,186.12969970703125
2016-09-09,622.8610229492188,126.75,181.6747283935547
2016-09-12,608.2429809570312,126.58999633789062,184.28126525878906
2016-09-13,609.2410278320312,125.75,181.63218688964844
2016-09-14,610.6840209960938,126.18000030517578,181.56399536132812
2016-09-15,607.155029296875,125.37000274658203,183.37832641601562
2016-09-16,606.9730224609375,125.05999755859375,182.66944885253906
2016-09-19,609.2269897460938,125.31999969482422,182.70376586914062
2016-09-20,608.31201171875,125.44000244140625,182.71229553222656
2016-09-21,597.1489868164062,127.2699966430664,184.76698303222656
2016-09-22,596.2979736328125,127.56999969482422,185.9312744140625
2016-09-23,602.8419799804688,127.6500015258789,184.91253662109375
2016-09-26,608.0430297851562,127.55000305175781,183.41432189941406
2016-09-27,606.166015625,126.62000274658203,184.5529022216797
2016-09-28,604.72802734375,126.22000122070312,185.46893310546875
2016-09-29,605.6929931640625,126.06999969482422,183.79098510742188
2016-09-30,609.7349853515625,125.63999938964844,185.17791748046875
2016-10-03,612.1329956054688,125.31999969482422,184.7327117919922
2016-10-04,610.2039794921875,120.97000122070312,183.79098510742188
2016-10-05,612.510986328125,120.77999877929688,184.6042938232422
2016-10-06,613.02099609375,119.66000366210938,184.7327117919922
2016-10-07,617.1209716796875,119.73999786376953,184.09915161132812
2016-10-10,618.9940185546875,120.16000366210938,185.0580291748047
2016-10-11,641.072021484375,119.55000305175781,182.72084045410156
2016-10-12,636.1920166015625,119.73999786376953,182.9605712890625
2016-10-13,636.7860107421875,120.02999877929688,182.36126708984375
2016-10-14,640.3779907226562,119.36000061035156,182.4554901123047
2016-10-17,639.1929931640625,119.68000030517578,181.8219451904297
2016-10-18,637.9600219726562,120.41999816894531,182.9605712890625
2016-10-19,630.52001953125,121.11000061035156,183.44854736328125
2016-10-20,630.8569946289062,120.73999786376953,183.10614013671875
2016-10-21,632.8280029296875,120.83000183105469,183.1916961669922
2016-10-24,653.760986328125,120.55999755859375,183.97079467773438
2016-10-25,657.5880126953125,121.47000122070312,183.35440063476562
2016-10-26,678.3040161132812,120.79000091552734,182.98623657226562
2016-10-27,688.31298828125,121.01000213623047,182.4982452392578
2016-10-28,689.6510009765625,121.58000183105469,181.95889282226562
2016-10-31,700.9719848632812,121.94000244140625,181.96746826171875
2016-11-01,729.7930297851562,122.7300033569336,180.64901733398438
2016-11-02,740.8289794921875,123.63999938964844,179.56178283691406
2016-11-03,688.7000122070312,124.30000305175781,178.7399139404297
2016-11-04,703.2349853515625,124.38999938964844,178.54302978515625
2016-11-07,703.1309814453125,122.1500015258789,182.48117065429688
2016-11-08,709.8480224609375,121.63999938964844,183.30294799804688
2016-11-09,723.2730102539062,121.55999755859375,185.24636840820312
2016-11-10,715.5339965820312,119.75,185.70872497558594
2016-11-11,716.4110107421875,117.0999984741211,185.2805938720703
2016-11-14,705.02099609375,116.11000061035156,185.42617797851562
2016-11-15,711.6190185546875,117.12000274658203,186.8730010986328
2016-11-16,744.197998046875,116.7699966430664,186.52200317382812
2016-11-17,740.9769897460938,116.16999816894531,187.48086547851562
2016-11-18,751.5850219726562,115.1500015258789,187.06134033203125
2016-11-21,739.2479858398438,115.58000183105469,188.47396850585938
2016-11-22,751.3469848632812,115.54000091552734,188.84205627441406
2016-11-23,744.593994140625,113.25,188.9447784423828
2016-11-25,741.6489868164062,112.61000061035156,189.64682006835938
2016-11-28,735.81298828125,113.80000305175781,188.75650024414062
2016-11-29,735.60400390625,113.2699966430664,189.12457275390625
2016-11-30,745.6909790039062,111.75,188.67088317871094
2016-12-01,756.7739868164062,111.54000091552734,187.97738647460938
2016-12-02,777.9439697265625,112.13999938964844,188.0716094970703
2016-12-05,758.7000122070312,111.54000091552734,189.20166015625
2016-12-06,764.2239990234375,111.43000030517578,189.8009796142578
2016-12-07,768.1320190429688,111.83000183105469,192.28372192382812
2016-12-08,770.8099975585938,111.56999969482422,192.7544708251953
2016-12-09,772.7940063476562,110.4000015258789,193.91885375976562
2016-12-12,780.0869750976562,110.81999969482422,193.6962432861328
2016-12-13,780.5560302734375,110.44999694824219,194.98898315429688
2016-12-14,781.4810180664062,108.83000183105469,193.37948608398438
2016-12-15,778.0880126953125,107.33999633789062,194.1756591796875
2016-12-16,784.906982421875,108.05000305175781,193.79595947265625
2016-12-19,792.7139892578125,108.58999633789062,194.21788024902344
2016-12-20,800.8759765625,107.79000091552734,194.96707153320312
2016-12-21,834.281005859375,107.8499984741211,194.424560546875
2016-12-22,864.5399780273438,107.58999633789062,194.0886993408203
2016-12-23,921.9840087890625,107.93000030517578,194.37290954589844
2016-12-27,933.197998046875,108.55999755859375,194.85513305664062
2016-12-28,975.9210205078125,108.86000061035156,193.2447509765625
2016-12-29,973.4970092773438,110.29000091552734,193.2017364501953
2016-12-30,961.2379760742188,109.61000061035156,192.4955596923828
2017-01-03,1043.8399658203125,110.47000122070312,193.96815490722656
2017-01-04,1154.72998046875,110.86000061035156,195.1221160888672
2017-01-05,1013.3800048828125,112.58000183105469,194.96707153320312
2017-01-06,902.2009887695312,111.75,195.66461181640625
2017-01-09,902.8280029296875,112.66999816894531,195.018798828125
2017-01-10,907.6790161132812,113.1500015258789,195.018798828125
2017-01-11,777.7570190429688,113.5,195.56993103027344
2017-01-12,804.833984375,113.91000366210938,195.0790557861328
2017-01-13,823.9840087890625,114.20999908447266,195.52685546875
2017-01-17,907.93798828125,115.8499984741211,194.83790588378906
2017-01-18,886.6179809570312,114.87000274658203,195.26849365234375
2017-01-19,899.072998046875,114.7699966430664,194.54518127441406
2017-01-20,895.0260009765625,115.05000305175781,195.25990295410156
2017-01-23,921.0120239257812,115.79000091552734,194.75180053710938
2017-01-24,892.68701171875,115.2699966430664,196.00050354003906
2017-01-25,901.5419921875,114.31999969482422,197.6969451904297
2017-01-26,917.5859985351562,113.26000213623047,197.49029541015625
2017-01-27,919.75,113.48999786376953,197.18028259277344
2017-01-30,920.3820190429688,113.97000122070312,195.95741271972656
2017-01-31,970.4030151367188,115.55000305175781,195.94021606445312
2017-02-01,989.0230102539062,115.19999694824219,196.01768493652344
2017-02-02,1011.7999877929688,115.83999633789062,196.14688110351562
2017-02-03,1029.9100341796875,116.12999725341797,197.49887084960938
2017-02-06,1038.1500244140625,117.69999694824219,197.1457977294922
2017-02-07,1061.3499755859375,117.45999908447266,197.15444946289062
2017-02-08,1063.0699462890625,118.19000244140625,197.41281127929688
2017-02-09,994.3829956054688,117.29000091552734,198.583984375
2017-02-10,988.6740112304688,117.5999984741211,199.36761474609375
2017-02-13,990.6420288085938,116.80000305175781,200.4527130126953
2017-02-14,1004.5499877929688,116.93000030517578,201.25360107421875
2017-02-15,1007.47998046875,117.44999694824219,202.30422973632812
2017-02-16,1027.43994140625,118.08000183105469,202.13198852539062
2017-02-17,1046.2099609375,117.68000030517578,202.45059204101562
2017-02-21,1115.300048828125,117.75,203.6562042236328
2017-02-22,1117.43994140625,117.91000366210938,203.4753875732422
2017-02-23,1166.719970703125,118.94000244140625,203.61314392089844
2017-02-24,1173.6800537109375,119.69999694824219,203.87149047851562
2017-02-27,1179.969970703125,119.12000274658203,204.19020080566406
2017-02-28,1179.969970703125,119.2300033569336,203.6390380859375
2017-03-01,1222.5,119.05999755859375,206.48944091796875
2017-03-02,1251.010009765625,117.58000183105469,205.18910217285156
2017-03-03,1274.989990234375,117.51000213623047,205.3182373046875
2017-03-06,1272.8299560546875,116.72000122070312,204.70684814453125
2017-03-07,1223.5400390625,115.77999877929688,204.0954132080078
2017-03-08,1150.0,115.05999755859375,203.7164764404297
2017-03-09,1188.489990234375,114.47000122070312,203.974853515625
2017-03-10,1116.719970703125,114.72000122070312,204.6895751953125
2017-03-13,1231.9200439453125,114.73999786376953,204.79293823242188
2017-03-14,1240.0,114.12000274658203,204.00933837890625
2017-03-15,1249.6099853515625,116.25,205.7747039794922
2017-03-16,1187.81005859375,116.7300033569336,205.3699493408203
2017-03-17,1100.22998046875,116.98999786376953,205.00927734375
2017-03-20,1054.22998046875,117.51000213623047,204.7843475341797
2017-03-21,1120.5400390625,118.54000091552734,202.15504455566406
2017-03-22,1049.1400146484375,118.83000183105469,202.6307373046875
2017-03-23,1038.5899658203125,118.66999816894531,202.41453552246094
2017-03-24,937.52001953125,118.86000061035156,202.26748657226562
2017-03-27,1045.77001953125,119.52999877929688,202.05990600585938
2017-03-28,1047.1500244140625,119.04000091552734,203.53030395507812
2017-03-29,1039.969970703125,119.33000183105469,203.7205352783203
2017-03-30,1026.4300537109375,118.47000122070312,204.36923217773438
2017-03-31,1071.7900390625,118.72000122070312,203.89356994628906
2017-04-03,1143.81005859375,119.3499984741211,203.53892517089844
2017-04-04,1133.25,119.62000274658203,203.6686248779297
2017-04-05,1124.780029296875,119.62000274658203,203.06321716308594
2017-04-06,1182.6800537109375,119.18000030517578,203.63409423828125
2017-04-07,1176.9000244140625,119.45999908447266,203.4264373779297
2017-04-10,1187.1300048828125,119.45999908447266,203.5475311279297
2017-04-11,1205.010009765625,121.19000244140625,203.30538940429688
2017-04-12,1200.3699951171875,122.0199966430664,202.41453552246094
2017-04-13,1169.280029296875,122.5999984741211,201.099853515625
2017-04-17,1193.9100341796875,122.23999786376953,202.881591796875
2017-04-18,1211.6700439453125,122.81999969482422,202.276123046875
2017-04-19,1210.2900390625,121.7300033569336,201.90426635742188
2017-04-20,1229.0799560546875,121.95999908447266,203.5475311279297
2017-04-21,1222.050048828125,122.30999755859375,202.8988800048828
2017-04-24,1250.1500244140625,121.4800033569336,205.13034057617188
2017-04-25,1265.489990234375,120.25,206.32394409179688
2017-04-26,1281.0799560546875,120.83999633789062,206.19418334960938
2017-04-27,1317.72998046875,120.38999938964844,206.3671875
2017-04-28,1316.47998046875,120.7699966430664,205.91744995117188
2017-05-01,1421.5999755859375,119.66999816894531,206.4363555908203
2017-05-02,1452.8199462890625,119.6500015258789,206.51422119140625
2017-05-03,1490.0899658203125,117.9800033569336,206.2633819580078
2017-05-04,1537.6700439453125,116.79000091552734,206.5055694580078
2017-05-05,1555.449951171875,117.01000213623047,207.31854248046875
2017-05-08,1723.3499755859375,116.75,207.28399658203125
2017-05-09,1755.3599853515625,116.05000305175781,207.0936737060547
2017-05-10,1787.1300048828125,116.04000091552734,207.465576171875
2017-05-11,1848.5699462890625,116.5,207.0418243408203
2017-05-12,1724.239990234375,116.83000183105469,206.6958465576172
2017-05-15,1738.4300537109375,117.13999938964844,207.83750915527344
2017-05-16,1734.449951171875,117.6500015258789,207.6471710205078
2017-05-17,1839.0899658203125,119.79000091552734,203.96275329589844
2017-05-18,1888.6500244140625,118.80999755859375,204.7843475341797
2017-05-19,1987.7099609375,119.4000015258789,206.11631774902344
2017-05-22,2173.39990234375,119.9000015258789,207.16290283203125
2017-05-23,2320.419921875,119.13999938964844,207.62127685546875
2017-05-24,2443.639892578125,119.61000061035156,208.1056671142578
2017-05-25,2304.97998046875,119.4800033569336,209.1002655029297
2017-05-26,2202.419921875,120.54000091552734,209.0570526123047
2017-05-30,2175.469970703125,120.13999938964844,208.87539672851562
2017-05-31,2286.409912109375,120.62000274658203,208.823486328125
2017-06-01,2407.8798828125,120.72000122070312,210.484130859375
2017-06-02,2488.550048828125,121.61000061035156,211.18470764160156
2017-06-05,2686.81005859375,121.7300033569336,211.029052734375
2017-06-06,2863.199951171875,123.0999984741211,210.3543701171875
2017-06-07,2732.159912109375,122.44999694824219,210.74362182617188
2017-06-08,2805.6201171875,121.6500015258789,210.84744262695312
2017-06-09,2823.81005859375,120.54000091552734,210.52740478515625
2017-06-12,2659.6298828125,120.36000061035156,210.484130859375
2017-06-13,2717.02001953125,120.4800033569336,211.5133819580078
2017-06-14,2506.3701171875,119.81999969482422,211.2452850341797
2017-06-15,2464.580078125,119.31999969482422,210.8387451171875
2017-06-16,2518.56005859375,119.33999633789062,210.88482666015625
2017-06-19,2589.60009765625,118.43000030517578,212.6404266357422
2017-06-20,2721.7900390625,118.18000030517578,211.20635986328125
2017-06-21,2689.10009765625,118.5199966430664,211.1542205810547
2017-06-22,2705.409912109375,118.91999816894531,211.05862426757812
2017-06-23,2744.909912109375,119.43000030517578,211.31069946289062
2017-06-26,2478.449951171875,118.36000061035156,211.44973754882812
2017-06-27,2552.449951171875,118.80999755859375,209.7462615966797
2017-06-28,2574.7900390625,118.9000015258789,211.62359619140625
2017-06-29,2539.320068359375,118.31999969482422,209.76364135742188
2017-06-30,2480.840087890625,118.0199966430664,210.15480041503906
2017-07-03,2564.06005859375,116.08999633789062,210.51109313964844
2017-07-05,2601.989990234375,116.5199966430664,210.99781799316406
2017-07-06,2608.56005859375,116.47000122070312,209.06834411621094
2017-07-07,2518.659912109375,115.27999877929688,210.42417907714844
2017-07-10,2372.56005859375,115.47000122070312,210.6501007080078
2017-07-11,2337.7900390625,115.62000274658203,210.4936981201172
2017-07-12,2398.840087890625,116.02999877929688,212.0754852294922
2017-07-13,2357.89990234375,115.81999969482422,212.43182373046875
2017-07-14,2233.340087890625,116.7699966430664,213.4226837158203
2017-07-17,2228.409912109375,117.29000091552734,213.3966064453125
2017-07-18,2318.8798828125,118.11000061035156,213.5095672607422
2017-07-19,2273.429931640625,118.08000183105469,214.66546630859375
2017-07-20,2817.60009765625,118.23999786376953,214.76113891601562
2017-07-21,2667.760009765625,119.26000213623047,214.56993103027344
2017-07-24,2754.860107421875,119.30999755859375,214.5177764892578
2017-07-25,2576.47998046875,118.91999816894531,215.0392303466797
2017-07-26,2529.449951171875,119.87999725341797,215.04794311523438
2017-07-27,2671.780029296875,119.79000091552734,214.84799194335938
2017-07-28,2809.010009765625,120.69000244140625,214.59596252441406
2017-07-31,2875.340087890625,120.75,214.47430419921875
2017-08-01,2718.260009765625,120.6500015258789,214.9522705078125
2017-08-02,2710.669921875,120.4000015258789,215.05661010742188
2017-08-03,2804.72998046875,120.58999633789062,214.63941955566406
2017-08-04,2895.889892578125,119.6500015258789,215.0305633544922
2017-08-07,3378.93994140625,119.51000213623047,215.43031311035156
2017-08-08,3419.93994140625,119.86000061035156,214.900146484375
2017-08-09,3342.469970703125,121.30999755859375,214.8914794921875
2017-08-10,3381.280029296875,122.20999908447266,211.85821533203125
2017-08-11,3650.6201171875,122.79000091552734,212.17112731933594
2017-08-14,4325.1298828125,121.91999816894531,214.27442932128906
2017-08-15,4181.93017578125,120.9800033569336,214.2483673095703
2017-08-16,4376.6298828125,121.87000274658203,214.6220703125
2017-08-17,4331.68994140625,122.48999786376953,211.27587890625
2017-08-18,4160.6201171875,122.30000305175781,210.94561767578125
2017-08-21,4001.739990234375,122.76000213623047,211.11087036132812
2017-08-22,4100.52001953125,122.20999908447266,213.31837463378906
2017-08-23,4151.52001953125,122.66999816894531,212.5535888671875
2017-08-24,4334.68017578125,122.29000091552734,212.05813598632812
2017-08-25,4371.60009765625,122.73999786376953,212.5535888671875
2017-08-28,4382.66015625,124.69000244140625,212.56222534179688
2017-08-29,4579.02001953125,124.41999816894531,212.8055877685547
2017-08-30,4565.2998046875,124.36000061035156,213.81378173828125
2017-08-31,4703.39013671875,125.81999969482422,215.10008239746094
2017-09-01,4892.009765625,126.05999755859375,215.404296875
2017-09-05,4376.52978515625,127.45999908447266,213.85723876953125
2017-09-06,4597.1201171875,126.80999755859375,214.5872802734375
2017-09-07,4599.8798828125,128.1300048828125,214.56121826171875
2017-09-08,4228.75,127.97000122070312,214.30918884277344
2017-09-11,4161.27001953125,126.19000244140625,216.59498596191406
2017-09-12,4130.81005859375,126.55999755859375,217.32505798339844
2017-09-13,3882.590087890625,125.61000061035156,217.42935180664062
2017-09-14,3154.949951171875,126.16000366210938,217.3597869873047
2017-09-15,3637.52001953125,125.52999877929688,217.6523895263672
2017-09-18,4065.199951171875,124.36000061035156,218.11534118652344
2017-09-19,3924.969970703125,124.62000274658203,218.33372497558594
2017-09-20,3905.949951171875,123.62000274658203,218.41229248046875
2017-09-21,3631.0400390625,122.68000030517578,217.8271026611328
2017-09-22,3630.699951171875,123.23999786376953,217.87074279785156
2017-09-25,3926.070068359375,124.52999877929688,217.42535400390625
2017-09-26,3892.35009765625,123.13999938964844,217.55636596679688
2017-09-27,4200.669921875,121.9800033569336,218.40357971191406
2017-09-28,4174.72998046875,122.20999908447266,218.66561889648438
2017-09-29,4163.06982421875,121.58000183105469,219.4342041015625
2017-10-02,4409.31982421875,120.7699966430664,220.38629150390625
2017-10-03,4317.47998046875,120.83000183105469,220.85792541503906
2017-10-04,4229.35986328125,121.16999816894531,221.1199951171875
2017-10-05,4328.41015625,120.5199966430664,222.43014526367188
2017-10-06,4370.81005859375,121.08999633789062,222.17678833007812
2017-10-09,4772.02001953125,122.08000183105469,221.8099822998047
2017-10-10,4781.990234375,122.4000015258789,222.3951416015625
2017-10-11,4826.47998046875,122.79000091552734,222.74453735351562
2017-10-12,5446.91015625,122.88999938964844,222.4126434326172
2017-10-13,5647.2099609375,123.81999969482422,222.68344116210938
2017-10-16,5725.58984375,122.97000122070312,222.98040771484375
2017-10-17,5605.509765625,122.12999725341797,223.13763427734375
2017-10-18,5590.68994140625,121.66999816894531,223.35598754882812
2017-10-19,5708.52001953125,122.38999938964844,223.41709899902344
2017-10-20,6011.4501953125,121.61000061035156,224.5700225830078
2017-10-23,5930.31982421875,121.80000305175781,223.69659423828125
2017-10-24,5526.64013671875,121.33000183105469,224.08963012695312
2017-10-25,5750.7998046875,121.3499984741211,222.98040771484375
2017-10-26,5904.830078125,120.33000183105469,223.26861572265625
2017-10-27,5780.89990234375,120.9000015258789,225.09408569335938
2017-10-30,6130.52978515625,121.12999725341797,224.25559997558594
2017-10-31,6468.39990234375,120.66999816894531,224.60498046875
2017-11-01,6767.31005859375,121.11000061035156,224.90196228027344
2017-11-02,7078.5,121.19000244140625,224.98928833007812
2017-11-03,7207.759765625,120.62000274658203,225.740478515625
2017-11-06,7022.759765625,121.6500015258789,226.08984375
2017-11-07,7144.3798828125,121.20999908447266,225.9326171875
2017-11-08,7459.68994140625,121.62999725341797,226.31692504882812
2017-11-09,7143.580078125,122.12999725341797,225.495849609375
2017-11-10,6618.14013671875,121.12999725341797,225.42596435546875
2017-11-13,6559.490234375,121.30999755859375,225.63565063476562
2017-11-14,6635.75,121.55999755859375,225.111572265625
2017-11-15,7315.5400390625,121.41000366210938,223.98484802246094
2017-11-16,7871.68994140625,121.4000015258789,225.88894653320312
2017-11-17,7708.990234375,122.86000061035156,225.22509765625
2017-11-20,8200.6396484375,121.30999755859375,225.6094207763672
2017-11-21,8071.259765625,121.51000213623047,227.08560180664062
2017-11-22,8253.5498046875,122.62999725341797,226.88467407226562
2017-11-24,8253.6904296875,122.31999969482422,227.40872192382812
2017-11-27,9818.349609375,122.83000183105469,227.29515075683594
2017-11-28,10058.7998046875,122.80999755859375,229.60108947753906
2017-11-29,9888.6103515625,122.04000091552734,229.46131896972656
2017-11-30,10233.599609375,121.0999984741211,231.47027587890625
2017-12-01,10975.599609375,121.58999633789062,230.98980712890625
2017-12-04,11657.2001953125,121.18000030517578,230.7103271484375
2017-12-05,11916.7001953125,120.31999969482422,229.8805389404297
2017-12-06,14291.5,120.06999969482422,229.9242706298828
2017-12-07,17899.69921875,118.48999786376953,230.6492156982422
2017-12-08,16569.400390625,118.4800033569336,231.906982421875
2017-12-11,16936.80078125,118.01000213623047,232.605712890625
2017-12-12,17415.400390625,118.1500015258789,233.01625061035156
2017-12-13,16408.19921875,119.16999816894531,232.9900360107422
2017-12-14,16564.0,118.93000030517578,232.0380401611328
2017-12-15,17706.900390625,119.18000030517578,233.97023010253906
2017-12-18,19114.19921875,119.7300033569336,235.45391845703125
2017-12-19,17776.69921875,119.81999969482422,234.5496826171875
2017-12-20,16624.599609375,120.13999938964844,234.42674255371094
2017-12-21,15802.900390625,120.30999755859375,234.9095916748047
2017-12-22,13831.7998046875,120.94000244140625,234.8480987548828
2017-12-26,16099.7998046875,121.7699966430664,234.5671844482422
2017-12-27,15838.5,122.2300033569336,234.68133544921875
2017-12-28,14606.5,122.8499984741211,235.16419982910156
2017-12-29,14656.2001953125,123.6500015258789,234.27752685546875
2018-01-02,14982.099609375,125.1500015258789,235.95425415039062
2018-01-03,15201.0,124.81999969482422,237.44679260253906
2018-01-04,15599.2001953125,125.45999908447266,238.447509765625
2018-01-05,17429.5,125.33000183105469,240.03659057617188
2018-01-08,15170.099609375,125.30999755859375,240.47547912597656
2018-01-09,14595.400390625,124.7300033569336,241.01988220214844
2018-01-10,14973.2998046875,125.02999877929688,240.65097045898438
2018-01-11,13405.7998046875,125.44000244140625,242.40695190429688
2018-01-12,13980.599609375,126.95999908447266,243.98703002929688
2018-01-16,11490.5,127.16999816894531,243.15316772460938
2018-01-17,11188.599609375,126.13999938964844,245.4707489013672
2018-01-18,11474.900390625,125.86000061035156,245.05816650390625
2018-01-19,11607.400390625,126.41999816894531,246.17308044433594
2018-01-22,10931.400390625,126.6500015258789,248.1746826171875
2018-01-23,10868.400390625,127.27999877929688,248.70144653320312
2018-01-24,11359.400390625,128.8300018310547,248.6049041748047
2018-01-25,11259.400390625,127.97000122070312,248.71017456054688
2018-01-26,11171.400390625,128.07000732421875,251.5897216796875
2018-01-29,11296.400390625,127.3499984741211,249.92172241210938
2018-01-30,10106.2998046875,126.80000305175781,247.35826110839844
2018-01-31,10221.099609375,127.6500015258789,247.481201171875
2018-02-01,9170.5400390625,128.07000732421875,247.20025634765625
2018-02-02,8830.75,126.38999938964844,241.81869506835938
2018-02-05,6955.27001953125,126.70999908447266,231.7052764892578
2018-02-06,7754.0,125.37999725341797,236.27037048339844
2018-02-07,7621.2998046875,124.79000091552734,234.9886016845703
2018-02-08,8265.58984375,124.9800033569336,226.1744384765625
2018-02-09,8736.98046875,124.7699966430664,229.5719451904297
2018-02-12,8926.5703125,125.37000274658203,232.9430694580078
2018-02-13,8598.3095703125,126.08000183105469,233.5225067138672
2018-02-14,9494.6298828125,128.22999572753906,236.6741943359375
2018-02-15,10166.400390625,128.3800048828125,239.69418334960938
2018-02-16,10233.900390625,127.95999908447266,239.7643280029297
2018-02-20,11403.7001953125,126.23999786376953,238.26319885253906
2018-02-21,10690.400390625,125.66000366210938,237.07798767089844
2018-02-22,10005.0,126.30000305175781,237.3852996826172
2018-02-23,10301.099609375,126.13999938964844,241.16905212402344
2018-02-26,10366.7001953125,126.44999694824219,243.96949768066406
2018-02-27,10725.599609375,125.12999725341797,240.92320251464844
2018-02-28,10397.900390625,125.0,238.48263549804688
2018-03-01,10951.0,124.72000122070312,235.0149383544922
2018-03-02,11086.400390625,125.38999938964844,236.2263641357422
2018-03-05,11573.2998046875,125.18000030517578,238.95672607421875
2018-03-06,10779.900390625,126.52999877929688,239.5624542236328
2018-03-07,9965.5703125,125.72000122070312,239.47459411621094
2018-03-08,9395.009765625,125.41999816894531,240.63351440429688
2018-03-09,9337.5498046875,125.54000091552734,244.82110595703125
2018-03-12,9205.1201171875,125.54000091552734,244.51382446289062
2018-03-13,9194.849609375,125.77999877929688,242.93365478515625
2018-03-14,8269.8095703125,125.69999694824219,241.68701171875
2018-03-15,8300.8603515625,124.9000015258789,241.42364501953125
2018-03-16,8338.349609375,124.5999984741211,241.68536376953125
2018-03-19,8630.650390625,124.87000274658203,238.41537475585938
2018-03-20,8913.4697265625,124.30999755859375,238.82078552246094
2018-03-21,8929.2802734375,126.4800033569336,238.362548828125
2018-03-22,8728.4697265625,125.9800033569336,232.4040985107422
2018-03-23,8879.6201171875,127.61000061035156,227.450439453125
2018-03-26,8209.400390625,128.27999877929688,233.67330932617188
2018-03-27,7833.0400390625,127.48999786376953,229.69810485839844
2018-03-28,7954.47998046875,125.7300033569336,229.0194091796875
2018-03-29,7165.7001953125,125.79000091552734,231.94577026367188
2018-04-02,7083.7998046875,127.26000213623047,226.93930053710938
2018-04-03,7456.10986328125,126.30000305175781,229.8479461669922
2018-04-04,6853.83984375,126.44999694824219,232.30711364746094
2018-04-05,6811.47021484375,125.80000305175781,234.1405029296875
2018-04-06,6636.31982421875,126.38999938964844,228.92245483398438
2018-04-09,6770.72998046875,126.81999969482422,230.05067443847656
2018-04-10,6834.759765625,127.12000274658203,233.70852661132812
2018-04-11,6968.31982421875,128.11000061035156,232.48338317871094
2018-04-12,7889.25,126.62000274658203,234.39601135253906
2018-04-13,7895.9599609375,127.44999694824219,233.70852661132812
2018-04-16,8058.669921875,127.62999725341797,235.63003540039062
2018-04-17,7902.08984375,127.75,238.15090942382812
2018-04-18,8163.419921875,127.8499984741211,238.32723999023438
2018-04-19,8294.3095703125,127.5999984741211,237.005126953125
2018-04-20,8845.830078125,126.62999725341797,234.9954376220703
2018-04-23,8930.8798828125,125.62000274658203,234.960205078125
2018-04-24,9697.5,126.2300033569336,231.79592895507812
2018-04-25,8845.740234375,125.41000366210938,232.3688201904297
2018-04-26,9281.509765625,124.97000122070312,234.73095703125
2018-04-27,8987.0498046875,125.5,234.9514617919922
2018-04-30,9240.5498046875,124.58999633789062,233.14450073242188
2018-05-01,9119.009765625,123.70999908447266,233.5587158203125
2018-05-02,9235.919921875,123.6500015258789,231.9898681640625
2018-05-03,9743.8603515625,124.27999877929688,231.47862243652344
2018-05-04,9700.759765625,124.54000091552734,234.4754180908203
2018-05-07,9373.009765625,124.56999969482422,235.26870727539062
2018-05-08,9234.8203125,124.58999633789062,235.26870727539062
2018-05-09,9325.1796875,124.33000183105469,237.54275512695312
2018-05-10,9043.9404296875,125.18000030517578,239.76385498046875
2018-05-11,8441.490234375,125.0,240.4954833984375
2018-05-14,8716.7900390625,124.48999786376953,240.610107421875
2018-05-15,8510.3798828125,122.4800033569336,238.9530487060547
2018-05-16,8368.830078125,122.29000091552734,239.95779418945312
2018-05-17,8094.31982421875,122.36000061035156,239.7550811767578
2018-05-18,8250.9697265625,122.41000366210938,239.1556854248047
2018-05-21,8418.990234375,122.4800033569336,240.953857421875
2018-05-22,8041.77978515625,122.41000366210938,240.28399658203125
2018-05-23,7557.81982421875,122.54000091552734,240.945068359375
2018-05-24,7587.33984375,123.58999633789062,240.451416015625
2018-05-25,7480.14013671875,123.20999908447266,239.8785400390625
2018-05-29,7472.58984375,123.19000244140625,237.11964416503906
2018-05-30,7406.52001953125,123.37000274658203,240.28399658203125
2018-05-31,7494.169921875,123.0999984741211,238.8120574951172
2018-06-01,7541.4501953125,122.48999786376953,241.1565704345703
2018-06-04,7514.47021484375,122.37000274658203,242.30238342285156
2018-06-05,7633.759765625,122.8499984741211,242.4787139892578
2018-06-06,7653.97998046875,122.91999816894531,244.50596618652344
2018-06-07,7678.240234375,122.86000061035156,244.4795379638672
2018-06-08,7624.919921875,123.01000213623047,245.20230102539062
2018-06-11,6906.919921875,123.2300033569336,245.52841186523438
2018-06-12,6582.35986328125,122.81999969482422,245.84567260742188
2018-06-13,6349.89990234375,123.19000244140625,245.06121826171875
2018-06-14,6675.35009765625,123.37999725341797,245.67831420898438
2018-06-15,6456.580078125,121.33999633789062,245.36485290527344
2018-06-18,6734.81982421875,121.11000061035156,244.86019897460938
2018-06-19,6769.93994140625,120.80000305175781,243.92169189453125
2018-06-20,6776.5498046875,120.26000213623047,244.33770751953125
2018-06-21,6729.740234375,120.05000305175781,242.8060302734375
2018-06-22,6083.68994140625,120.33999633789062,243.24880981445312
2018-06-25,6249.18017578125,119.88999938964844,239.93751525878906
2018-06-26,6093.669921875,119.26000213623047,240.4687042236328
2018-06-27,6157.1298828125,118.58000183105469,238.47659301757812
2018-06-28,5903.43994140625,118.22000122070312,239.8400115966797
2018-06-29,6218.2998046875,118.6500015258789,240.18539428710938
2018-07-02,6614.18017578125,117.45999908447266,240.69886779785156
2018-07-03,6529.58984375,118.6500015258789,239.8488311767578
2018-07-05,6639.14013671875,119.05000305175781,241.80563354492188
2018-07-06,6673.5,118.86000061035156,243.85086059570312
2018-07-09,6741.75,119.1500015258789,246.04656982421875
2018-07-10,6329.9501953125,118.93000030517578,246.9319305419922
2018-07-11,6394.7099609375,117.63999938964844,245.12576293945312
2018-07-12,6228.81005859375,118.12999725341797,247.34812927246094
2018-07-13,6238.0498046875,117.61000061035156,247.54287719726562
2018-07-16,6741.75,117.55000305175781,247.321533203125
2018-07-17,7321.0400390625,116.27999877929688,248.3219757080078
2018-07-18,7370.77978515625,116.30999755859375,248.84437561035156
2018-07-19,7466.85986328125,115.80999755859375,247.90589904785156
2018-07-20,7354.1298828125,116.55999755859375,247.62254333496094
2018-07-23,7711.10986328125,116.0,248.0830078125
2018-07-24,8424.26953125,116.04000091552734,249.33132934570312
2018-07-25,8181.39013671875,116.68000030517578,251.45631408691406
2018-07-26,7951.580078125,115.7699966430664,250.86297607421875
2018-07-27,8165.009765625,115.83000183105469,249.16311645507812
2018-07-30,8180.47998046875,115.6500015258789,247.86158752441406
2018-07-31,7780.43994140625,115.98999786376953,249.08346557617188
2018-08-01,7624.91015625,115.13999938964844,248.66725158691406
2018-08-02,7567.14990234375,114.5199966430664,250.02195739746094
2018-08-03,7434.39013671875,114.91999816894531,251.0931854248047
2018-08-06,6951.7998046875,114.33000183105469,252.01400756835938
2018-08-07,6753.1201171875,114.58999633789062,252.84622192382812
2018-08-08,6305.7998046875,114.91000366210938,252.74005126953125
2018-08-09,6568.22998046875,114.73999786376953,252.39471435546875
2018-08-10,6184.7099609375,114.69000244140625,250.7036590576172
2018-08-13,6297.56982421875,112.95999908447266,249.7652587890625
2018-08-14,6199.7099609375,113.06999969482422,251.35882568359375
2018-08-15,6308.52001953125,111.19000244140625,249.48182678222656
2018-08-16,6334.72998046875,111.0999984741211,251.50048828125
2018-08-17,6580.6298828125,112.12999725341797,252.3858642578125
2018-08-20,6308.52978515625,112.69000244140625,252.92588806152344
2018-08-21,6488.759765625,113.0199966430664,253.51922607421875
2018-08-22,6376.7099609375,113.2699966430664,253.36863708496094
2018-08-23,6534.8798828125,112.19999694824219,253.03221130371094
2018-08-24,6719.9599609375,114.16000366210938,254.55511474609375
2018-08-27,6884.64013671875,114.58999633789062,256.5647888183594
2018-08-28,7096.27978515625,113.68000030517578,256.6888732910156
2018-08-29,7047.16015625,114.19999694824219,258.07000732421875
2018-08-30,6978.22998046875,113.63999938964844,257.0252380371094
2018-08-31,7037.580078125,113.51000213623047,257.0340576171875
2018-09-04,7361.66015625,112.93000030517578,256.5914001464844
2018-09-05,6792.830078125,113.31999969482422,255.9009246826172
2018-09-06,6529.169921875,113.54000091552734,255.13055419921875
2018-09-07,6467.06982421875,113.2300033569336,254.634765625
2018-09-10,6329.7001953125,113.1500015258789,255.07742309570312
2018-09-11,6321.2001953125,113.22000122070312,255.91851806640625
2018-09-12,6351.7998046875,114.16999816894531,255.98048400878906
2018-09-13,6517.31005859375,113.76000213623047,257.4945983886719
2018-09-14,6512.7099609375,113.0199966430664,257.538818359375
2018-09-17,6281.2001953125,113.61000061035156,256.17529296875
2018-09-18,6371.2998046875,113.44000244140625,257.56536865234375
2018-09-19,6398.5400390625,113.87999725341797,257.8398742675781
2018-09-20,6519.669921875,114.2699966430664,259.9292907714844
2018-09-21,6734.9501953125,113.48999786376953,259.69183349609375
2018-09-24,6595.41015625,113.47000122070312,258.8291015625
2018-09-25,6446.47021484375,113.6500015258789,258.58905029296875
2018-09-26,6495.0,113.05000305175781,257.8152160644531
2018-09-27,6676.75,112.05000305175781,258.53570556640625
2018-09-28,6644.1298828125,112.76000213623047,258.5622863769531
2018-10-01,6589.6201171875,112.56999969482422,259.4605407714844
2018-10-02,6556.10009765625,113.87000274658203,259.30938720703125
2018-10-03,6502.58984375,113.41999816894531,259.4516906738281
2018-10-04,6576.68994140625,113.4800033569336,257.42388916015625
2018-10-05,6622.47998046875,113.80000305175781,255.98312377929688
2018-10-08,6652.22998046875,112.54000091552734,255.98312377929688
2018-10-09,6642.64013671875,112.5999984741211,255.60951232910156
2018-10-10,6585.52978515625,112.87999725341797,247.5161590576172
2018-10-11,6256.240234375,115.77999877929688,242.06423950195312
2018-10-12,6274.580078125,115.2300033569336,245.42608642578125
2018-10-15,6596.5400390625,116.0,244.04754638671875
2018-10-16,6596.10986328125,115.80000305175781,249.38385009765625
2018-10-17,6544.43017578125,115.79000091552734,249.4282989501953
2018-10-18,6476.7099609375,115.91999816894531,245.82630920410156
2018-10-19,6465.41015625,116.01000213623047,245.69284057617188
2018-10-22,6487.16015625,115.70999908447266,244.59017944335938
2018-10-23,6475.740234375,116.38999938964844,243.34494018554688
2018-10-24,6495.83984375,116.66000366210938,235.97190856933594
2018-10-25,6476.2900390625,116.4000015258789,240.2053680419922
2018-10-26,6474.75,116.7699966430664,235.9807891845703
2018-10-29,6332.6298828125,116.30999755859375,234.67337036132812
2018-10-30,6334.27001953125,115.80000305175781,238.1510009765625
2018-10-31,6317.60986328125,115.1500015258789,240.69448852539062
2018-11-01,6377.77978515625,116.62999725341797,243.2559356689453
2018-11-02,6388.43994140625,116.6500015258789,241.815185546875
2018-11-05,6419.66015625,116.37000274658203,243.14927673339844
2018-11-06,6461.009765625,116.04000091552734,244.68788146972656
2018-11-07,6530.14013671875,116.02999877929688,249.9263916015625
2018-11-08,6453.72021484375,115.77999877929688,249.4728240966797
2018-11-09,6385.6201171875,114.4800033569336,247.03587341308594
2018-11-12,6371.27001953125,113.66000366210938,242.41995239257812
2018-11-13,6359.490234375,113.69999694824219,241.9663543701172
2018-11-14,5738.35009765625,114.63999938964844,240.3121337890625
2018-11-15,5648.02978515625,114.7699966430664,242.82017517089844
2018-11-16,5575.5498046875,115.62000274658203,243.45166015625
2018-11-19,4871.490234375,115.66999816894531,239.3337860107422
2018-11-20,4451.8701171875,115.66999816894531,234.9046173095703
2018-11-21,4602.169921875,115.86000061035156,235.70504760742188
2018-11-23,4347.10986328125,115.7699966430664,234.130859375
2018-11-26,3779.1298828125,115.63999938964844,237.9107666015625
2018-11-27,3820.719970703125,114.94999694824219,238.71116638183594
2018-11-28,4257.419921875,115.37999725341797,244.20767211914062
2018-11-29,4278.8466796875,115.73999786376953,243.67396545410156
2018-11-30,4017.2685546875,115.54000091552734,245.1591796875
2018-12-03,3894.130859375,116.41000366210938,248.40550231933594
2018-12-04,3956.893798828125,117.12000274658203,240.35655212402344
2018-12-06,3521.101806640625,117.13999938964844,239.9920196533203
2018-12-07,3419.937255859375,118.08999633789062,234.41552734375
2018-12-10,3502.656005859375,117.68000030517578,234.8602294921875
2018-12-11,3424.588134765625,117.54000091552734,234.91358947753906
2018-12-12,3486.9501953125,117.79000091552734,236.09640502929688
2018-12-13,3313.67724609375,117.52999877929688,236.01638793945312
2018-12-14,3242.48486328125,117.05999755859375,231.65841674804688
2018-12-17,3545.86474609375,117.87000274658203,227.11363220214844
2018-12-18,3696.05908203125,118.1500015258789,226.8646240234375
2018-12-19,3745.95068359375,117.43000030517578,223.46713256835938
2018-12-20,4134.44140625,119.23999786376953,219.82955932617188
2018-12-21,3896.543701171875,118.72000122070312,215.32528686523438
2018-12-24,4078.59912109375,120.0199966430664,209.63584899902344
2018-12-26,3857.297607421875,119.66000366210938,220.2276153564453
2018-12-27,3654.83349609375,120.56999969482422,221.9184112548828
2018-12-28,3923.918701171875,121.05999755859375,221.63211059570312
2018-12-31,3742.700439453125,121.25,223.57334899902344
2019-01-02,3943.409423828125,121.33000183105469,223.80593872070312
2019-01-03,3836.7412109375,122.43000030517578,218.46533203125
2019-01-04,3857.717529296875,121.44000244140625,225.78297424316406
2019-01-07,4025.248291015625,121.86000061035156,227.5631866455078
2019-01-08,4030.847900390625,121.52999877929688,229.70123291015625
2019-01-09,4035.29638671875,122.30999755859375,230.77467346191406
2019-01-10,3678.924560546875,121.58999633789062,231.58885192871094
2019-01-11,3687.365478515625,121.80000305175781,231.6782989501953
2019-01-14,3706.05224609375,122.08999633789062,230.2648162841797
2019-01-15,3630.67529296875,121.87999725341797,232.90386962890625
2019-01-16,3655.0068359375,122.2699966430664,233.46743774414062
2019-01-17,3678.56396484375,122.11000061035156,235.2387237548828
2019-01-18,3657.83935546875,121.0199966430664,238.36968994140625
2019-01-22,3604.5771484375,121.44999694824219,235.1492156982422
2019-01-23,3585.123046875,121.27999877929688,235.64125061035156
2019-01-24,3600.865478515625,121.08999633789062,235.7664794921875
2019-01-25,3599.765869140625,122.86000061035156,237.76141357421875
2019-01-28,3470.450439453125,123.29000091552734,235.95437622070312
2019-01-29,3448.116943359375,123.9800033569336,235.64125061035156
2019-01-30,3486.181640625,124.69000244140625,239.37167358398438
2019-01-31,3457.792724609375,124.75,241.47389221191406
2019-02-01,3487.9453125,124.5,241.59027099609375
2019-02-04,3459.154052734375,123.95999908447266,243.28993225097656
2019-02-05,3466.357421875,124.27999877929688,244.30975341796875
2019-02-06,3413.767822265625,123.44000244140625,243.9876708984375
2019-02-07,3399.4716796875,123.73999786376953,241.6618194580078
2019-02-08,3666.7802734375,124.20999908447266,241.9569549560547
2019-02-11,3648.4306640625,123.5999984741211,242.0911407470703
2019-02-12,3653.528564453125,123.86000061035156,245.20431518554688
2019-02-13,3632.070556640625,123.37000274658203,246.00042724609375
2019-02-14,3616.880859375,124.05999755859375,245.454833984375
2019-02-15,3620.810791015625,124.80000305175781,248.1295928955078
2019-02-19,3947.094482421875,126.69999694824219,248.55897521972656
2019-02-20,3999.820556640625,126.4800033569336,249.05996704101562
2019-02-21,3954.1181640625,125.05000305175781,248.17431640625
2019-02-22,4005.526611328125,125.5,249.7129669189453
2019-02-25,3882.6962890625,125.37000274658203,250.05296325683594
2019-02-26,3854.35791015625,125.58000183105469,249.87396240234375
2019-02-27,3851.04736328125,124.69000244140625,249.76666259765625
2019-02-28,3854.785400390625,123.98999786376953,249.30148315429688
2019-03-01,3859.583740234375,121.87999725341797,250.85813903808594
2019-03-04,3761.55712890625,121.55999755859375,249.9456024169922
2019-03-05,3896.375,121.72000122070312,249.605712890625
2019-03-06,3903.942626953125,121.61000061035156,248.0938720703125
2019-03-07,3911.484375,121.51000213623047,246.01840209960938
2019-03-08,3901.131591796875,122.83999633789062,245.5263671875
2019-03-11,3905.227294921875,122.23999786376953,249.08688354492188
2019-03-12,3909.15625,122.9800033569336,250.026123046875
2019-03-13,3906.71728515625,123.83999633789062,251.6811065673828
2019-03-14,3924.369140625,122.41000366210938,251.52011108398438
2019-03-15,3960.9111328125,122.97000122070312,252.7627410888672
2019-03-18,4032.50732421875,123.04000091552734,253.67919921875
2019-03-19,4071.190185546875,123.37999725341797,253.7421112060547
2019-03-20,4087.476318359375,124.18000030517578,252.9783477783203
2019-03-21,4029.326904296875,123.68000030517578,255.83567810058594
2019-03-22,4023.96826171875,123.97000122070312,250.91171264648438
2019-03-25,3963.070556640625,124.91999816894531,250.72312927246094
2019-03-26,3985.080810546875,124.30000305175781,252.59194946289062
2019-03-27,4087.066162109375,123.6500015258789,251.27114868164062
2019-03-28,4069.107177734375,121.9000015258789,252.2235870361328
2019-03-29,4098.37451171875,122.01000213623047,253.81394958496094
2019-04-01,4158.18310546875,121.52999877929688,256.8240051269531
2019-04-02,4879.8779296875,121.9800033569336,256.9497985839844
2019-04-03,4973.02197265625,121.80000305175781,257.35418701171875
2019-04-04,4922.798828125,122.11000061035156,258.0370178222656
2019-04-05,5036.68115234375,121.9800033569336,259.2859802246094
2019-04-08,5289.77099609375,122.51000213623047,259.483642578125
2019-04-09,5204.95849609375,123.1500015258789,258.15386962890625
2019-04-10,5324.5517578125,123.52999877929688,259.0344543457031
2019-04-11,5064.48779296875,121.94999694824219,258.9624938964844
2019-04-12,5089.5390625,121.83000183105469,260.714599609375
2019-04-15,5067.1083984375,121.5999984741211,260.5438537597656
2019-04-16,5235.5595703125,120.51000213623047,260.714599609375
2019-04-17,5251.93798828125,120.27999877929688,260.0766296386719
2019-04-18,5298.3857421875,120.37000274658203,260.58880615234375
2019-04-22,5399.365234375,120.37000274658203,260.81341552734375
2019-04-23,5572.3623046875,120.12000274658203,263.1585693359375
2019-04-24,5464.86669921875,120.47000122070312,262.5746154785156
2019-04-25,5210.515625,120.56999969482422,262.4128112792969
2019-04-26,5279.34814453125,121.37000274658203,263.63482666015625
2019-04-29,5247.3525390625,120.83000183105469,264.0481872558594
2019-04-30,5350.7265625,121.19999694824219,264.1828918457031
2019-05-01,5402.697265625,120.4000015258789,262.19720458984375
2019-05-02,5505.28369140625,119.94000244140625,261.6310729980469
2019-05-03,5768.28955078125,120.6500015258789,264.19183349609375
2019-05-06,5746.80712890625,120.80999755859375,263.10467529296875
2019-05-07,5829.50146484375,121.20999908447266,258.7109069824219
2019-05-08,5982.45751953125,120.91000366210938,258.35150146484375
2019-05-09,6174.52880859375,121.19999694824219,257.56976318359375
2019-05-10,6378.84912109375,121.43000030517578,258.8636474609375
2019-05-13,7814.9150390625,122.66999816894531,252.3583526611328
2019-05-14,7994.416015625,122.45999908447266,254.64064025878906
2019-05-15,8205.16796875,122.38999938964844,256.13214111328125
2019-05-16,7884.9091796875,121.51000213623047,258.5041809082031
2019-05-17,7343.8955078125,120.6500015258789,256.8330383300781
2019-05-20,7978.30908203125,120.63999938964844,255.1348114013672
2019-05-21,7963.32763671875,120.36000061035156,257.4349365234375
2019-05-22,7680.06640625,120.23999786376953,256.644287109375
2019-05-23,7881.8466796875,121.16999816894531,253.50845336914062
2019-05-24,7987.37158203125,121.30000305175781,254.08346557617188
2019-05-28,8719.9619140625,120.83000183105469,251.72039794921875
2019-05-29,8659.4873046875,120.87000274658203,250.03121948242188
2019-05-30,8319.47265625,121.69000244140625,250.7141571044922
2019-05-31,8574.501953125,123.33000183105469,247.3356170654297
2019-06-03,8208.9951171875,125.11000061035156,246.7066650390625
2019-06-04,7707.77099609375,125.1500015258789,252.06187438964844
2019-06-05,7824.2314453125,125.47000122070312,254.2452392578125
2019-06-06,7822.0234375,125.87999725341797,255.89852905273438
2019-06-07,8043.951171875,126.58999633789062,258.4593811035156
2019-06-10,8000.32958984375,125.33000183105469,259.64532470703125
2019-06-11,7927.71435546875,125.18000030517578,259.5824279785156
2019-06-12,8145.857421875,125.83000183105469,259.12420654296875
2019-06-13,8230.923828125,126.5999984741211,260.1934509277344
2019-06-14,8693.8330078125,126.55999755859375,259.9059143066406
2019-06-17,9320.3525390625,126.4800033569336,260.0047607421875
2019-06-18,9081.7626953125,127.12000274658203,262.7272644042969
2019-06-19,9273.521484375,127.88999938964844,263.3202819824219
2019-06-20,9527.16015625,131.11000061035156,265.8361511230469
2019-06-21,10144.556640625,131.97999572753906,265.4497375488281
2019-06-24,11011.1025390625,133.94000244140625,265.124755859375
2019-06-25,11790.9169921875,134.1999969482422,262.5243225097656
2019-06-26,13016.2314453125,132.97000122070312,262.2625732421875
2019-06-27,11182.806640625,132.83999633789062,263.19244384765625
2019-06-28,12407.33203125,133.1999969482422,264.54693603515625
2019-07-01,10583.134765625,130.6199951171875,266.94854736328125
2019-07-02,10801.677734375,133.41000366210938,267.6436767578125
2019-07-03,11961.26953125,133.6300048828125,269.7835998535156
2019-07-05,10978.4599609375,132.13999938964844,269.4765319824219
2019-07-08,12285.9580078125,131.2899932861328,267.995849609375
2019-07-09,12573.8125,131.75,268.3299865722656
2019-07-10,12156.5126953125,133.8300018310547,269.6120300292969
2019-07-11,11358.662109375,132.6999969482422,270.2440490722656
2019-07-12,11815.986328125,133.52999877929688,271.4539489746094
2019-07-15,10895.08984375,133.52999877929688,271.5442199707031
2019-07-16,9477.6416015625,132.39999389648438,270.66839599609375
2019-07-17,9693.802734375,134.5800018310547,268.8265075683594
2019-07-18,10666.482421875,136.47999572753906,269.8106689453125
2019-07-19,10530.732421875,134.47000122070312,268.3118896484375
2019-07-22,10343.1064453125,134.4499969482422,268.9710998535156
2019-07-23,9900.767578125,133.69000244140625,270.89422607421875
2019-07-24,9811.92578125,134.3699951171875,272.1672058105469
2019-07-25,9911.841796875,133.4199981689453,270.8670654296875
2019-07-26,9870.3037109375,133.63999938964844,272.68182373046875
2019-07-29,9519.1455078125,134.52999877929688,272.1852722167969
2019-07-30,9607.423828125,134.97999572753906,271.5170593261719
2019-07-31,10085.6279296875,133.2100067138672,268.546630859375
2019-08-01,10399.6689453125,136.41000366210938,266.2081604003906
2019-08-02,10518.1748046875,135.88999938964844,264.20367431640625
2019-08-05,11805.6533203125,137.7899932861328,256.2583923339844
2019-08-06,11478.1689453125,138.91000366210938,259.85186767578125
2019-08-07,11941.96875,141.02000427246094,260.00531005859375
2019-08-08,11966.4072265625,141.72999572753906,265.1065979003906
2019-08-09,11862.9365234375,141.25999450683594,263.3008728027344
2019-08-12,11382.6162109375,142.6300048828125,260.0956115722656
2019-08-13,10895.830078125,141.77999877929688,264.14056396484375
2019-08-14,10051.7041015625,142.75,256.33056640625
2019-08-15,10311.5458984375,143.6999969482422,257.0076599121094
2019-08-16,10374.3388671875,142.77999877929688,260.7997741699219
2019-08-19,10916.0537109375,141.11000061035156,263.94189453125
2019-08-20,10763.232421875,142.2100067138672,261.9193420410156
2019-08-21,10138.0498046875,141.75999450683594,264.0502624511719
2019-08-22,10131.0556640625,141.39999389648438,263.9689636230469
2019-08-23,10407.96484375,144.1699981689453,257.1882629394531
2019-08-26,10370.8203125,144.19000244140625,260.0323791503906
2019-08-27,10185.5,145.57000732421875,259.0120849609375
2019-08-28,9754.4228515625,145.16000366210938,260.8360290527344
2019-08-29,9510.2001953125,144.1199951171875,264.1676025390625
2019-08-30,9598.173828125,143.75,264.0502624511719
2019-09-03,10623.5400390625,145.75,262.5063171386719
2019-09-04,10594.4931640625,146.66000366210938,265.4857177734375
2019-09-05,10575.533203125,143.13999938964844,268.8987731933594
2019-09-06,10353.302734375,141.9199981689453,269.1064453125
2019-09-09,10334.974609375,141.38999938964844,269.241943359375
2019-09-10,10115.9755859375,140.17999267578125,269.1787414550781
2019-09-11,10178.3720703125,141.02999877929688,271.0928039550781
2019-09-12,10410.126953125,141.32000732421875,272.03179931640625
2019-09-13,10360.546875,140.14999389648438,271.8511962890625
2019-09-16,10276.7939453125,141.32000732421875,271.0116271972656
2019-09-17,10241.2724609375,141.60000610351562,271.6976623535156
2019-09-18,10198.248046875,140.7100067138672,271.86016845703125
2019-09-19,10266.4150390625,141.27999877929688,271.8421325683594
2019-09-20,10181.6416015625,142.9499969482422,270.5578308105469
2019-09-23,9729.32421875,143.75,270.49432373046875
2019-09-24,8620.56640625,144.50999450683594,268.3716735839844
2019-09-25,8486.9931640625,141.8300018310547,269.9590759277344
2019-09-26,8118.9677734375,141.7899932861328,269.39666748046875
2019-09-27,8251.845703125,141.05999755859375,267.9454040527344
2019-09-30,8293.8681640625,138.8699951171875,269.1880798339844
2019-10-01,8343.2763671875,139.6300048828125,265.9862060546875
2019-10-02,8393.0419921875,141.25999450683594,261.2875671386719
2019-10-03,8259.9921875,141.89999389648438,263.4283447265625
2019-10-04,8205.939453125,141.89999389648438,266.9930419921875
2019-10-07,8245.623046875,140.69000244140625,265.8410949707031
2019-10-08,8228.783203125,141.9199981689453,261.71392822265625
2019-10-09,8595.740234375,142.0500030517578,264.1993408203125
2019-10-10,8586.4736328125,140.80999755859375,265.9862060546875
2019-10-11,8321.7568359375,140.02999877929688,268.74365234375
2019-10-14,8374.6865234375,140.58999633789062,268.4444580078125
2019-10-15,8205.369140625,139.61000061035156,271.10205078125
2019-10-16,8047.52685546875,140.41000366210938,270.6666259765625
2019-10-17,8103.9111328125,140.61000061035156,271.46484375
2019-10-18,7973.20751953125,140.4600067138672,270.27655029296875
2019-10-21,8243.720703125,139.7899932861328,272.10888671875
2019-10-22,8078.203125,140.1999969482422,271.2200012207031
2019-10-23,7514.671875,140.52999877929688,272.0091247558594
2019-10-24,7493.48876953125,141.52999877929688,272.4534606933594
2019-10-25,8660.7001953125,141.86000061035156,273.5692443847656
2019-10-28,9256.1484375,140.63999938964844,275.11114501953125
2019-10-29,9427.6875,140.25,275.029541015625
2019-10-30,9205.7265625,141.02000427246094,275.8731689453125
2019-10-31,9199.5849609375,142.42999267578125,275.1383972167969
2019-11-01,9261.1044921875,142.55999755859375,277.687255859375
2019-11-04,9412.6123046875,142.14999389648438,278.80291748046875
2019-11-05,9342.52734375,139.85000610351562,278.4945983886719
2019-11-06,9360.8798828125,140.4499969482422,278.5581970214844
2019-11-07,9267.5615234375,138.27000427246094,279.5377197265625
2019-11-08,8804.880859375,137.38999938964844,280.2270812988281
2019-11-11,8757.7880859375,137.05999755859375,279.69189453125
2019-11-12,8815.662109375,137.42999267578125,280.28143310546875
2019-11-13,8808.2626953125,137.97999572753906,280.3721008300781
2019-11-14,8708.0947265625,138.55999755859375,280.78033447265625
2019-11-15,8491.9921875,138.2100067138672,282.81219482421875
2019-11-18,8309.2861328125,138.6199951171875,283.0207824707031
2019-11-19,8206.1455078125,138.69000244140625,282.9391784667969
2019-11-20,8027.26806640625,138.75999450683594,281.88690185546875
2019-11-21,7642.75,138.0,281.4335021972656
2019-11-22,7296.57763671875,137.74000549316406,282.0592956542969
2019-11-25,7146.1337890625,137.0800018310547,284.2452697753906
2019-11-26,7218.37109375,137.74000549316406,284.8893127441406
2019-11-27,7531.66357421875,137.00999450683594,286.1593322753906
2019-11-29,7761.24365234375,137.86000061035156,285.09796142578125
2019-12-02,7321.98828125,137.7899932861328,282.6761779785156
2019-12-03,7320.1455078125,139.11000061035156,280.78033447265625
2019-12-04,7252.03466796875,138.9199981689453,282.5128173828125
2019-12-05,7448.3076171875,139.0,283.0207824707031
2019-12-06,7546.99658203125,137.6199951171875,285.6058654785156
2019-12-09,7400.8994140625,137.5800018310547,284.7079162597656
2019-12-10,7278.11962890625,137.97000122070312,284.3904113769531
2019-12-11,7217.42724609375,138.9199981689453,285.19769287109375
2019-12-12,7243.13427734375,138.42999267578125,287.65582275390625
2019-12-13,7269.6845703125,139.0500030517578,287.8281555175781
2019-12-16,6932.48046875,139.0399932861328,289.8056945800781
2019-12-17,6640.51513671875,139.00999450683594,289.86907958984375
2019-12-18,7276.802734375,139.02000427246094,289.88726806640625
2019-12-19,7202.84423828125,139.3800048828125,291.07550048828125
2019-12-20,7218.81640625,139.52000427246094,292.3516845703125
2019-12-23,7355.62841796875,139.9499969482422,292.7983093261719
2019-12-24,7322.5322265625,141.27000427246094,292.8074035644531
2019-12-26,7238.966796875,142.3800048828125,294.3661193847656
2019-12-27,7290.08837890625,142.3300018310547,294.2931213378906
2019-12-30,7292.9951171875,142.6300048828125,292.6706237792969
2019-12-31,7193.59912109375,142.89999389648438,293.381591796875
2020-01-02,6985.47021484375,143.9499969482422,296.1253356933594
2020-01-03,7344.88427734375,145.86000061035156,293.8829040527344
2020-01-06,7769.21923828125,147.38999938964844,295.00408935546875
2020-01-07,8163.6923828125,147.97000122070312,294.1746826171875
2020-01-08,8079.86279296875,146.86000061035156,295.7424621582031
2020-01-09,7879.0712890625,146.02999877929688,297.7477111816406
2020-01-10,8166.55419921875,146.91000366210938,296.8909606933594
2020-01-13,8144.1943359375,145.82000732421875,298.93280029296875
2020-01-14,8827.7646484375,145.69000244140625,298.4769592285156
2020-01-15,8807.0107421875,146.5399932861328,299.15155029296875
2020-01-16,8723.7861328125,146.30999755859375,301.6400451660156
2020-01-17,8929.0380859375,146.5800018310547,302.5788269042969
2020-01-21,8745.89453125,146.74000549316406,301.9863586425781
2020-01-22,8680.8759765625,146.7899932861328,302.02288818359375
2020-01-23,8406.515625,147.1199951171875,302.3692321777344
2020-01-24,8445.4345703125,147.97999572753906,299.6802062988281
2020-01-27,8909.8193359375,148.99000549316406,294.8764343261719
2020-01-28,9358.58984375,147.66000366210938,297.966552734375
2020-01-29,9316.6298828125,148.4600067138672,297.7204284667969
2020-01-30,9508.9931640625,148.47000122070312,298.6866149902344
2020-01-31,9350.529296875,149.3300018310547,293.2630615234375
2020-02-03,9293.521484375,148.36000061035156,295.4416198730469
2020-02-04,9180.962890625,146.42999267578125,299.9446105957031
2020-02-05,9613.423828125,146.61000061035156,303.4083251953125
2020-02-06,9729.8017578125,147.39999389648438,304.4293212890625
2020-02-07,9795.943359375,147.7899932861328,302.8067932128906
2020-02-10,9856.611328125,148.1699981689453,305.0672607421875
2020-02-11,10208.236328125,147.66000366210938,305.5960388183594
2020-02-12,10326.0546875,147.5399932861328,307.56488037109375
2020-02-13,10214.3798828125,148.3800048828125,307.2366638183594
2020-02-14,10312.1162109375,149.0,307.7288818359375
2020-02-18,10141.99609375,150.91000366210938,306.93585205078125
2020-02-19,9633.38671875,151.7899932861328,308.4034423828125
2020-02-20,9608.4755859375,152.41000366210938,307.1365051269531
2020-02-21,9686.44140625,154.6999969482422,303.973388671875
2020-02-24,9650.1748046875,156.08999633789062,293.8921203613281
2020-02-25,9341.705078125,153.3000030517578,284.9864196777344
2020-02-26,8820.5224609375,153.97000122070312,283.9383544921875
2020-02-27,8784.494140625,154.0,271.1860656738281
2020-02-28,8672.455078125,148.3800048828125,270.0467529296875
2020-03-02,8869.669921875,149.1999969482422,281.7415771484375
2020-03-03,8787.7861328125,153.88999938964844,273.67449951171875
2020-03-04,8755.24609375,154.16000366210938,285.1779479980469
2020-03-05,9078.7626953125,157.49000549316406,275.6981201171875
2020-03-06,9122.5458984375,157.5500030517578,271.1405334472656
2020-03-09,7923.64453125,157.80999755859375,249.96592712402344
2020-03-10,7909.7294921875,154.47999572753906,262.9003601074219
2020-03-11,7911.43017578125,153.92999267578125,250.08447265625
2020-03-12,4970.7880859375,147.7899932861328,226.15707397460938
2020-03-13,5563.70703125,143.27999877929688,245.49032592773438
2020-03-16,5014.47998046875,141.63999938964844,218.62794494628906
2020-03-17,5225.62939453125,143.55999755859375,230.4320831298828
2020-03-18,5238.4384765625,140.6999969482422,218.7646942138672
2020-03-19,6191.19287109375,138.0399932861328,219.22955322265625
2020-03-20,6198.7783203125,140.11000061035156,209.78199768066406
2020-03-23,6416.31494140625,146.3000030517578,204.418212890625
2020-03-24,6734.8037109375,153.39999389648438,222.93917846679688
2020-03-25,6681.06298828125,151.3000030517578,226.2766571044922
2020-03-26,6716.4404296875,153.24000549316406,239.48892211914062
2020-03-27,6469.79833984375,152.25,232.35557556152344
2020-03-30,6429.841796875,152.9199981689453,239.9014892578125
2020-03-31,6438.64453125,148.0500030517578,236.32562255859375
2020-04-01,6606.7763671875,149.4499969482422,225.68988037109375
2020-04-02,6793.62451171875,151.89999389648438,230.89772033691406
2020-04-03,6733.38720703125,152.64999389648438,227.560302734375
2020-04-06,7271.78125,156.8800048828125,242.84461975097656
2020-04-07,7176.41455078125,156.0399932861328,243.0921630859375
2020-04-08,7334.0986328125,154.64999389648438,251.25250244140625
2020-04-09,7302.08935546875,158.69000244140625,255.07582092285156
2020-04-13,6845.03759765625,161.41000366210938,252.7469482421875
2020-04-14,6842.427734375,162.67999267578125,260.20123291015625
2020-04-15,6642.10986328125,161.85000610351562,254.6724090576172
2020-04-16,7116.80419921875,161.7100067138672,255.9010009765625
2020-04-17,7096.1845703125,158.57000732421875,262.81427001953125
2020-04-20,6881.95849609375,159.6999969482422,258.18408203125
2020-04-21,6880.3232421875,158.61000061035156,250.3446502685547
2020-04-22,7117.20751953125,161.72999572753906,255.9010009765625
2020-04-23,7429.724609375,163.33999633789062,255.88267517089844
2020-04-24,7550.90087890625,162.63999938964844,259.4493713378906
2020-04-27,7795.60107421875,161.55999755859375,263.19024658203125
2020-04-28,7807.05859375,160.83999633789062,261.97991943359375
2020-04-29,8801.0380859375,161.72999572753906,268.8381042480469
2020-04-30,8658.5537109375,158.8000030517578,266.3351135253906
2020-05-01,8864.7666015625,159.77999877929688,259.2843322753906
2020-05-04,8912.654296875,160.33999633789062,259.9994812011719
2020-05-05,9003.0703125,161.02000427246094,262.4017028808594
2020-05-06,9268.76171875,158.9499969482422,260.6229553222656
2020-05-07,9951.5185546875,161.38999938964844,263.7677917480469
2020-05-08,9842.666015625,160.4199981689453,268.1321716308594
2020-05-11,8601.7958984375,159.4199981689453,268.1871643066406
2020-05-12,8804.4775390625,160.0399932861328,262.8418273925781
2020-05-13,9269.9873046875,161.5800018310547,258.1932067871094
2020-05-14,9733.7216796875,163.00999450683594,261.2830810546875
2020-05-15,9328.197265625,163.92999267578125,262.48419189453125
2020-05-18,9726.5751953125,162.69000244140625,270.4794616699219
2020-05-19,9729.0380859375,164.25999450683594,267.7013244628906
2020-05-20,9522.9814453125,164.64999389648438,272.2490234375
2020-05-21,9081.76171875,162.25,270.3693542480469
2020-05-22,9182.5771484375,163.2100067138672,270.8829040527344
2020-05-26,8835.052734375,160.88999938964844,274.2203369140625
2020-05-27,9181.017578125,161.17999267578125,278.30035400390625
2020-05-28,9525.7509765625,161.72000122070312,277.7869873046875
2020-05-29,9439.1240234375,162.91000366210938,279.0246887207031
2020-06-01,10167.2685546875,163.66000366210938,280.1524963378906
2020-06-02,9529.8037109375,162.60000610351562,282.4721374511719
2020-06-03,9656.7177734375,159.60000610351562,286.2313232421875
2020-06-04,9800.63671875,161.27999877929688,285.47955322265625
2020-06-05,9665.533203125,158.00999450683594,292.796142578125
2020-06-08,9771.4892578125,159.72000122070312,296.3353576660156
2020-06-09,9795.7001953125,161.25999450683594,294.1257629394531
2020-06-10,9870.0947265625,163.57000732421875,292.4844970703125
2020-06-11,9321.78125,162.38999938964844,275.62310791015625
2020-06-12,9480.84375,162.6199951171875,278.92388916015625
2020-06-15,9450.7021484375,162.3300018310547,281.5278015136719
2020-06-16,9538.0244140625,162.25,286.94659423828125
2020-06-17,9480.2548828125,162.55999755859375,285.7546081542969
2020-06-18,9411.8408203125,162.24000549316406,285.8647155761719
2020-06-19,9288.0185546875,164.02999877929688,284.23095703125
2020-06-22,9648.7177734375,165.08999633789062,286.0543212890625
2020-06-23,9629.658203125,166.47999572753906,287.3712463378906
2020-06-24,9313.6103515625,165.89999389648438,280.0408020019531
2020-06-25,9264.8134765625,165.8000030517578,283.0429992675781
2020-06-26,9162.91796875,166.5399932861328,276.32025146484375
2020-06-29,9190.8544921875,166.6300048828125,280.3814697265625
2020-06-30,9137.9931640625,167.3699951171875,283.9731140136719
2020-07-01,9228.3251953125,166.6199951171875,285.9621887207031
2020-07-02,9123.41015625,166.97999572753906,287.53704833984375
2020-07-06,9375.474609375,167.97999572753906,291.9757995605469
2020-07-07,9252.27734375,169.0399932861328,288.96453857421875
2020-07-08,9428.3330078125,170.08999633789062,291.1745910644531
2020-07-09,9277.9677734375,169.6300048828125,289.5169677734375
2020-07-10,9278.8076171875,169.19000244140625,292.4730529785156
2020-07-13,9243.6142578125,169.39999389648438,289.94061279296875
2020-07-14,9243.2138671875,170.19000244140625,293.6979675292969
2020-07-15,9192.8369140625,170.33999633789062,296.3962097167969
2020-07-16,9132.2275390625,168.72999572753906,295.42010498046875
2020-07-17,9151.392578125,170.1199951171875,296.2765197753906
2020-07-20,9164.2314453125,170.94000244140625,298.67083740234375
2020-07-21,9374.8876953125,173.0,299.3063049316406
2020-07-22,9525.36328125,175.6300048828125,301.0099792480469
2020-07-23,9581.072265625,177.17999267578125,297.41839599609375
2020-07-24,9536.892578125,178.6999969482422,295.5029296875
2020-07-27,10990.873046875,182.22999572753906,297.6578674316406
2020-07-28,10912.8232421875,183.75,295.77001953125
2020-07-29,11100.4677734375,185.1300048828125,299.4075622558594
2020-07-30,11111.2138671875,183.75999450683594,298.3393859863281
2020-07-31,11323.466796875,185.42999267578125,300.6968078613281
2020-08-03,11246.3486328125,185.63999938964844,302.787353515625
2020-08-04,11205.892578125,189.58999633789062,303.9569091796875
2020-08-05,11747.0224609375,191.35000610351562,305.8448486328125
2020-08-06,11779.7734375,193.88999938964844,307.8892517089844
2020-08-07,11601.47265625,190.80999755859375,308.1102294921875
2020-08-10,11878.111328125,190.14999389648438,309.0311584472656
2020-08-11,11410.525390625,179.94000244140625,306.4802551269531
2020-08-12,11584.9345703125,179.10000610351562,310.7533264160156
2020-08-13,11784.1376953125,183.3300018310547,310.1914978027344
2020-08-14,11768.87109375,182.5399932861328,310.2007141113281
2020-08-17,12254.40234375,186.5,311.1860656738281
2020-08-18,11991.2333984375,188.17999267578125,311.85833740234375
2020-08-19,11758.283203125,182.24000549316406,310.5598449707031
2020-08-20,11878.3720703125,183.5,311.52679443359375
2020-08-21,11592.4892578125,182.02999877929688,312.6319580078125
2020-08-24,11774.595703125,181.0,315.7998962402344
2020-08-25,11366.134765625,181.22000122070312,316.9049987792969
2020-08-26,11488.36328125,183.36000061035156,320.0821533203125
2020-08-27,11323.3974609375,181.24000549316406,320.7820739746094
2020-08-28,11542.5,184.38999938964844,322.8540954589844
2020-08-31,11680.8203125,184.8300018310547,321.68450927734375
2020-09-01,11970.478515625,185.0500030517578,324.7142639160156
2020-09-02,11414.0341796875,182.6199951171875,329.41107177734375
2020-09-03,10245.296875,181.13999938964844,318.07452392578125
2020-09-04,10511.8134765625,181.63999938964844,315.4775695800781
2020-09-08,10131.5166015625,181.2899932861328,306.85772705078125
2020-09-09,10242.34765625,183.0500030517578,312.91741943359375
2020-09-10,10363.138671875,182.4600067138672,307.4840393066406
2020-09-11,10400.9150390625,182.4499969482422,307.64056396484375
2020-09-14,10680.837890625,183.88999938964844,311.6925354003906
2020-09-15,10796.951171875,183.4499969482422,313.2674255371094
2020-09-16,10974.9052734375,183.97000122070312,312.02410888671875
2020-09-17,10948.990234375,182.9600067138672,309.2798156738281
2020-09-18,10944.5859375,183.1999969482422,305.7191467285156
2020-09-21,10462.259765625,179.52000427246094,302.31671142578125
2020-09-22,10538.4599609375,178.64999389648438,305.3955383300781
2020-09-23,10246.1865234375,174.7899932861328,298.3131408691406
2020-09-24,10760.06640625,175.44000244140625,299.1082458496094
2020-09-25,10692.716796875,174.94000244140625,303.94384765625
2020-09-28,10709.65234375,176.6999969482422,308.9922790527344
2020-09-29,10844.640625,178.19000244140625,307.3095397949219
2020-09-30,10784.4912109375,177.1199951171875,309.63946533203125
2020-10-01,10619.4521484375,178.6999969482422,311.6273498535156
2020-10-02,10575.974609375,178.5399932861328,308.66864013671875
2020-10-05,10793.33984375,179.41000366210938,314.1423645019531
2020-10-06,10604.40625,177.3000030517578,309.6764831542969
2020-10-07,10668.96875,177.22000122070312,315.06689453125
2020-10-08,10915.685546875,177.85000610351562,317.859130859375
2020-10-09,11064.4580078125,181.0800018310547,320.6977233886719
2020-10-12,11555.36328125,180.55999755859375,325.8570556640625
2020-10-13,11425.8994140625,177.72000122070312,323.7303466796875
2020-10-14,11429.5068359375,178.27000427246094,321.6962585449219
2020-10-15,11495.349609375,178.9199981689453,321.2986755371094
2020-10-16,11322.123046875,178.3000030517578,321.10455322265625
2020-10-19,11742.037109375,178.38999938964844,316.22259521484375
2020-10-20,11916.3349609375,179.25,317.4893798828125
2020-10-21,12823.689453125,180.60000610351562,316.8883056640625
2020-10-22,12965.8916015625,178.8300018310547,318.6265563964844
2020-10-23,12931.5390625,178.63999938964844,319.7083740234375
2020-10-26,13075.248046875,178.5500030517578,313.8000793457031
2020-10-27,13654.21875,179.02000427246094,312.7183532714844
2020-10-28,13271.28515625,176.1300048828125,302.0299377441406
2020-10-29,13437.8828125,175.39999389648438,305.0997619628906
2020-10-30,13546.5224609375,176.1999969482422,301.91912841796875
2020-11-02,13550.4892578125,177.91000366210938,305.3030700683594
2020-11-03,13950.30078125,178.9199981689453,310.6935119628906
2020-11-04,14133.70703125,178.82000732421875,317.6373596191406
2020-11-05,15579.8486328125,182.92999267578125,323.83203125
2020-11-06,15565.880859375,183.19000244140625,323.7581481933594
2020-11-09,15332.3154296875,175.0800018310547,327.826416015625
2020-11-10,15290.90234375,175.66000366210938,327.3455810546875
2020-11-11,15701.33984375,174.89999389648438,329.7773132324219
2020-11-12,16276.34375,175.9600067138672,326.5781555175781
2020-11-13,16317.80859375,177.16000366210938,331.0994567871094
2020-11-16,16716.111328125,177.14999389648438,335.23236083984375
2020-11-17,17645.40625,176.5,333.429443359375
2020-11-18,17804.005859375,175.49000549316406,329.4166564941406
2020-11-19,17817.08984375,175.16000366210938,330.8036193847656
2020-11-20,18621.314453125,175.69000244140625,328.5382995605469
2020-11-23,18364.12109375,172.22999572753906,330.5076904296875
2020-11-24,19107.46484375,169.58999633789062,335.8334045410156
2020-11-25,18732.12109375,169.50999450683594,335.3156433105469
2020-11-27,17108.40234375,167.7899932861328,336.2494812011719
2020-11-30,19625.8359375,166.6699981689453,334.76092529296875
2020-12-01,18802.998046875,170.17999267578125,338.4222412109375
2020-12-02,19201.091796875,171.4600067138672,339.1342468261719
2020-12-03,19445.3984375,172.80999755859375,339.0417785644531
2020-12-04,18699.765625,172.32000732421875,341.9635009765625
2020-12-07,19191.630859375,174.88999938964844,341.2608337402344
2020-12-08,18321.14453125,175.5,342.25933837890625
2020-12-09,18553.916015625,172.5,339.1897888183594
2020-12-10,18264.9921875,172.1699981689453,339.07879638671875
2020-12-11,18058.904296875,172.49000549316406,338.68115234375
2020-12-14,19246.64453125,171.5399932861328,337.1648864746094
2020-12-15,19417.076171875,173.94000244140625,341.7231140136719
2020-12-16,21310.59765625,174.89999389648438,342.25933837890625
2020-12-17,22805.162109375,176.74000549316406,344.17327880859375
2020-12-18,23137.9609375,176.44000244140625,342.7990417480469
2020-12-21,22803.08203125,175.8800048828125,341.5733337402344
2020-12-22,23783.029296875,174.49000549316406,340.99774169921875
2020-12-23,23241.345703125,175.64999389648438,341.3040771484375
2020-12-24,23735.94921875,176.35000610351562,342.63189697265625
2020-12-28,27084.80859375,175.7100067138672,345.5754089355469
2020-12-29,27362.4375,176.35000610351562,344.9161682128906
2020-12-30,28840.953125,177.6999969482422,345.4082336425781
2020-12-31,29001.720703125,178.36000061035156,347.1632385253906
2021-01-04,31971.9140625,182.3300018310547,342.4369812011719
2021-01-05,33992.4296875,182.8699951171875,344.79541015625
2021-01-06,36824.36328125,179.89999389648438,346.8568115234375
2021-01-07,39371.04296875,179.47999572753906,352.01025390625
2021-01-08,40797.609375,173.33999633789062,354.015869140625
2021-01-11,35566.65625,173.0,351.6294860839844
2021-01-12,33922.9609375,174.1199951171875,351.7037048339844
2021-01-13,37316.359375,173.3699951171875,352.6508483886719
2021-01-14,39187.328125,173.27999877929688,351.4158935546875
2021-01-15,36825.3671875,171.1300048828125,348.8531799316406
2021-01-19,36069.8046875,172.5800018310547,351.5924072265625
2021-01-20,35547.75,175.38999938964844,356.4579162597656
2021-01-21,30825.69921875,175.27999877929688,356.7828369140625
2021-01-22,33005.76171875,173.89999389648438,355.5201416015625
2021-01-25,32366.392578125,174.0500030517578,356.92218017578125
2021-01-26,32569.849609375,173.6199951171875,356.3651123046875
2021-01-27,30432.546875,172.52000427246094,347.6553649902344
2021-01-28,33466.09765625,172.67999267578125,350.6451721191406
2021-01-29,34316.38671875,172.61000061035156,343.62548828125
2021-02-01,33537.17578125,174.22999572753906,349.34527587890625
2021-02-02,35510.2890625,172.11000061035156,354.2850646972656
2021-02-03,37472.08984375,171.85000610351562,354.56365966796875
2021-02-04,36926.06640625,168.14999389648438,358.5935363769531
2021-02-05,38144.30859375,169.80999755859375,360.0049133300781
2021-02-08,46196.46484375,171.52000427246094,362.60479736328125
2021-02-09,46481.10546875,172.0800018310547,362.3633728027344
2021-02-10,44918.18359375,172.7100067138672,362.20556640625
2021-02-11,47909.33203125,171.2100067138672,362.79058837890625
2021-02-12,47504.8515625,170.69000244140625,364.5826721191406
2021-02-16,49199.87109375,168.24000549316406,364.2669372558594
2021-02-17,52149.0078125,166.3300018310547,364.3505554199219
2021-02-18,51679.796875,166.32000732421875,362.7999572753906
2021-02-19,55888.1328125,167.00999450683594,362.15911865234375
2021-02-22,54207.3203125,169.50999450683594,359.37347412109375
2021-02-23,48824.42578125,169.1199951171875,359.8099365234375
2021-02-24,49705.33203125,169.0,363.7747802734375
2021-02-25,47093.8515625,165.82000732421875,355.0094299316406
2021-02-26,46339.76171875,161.80999755859375,353.18017578125
2021-03-01,49631.2421875,161.52999877929688,361.7413024902344
2021-03-02,48378.98828125,162.41000366210938,358.9185485839844
2021-03-03,50538.2421875,160.6199951171875,354.1644287109375
2021-03-04,48561.16796875,159.0399932861328,349.7817077636719
2021-03-05,48927.3046875,159.13999938964844,356.2165222167969
2021-03-08,52246.5234375,157.49000549316406,354.4429931640625
2021-03-09,54824.1171875,160.83999633789062,359.5035400390625
2021-03-10,56008.55078125,161.66000366210938,361.7413024902344
2021-03-11,57805.12109375,161.52000427246094,365.4090270996094
2021-03-12,57332.08984375,161.49000549316406,365.9011535644531
2021-03-15,55907.19921875,162.1999969482422,368.0832214355469
2021-03-16,56804.90234375,162.35000610351562,367.6189270019531
2021-03-17,58870.89453125,163.50999450683594,368.8725280761719
2021-03-18,57858.921875,162.55999755859375,363.50555419921875
2021-03-19,58346.65234375,163.24000549316406,362.8329772949219
2021-03-22,54529.14453125,163.0,365.7301940917969
2021-03-23,54738.9453125,161.80999755859375,362.8515930175781
2021-03-24,52774.265625,162.3699951171875,361.00701904296875
2021-03-25,51704.16015625,161.77999877929688,363.03790283203125
2021-03-26,55137.3125,162.24000549316406,368.8882751464844
2021-03-29,57750.19921875,160.30999755859375,368.7019348144531
2021-03-30,58917.69140625,157.57000732421875,367.7237548828125
2021-03-31,58918.83203125,159.9600067138672,369.2143249511719
2021-04-01,59095.80859375,161.97999572753906,373.201416015625
2021-04-05,59057.87890625,161.9199981689453,378.5580749511719
2021-04-06,58192.359375,163.22000122070312,378.33447265625
2021-04-07,56048.9375,162.75999450683594,378.7723388671875
2021-04-08,58323.953125,164.50999450683594,380.57025146484375
2021-04-09,58245.00390625,163.27000427246094,383.3370666503906
2021-04-12,59893.453125,162.27999877929688,383.47686767578125
2021-04-13,63503.45703125,163.42999267578125,384.61334228515625
2021-04-14,63109.6953125,162.72000122070312,383.29986572265625
2021-04-15,63314.01171875,165.35000610351562,387.4173889160156
2021-04-16,61572.7890625,166.35000610351562,388.71234130859375
2021-04-19,55724.265625,165.88999938964844,386.8026123046875
2021-04-20,56473.03125,166.47999572753906,383.9705810546875
2021-04-21,53906.08984375,168.1300048828125,387.6037902832031
2021-04-22,51762.2734375,167.0399932861328,384.06365966796875
2021-04-23,51093.65234375,166.39999389648438,388.2279357910156
2021-04-26,54021.75390625,166.83999633789062,389.038330078125
2021-04-27,55033.1171875,166.4199981689453,388.9545593261719
2021-04-28,54824.703125,166.91000366210938,388.8426818847656
2021-04-29,53555.109375,166.22000122070312,391.32080078125
2021-04-30,57750.17578125,165.66000366210938,388.74951171875
2021-05-03,57200.29296875,167.80999755859375,389.58807373046875
2021-05-04,53333.5390625,166.5800018310547,387.18450927734375
2021-05-05,57424.0078125,167.27000427246094,387.30560302734375
2021-05-06,56396.515625,170.05999755859375,390.3985290527344
2021-05-07,57356.40234375,171.58999633789062,393.2398376464844
2021-05-10,55859.796875,172.11000061035156,389.3458251953125
2021-05-11,56704.57421875,172.13999938964844,385.8710021972656
2021-05-12,49150.53515625,170.42999267578125,377.6730651855469
2021-05-13,49716.19140625,171.1300048828125,382.2098388671875
2021-05-14,49880.53515625,172.69000244140625,388.0788879394531
2021-05-17,43537.51171875,174.6999969482422,387.09130859375
2021-05-18,42909.40234375,175.0399932861328,383.75628662109375
2021-05-19,37002.44140625,175.16000366210938,382.7502136230469
2021-05-20,40782.73828125,175.9600067138672,386.8677673339844
2021-05-21,37304.69140625,176.0399932861328,386.5510559082031
2021-05-24,38705.98046875,176.35000610351562,390.4916076660156
2021-05-25,38402.22265625,177.9499969482422,389.62530517578125
2021-05-26,39294.19921875,177.63999938964844,390.3985290527344
2021-05-27,38436.96875,177.7100067138672,390.6034851074219
2021-05-28,35697.60546875,178.3800048828125,391.30218505859375
2021-06-01,36684.92578125,177.89999389648438,390.9573974609375
2021-06-02,37575.1796875,178.77000427246094,391.57232666015625
2021-06-03,39208.765625,175.27000427246094,390.1190185546875
2021-06-04,36894.40625,177.16000366210938,393.6869812011719
2021-06-07,33560.70703125,177.8699951171875,393.30499267578125
2021-06-08,33472.6328125,177.32000732421875,393.3888854980469
2021-06-09,37345.12109375,176.97999572753906,392.802001953125
2021-06-10,36702.59765625,177.74000549316406,394.6278381347656
2021-06-11,37334.3984375,175.74000549316406,395.2799987792969
2021-06-14,40218.4765625,174.7100067138672,396.1650085449219
2021-06-15,40406.26953125,174.0500030517578,395.4383544921875
2021-06-16,38347.0625,171.11000061035156,393.2304382324219
2021-06-17,38053.50390625,165.85000610351562,393.1001281738281
2021-06-18,35787.24609375,164.92999267578125,387.7969665527344
2021-06-21,31676.693359375,166.9499969482422,393.3486633300781
2021-06-22,32505.66015625,166.25,395.45159912109375
2021-06-23,33723.02734375,166.13999938964844,394.9750061035156
2021-06-24,34662.4375,166.0399932861328,397.3115539550781
2021-06-25,31637.779296875,166.58999633789062,398.7228698730469
2021-06-28,34434.3359375,166.5800018310547,399.526611328125
2021-06-29,35867.77734375,164.8300018310547,399.7415771484375
2021-06-30,35040.8359375,165.6300048828125,400.07806396484375
2021-07-01,33572.1171875,166.1999969482422,402.2930908203125
2021-07-02,33897.046875,167.2899932861328,405.3680419921875
2021-07-06,34235.1953125,168.1199951171875,404.6296081542969
2021-07-07,33855.328125,168.75999450683594,406.0596923828125
2021-07-08,32877.37109375,168.64999389648438,402.7510681152344
2021-07-09,33798.01171875,169.2100067138672,407.05035400390625
2021-07-12,33155.84765625,169.0,408.5084228515625
2021-07-13,32702.025390625,169.22000122070312,407.1157531738281
2021-07-14,32822.34765625,171.0399932861328,407.7233581542969
2021-07-15,31780.73046875,171.07000732421875,406.3306579589844
2021-07-16,31421.5390625,169.41000366210938,403.1437072753906
2021-07-19,30817.83203125,169.61000061035156,397.1900329589844
2021-07-20,29807.34765625,169.38999938964844,402.8819274902344
2021-07-21,32110.693359375,168.75999450683594,406.1437683105469
2021-07-22,32313.10546875,169.08999633789062,406.9942932128906
2021-07-23,33581.55078125,168.55999755859375,411.18145751953125
2021-07-26,37337.53515625,168.16000366210938,412.1907653808594
2021-07-27,39406.94140625,168.44000244140625,410.3122863769531
2021-07-28,39995.90625,169.2899932861328,410.14398193359375
2021-07-29,40008.421875,171.1699981689453,411.8450012207031
2021-07-30,42235.546875,169.82000732421875,409.84490966796875
2021-08-02,39201.9453125,169.61000061035156,408.98504638671875
2021-08-03,38152.98046875,169.49000549316406,412.3122863769531
2021-08-04,39747.50390625,169.52999877929688,410.2842712402344
2021-08-05,40869.5546875,168.86000061035156,412.8824462890625
2021-08-06,42816.5,164.63999938964844,413.56475830078125
2021-08-09,46365.40234375,161.72000122070312,413.2282409667969
2021-08-10,45585.03125,161.77000427246094,413.7423095703125
2021-08-11,45593.63671875,164.0,414.7704772949219
2021-08-12,44428.2890625,164.0399932861328,416.01348876953125
2021-08-13,47793.3203125,166.38999938964844,416.7705993652344
2021-08-16,46004.484375,167.22000122070312,417.7518615722656
2021-08-17,44695.359375,166.97000122070312,415.013427734375
2021-08-18,44801.1875,167.10000610351562,410.4710693359375
2021-08-19,46717.578125,166.61000061035156,411.10662841796875
2021-08-20,49339.17578125,166.6999969482422,414.37786865234375
2021-08-23,49546.1484375,168.72999572753906,418.0229187011719
2021-08-24,47706.1171875,168.64999389648438,418.6865234375
2021-08-25,48960.7890625,167.47999572753906,419.5650939941406
2021-08-26,46942.21875,167.6699981689453,417.08831787109375
2021-08-27,49058.66796875,170.19000244140625,420.8174743652344
2021-08-30,47054.984375,169.35000610351562,422.6680603027344
2021-08-31,47166.6875,169.69000244140625,422.0419006347656
2021-09-01,48847.02734375,169.6999969482422,422.2662048339844
2021-09-02,49327.72265625,169.25,423.5653076171875
2021-09-03,50025.375,171.05999755859375,423.46240234375
2021-09-07,46811.12890625,167.7100067138672,421.9484558105469
2021-09-08,46091.390625,167.2899932861328,421.43438720703125
2021-09-09,46391.421875,168.02999877929688,419.6304931640625
2021-09-10,44883.91015625,167.17999267578125,416.3218994140625
2021-09-13,44963.07421875,167.74000549316406,417.3874206542969
2021-09-14,47092.4921875,168.82000732421875,415.1349182128906
2021-09-15,48176.34765625,167.8300018310547,418.6024169921875
2021-09-16,47783.359375,164.02999877929688,417.9388427734375
2021-09-17,47267.51953125,163.77000427246094,413.86767578125
2021-09-20,42843.80078125,164.94000244140625,406.9667663574219
2021-09-21,40693.67578125,166.0399932861328,406.5823669433594
2021-09-22,43574.5078125,165.4199981689453,410.5484619140625
2021-09-23,44895.09765625,163.50999450683594,415.5366516113281
2021-09-24,42839.75,163.3000030517578,416.22113037109375
2021-09-27,42235.73046875,163.63999938964844,415.0303649902344
2021-09-28,41034.54296875,162.0500030517578,406.6667175292969
2021-09-29,41564.36328125,161.32000732421875,407.35113525390625
2021-09-30,43790.89453125,164.22000122070312,402.3724060058594
2021-10-01,48116.94140625,164.58999633789062,407.1542663574219
2021-10-04,49112.90234375,165.36000061035156,401.9035949707031
2021-10-05,51514.8125,164.58999633789062,406.0853576660156
2021-10-06,55361.44921875,165.02999877929688,407.7730407714844
2021-10-07,53805.984375,164.16000366210938,411.2985534667969
2021-10-08,53967.84765625,164.22999572753906,410.5484619140625
2021-10-11,57484.7890625,163.9199981689453,407.576171875
2021-10-12,56041.05859375,164.66000366210938,406.57293701171875
2021-10-13,57401.09765625,167.58999633789062,408.03564453125
2021-10-14,57321.5234375,168.0,414.8990783691406
2021-10-15,61593.94921875,165.3300018310547,418.0588684082031
2021-10-18,62026.078125,164.9199981689453,419.2965087890625
2021-10-19,64261.9921875,165.4499969482422,422.5313415527344
2021-10-20,65992.8359375,166.89999389648438,424.1908874511719
2021-10-21,62210.171875,166.75,425.29736328125
2021-10-22,60692.265625,167.77000427246094,424.8565979003906
2021-10-25,63039.82421875,168.92999267578125,427.13507080078125
2021-10-26,60363.79296875,167.67999267578125,427.51953125
2021-10-27,58482.38671875,168.1199951171875,425.6254577636719
2021-10-28,60622.13671875,168.0800018310547,429.7323303222656
2021-10-29,62227.96484375,166.64999389648438,430.6042785644531
2021-11-01,61004.40625,167.52000427246094,431.3450622558594
2021-11-02,63226.40234375,167.16000366210938,433.0889892578125
2021-11-03,62970.046875,165.77000427246094,435.7331237792969
2021-11-04,61452.23046875,167.64999389648438,437.7865295410156
2021-11-05,61125.67578125,169.83999633789062,439.3053894042969
2021-11-08,67566.828125,170.4499969482422,439.680419921875
2021-11-09,66971.828125,171.2899932861328,438.2271423339844
2021-11-10,64995.23046875,173.14999389648438,434.7018127441406
2021-11-11,64949.9609375,174.1199951171875,434.8423156738281
2021-11-12,64155.94140625,174.4499969482422,438.1240539550781
2021-11-15,63557.87109375,174.17999267578125,438.27398681640625
2021-11-16,60161.24609375,172.9199981689453,440.0086975097656
2021-11-17,60368.01171875,174.5,438.93975830078125
2021-11-18,56942.13671875,173.94000244140625,440.4305419921875
2021-11-19,58119.578125,172.61000061035156,439.6429748535156
2021-11-22,56289.2890625,168.74000549316406,438.4053649902344
2021-11-23,57569.07421875,167.27999877929688,438.9866638183594
2021-11-24,56280.42578125,167.1199951171875,440.1586608886719
2021-11-26,53569.765625,166.85000610351562,430.341796875
2021-11-29,57806.56640625,166.6199951171875,435.6205749511719
2021-11-30,57005.42578125,165.5,427.1444396972656
2021-12-01,57229.828125,166.16000366210938,422.4000549316406
2021-12-02,56477.81640625,165.24000549316406,428.86968994140625
2021-12-03,53598.24609375,166.6300048828125,425.137939453125
2021-12-06,50582.625,166.22000122070312,430.1729431152344
2021-12-07,50700.0859375,166.80999755859375,439.0709228515625
2021-12-08,50504.796875,166.89999389648438,440.2336730957031
2021-12-09,47672.12109375,165.8800048828125,437.26141357421875
2021-12-10,47243.3046875,166.5800018310547,441.37762451171875
2021-12-13,46737.48046875,167.0,437.4677429199219
2021-12-14,46612.6328125,165.44000244140625,434.45782470703125
2021-12-15,48896.72265625,166.14999389648438,441.2463073730469
2021-12-16,47665.42578125,168.16000366210938,437.3551330566406
2021-12-17,46202.14453125,167.8000030517578,432.700439453125
2021-12-20,46880.27734375,167.08999633789062,428.09930419921875
2021-12-21,48936.61328125,167.02000427246094,435.7019348144531
2021-12-22,48628.51171875,168.58999633789062,440.0585021972656
2021-12-23,50784.5390625,168.97000122070312,442.7965087890625
2021-12-27,50640.41796875,169.3699951171875,449.06304931640625
2021-12-28,47588.85546875,168.63999938964844,448.69610595703125
2021-12-29,46444.7109375,168.58999633789062,449.27008056640625
2021-12-30,47178.125,169.8000030517578,448.02801513671875
2021-12-31,46306.4453125,170.9600067138672,446.89892578125
2022-01-03,46458.1171875,168.3300018310547,449.4864501953125
2022-01-04,45897.57421875,169.57000732421875,449.3359069824219
2022-01-05,43569.00390625,169.05999755859375,440.7077331542969
2022-01-06,43160.9296875,166.99000549316406,440.293701171875
2022-01-07,41557.90234375,167.75,438.552978515625
2022-01-10,41821.26171875,168.25999450683594,438.00726318359375
2022-01-11,42735.85546875,170.2899932861328,441.9967041015625
2022-01-12,43949.1015625,170.74000549316406,443.191650390625
2022-01-13,42591.5703125,170.16000366210938,437.0851745605469
2022-01-14,43099.69921875,169.6699981689453,437.2639465332031
2022-01-18,42375.6328125,169.38999938964844,429.5201110839844
2022-01-19,41744.328125,172.0800018310547,425.0601806640625
2022-01-20,40680.41796875,171.64999389648438,420.3555603027344
2022-01-21,36457.31640625,171.08999633789062,412.1037292480469
2022-01-24,36654.328125,172.02999877929688,413.8538513183594
2022-01-25,36954.00390625,172.5800018310547,408.8011169433594
2022-01-26,36852.12109375,169.7899932861328,407.7755126953125
2022-01-27,37138.234375,167.60000610351562,405.761962890625
2022-01-28,37784.33203125,167.10000610351562,415.83917236328125
2022-01-31,38483.125,168.08999633789062,423.3289489746094
2022-02-01,38743.2734375,168.22999572753906,426.18927001953125
2022-02-02,36952.984375,168.83999633789062,430.329345703125
2022-02-03,37154.6015625,168.60000610351562,420.2144470214844
2022-02-04,41500.875,168.86000061035156,422.1903991699219
2022-02-07,43840.28515625,170.11000061035156,420.8354187011719
2022-02-08,44118.4453125,170.6300048828125,424.298095703125
2022-02-09,44338.796875,171.2100067138672,430.50811767578125
2022-02-10,43565.11328125,170.55999755859375,422.77374267578125
2022-02-11,42407.9375,173.80999755859375,414.4371337890625
2022-02-14,42586.91796875,174.74000549316406,413.08233642578125
2022-02-15,44575.203125,173.0800018310547,419.74407958984375
2022-02-16,43961.859375,174.86000061035156,420.2144470214844
2022-02-17,40538.01171875,177.25,411.2380676269531
2022-02-18,40030.9765625,177.1199951171875,408.57525634765625
2022-02-22,38286.02734375,177.49000549316406,404.1906433105469
2022-02-23,37296.5703125,178.2899932861328,397.0207824707031
2022-02-24,38332.609375,177.13999938964844,402.9956359863281
2022-02-25,39214.21875,176.5500030517578,411.8873291015625
2022-02-28,43193.234375,178.3800048828125,410.8335266113281
2022-03-01,44354.63671875,181.6199951171875,404.5763854980469
2022-03-02,43924.1171875,179.72999572753906,412.0190734863281
2022-03-03,42451.7890625,180.8000030517578,409.9678649902344
2022-03-04,39137.60546875,183.67999267578125,406.6370544433594
2022-03-07,38062.0390625,186.41000366210938,394.649658203125
2022-03-08,38737.26953125,191.50999450683594,391.6575927734375
2022-03-09,41982.92578125,185.82000732421875,402.1582336425781
2022-03-10,39437.4609375,186.39999389648438,400.3421936035156
2022-03-11,38794.97265625,185.08999633789062,395.2518615722656
2022-03-14,39666.75390625,182.3000030517578,392.3633117675781
2022-03-15,39338.78515625,178.88999938964844,400.991455078125
2022-03-16,41143.9296875,180.00999450683594,409.8832092285156
2022-03-17,40951.37890625,180.88999938964844,415.0111999511719
2022-03-18,41801.15625,179.3000030517578,419.5566711425781
2022-03-21,41077.99609375,180.6699981689453,419.43402099609375
2022-03-22,42358.80859375,179.36000061035156,424.34197998046875
2022-03-23,42892.95703125,181.80999755859375,418.87713623046875
2022-03-24,43960.93359375,183.1300048828125,425.19146728515625
2022-03-25,44348.73046875,182.3800048828125,427.26788330078125
2022-03-28,47128.00390625,179.05999755859375,430.30706787109375
2022-03-29,47465.73046875,179.13999938964844,435.63037109375
2022-03-30,47062.6640625,180.5800018310547,432.94036865234375
2022-03-31,45538.67578125,180.64999389648438,426.2768859863281
2022-04-01,46281.64453125,179.5,427.4849853515625
2022-04-04,46622.67578125,180.3699951171875,431.1470947265625
2022-04-05,45555.9921875,179.24000549316406,425.70111083984375
2022-04-06,43206.73828125,179.66000366210938,421.4444274902344
2022-04-07,43503.84765625,180.33999633789062,423.56805419921875
2022-04-08,42287.6640625,181.47000122070312,422.4354553222656
2022-04-11,39521.90234375,182.3699951171875,415.2149963378906
2022-04-12,40127.18359375,183.77000427246094,413.67657470703125
2022-04-13,41166.73046875,184.64999389648438,418.4146423339844
2022-04-14,39935.515625,184.0399932861328,413.2046203613281
2022-04-18,40826.21484375,184.61000061035156,413.37451171875
2022-04-19,41502.75,181.82000732421875,420.0475158691406
2022-04-20,41374.37890625,182.7100067138672,419.736083984375
2022-04-21,40527.36328125,182.05999755859375,413.45953369140625
2022-04-22,39740.3203125,180.2899932861328,402.114501953125
2022-04-25,40458.30859375,177.0500030517578,404.4458312988281
2022-04-26,38117.4609375,177.32000732421875,392.7327575683594
2022-04-27,39241.12109375,175.97999572753906,393.8370361328125
2022-04-28,39773.828125,176.92999267578125,403.78509521484375
2022-04-29,38609.82421875,176.91000366210938,388.8629455566406
2022-05-02,38529.328125,173.6300048828125,391.2037048339844
2022-05-03,37750.453125,174.08999633789062,392.9969787597656
2022-05-04,39698.37109375,175.8000030517578,404.96490478515625
2022-05-05,36575.140625,175.1300048828125,390.5712585449219
2022-05-06,36040.921875,175.4199981689453,388.2400817871094
2022-05-09,30296.953125,172.8800048828125,375.80963134765625
2022-05-10,31022.90625,171.4199981689453,376.677978515625
2022-05-11,28936.35546875,172.82000732421875,370.6940002441406
2022-05-12,29047.751953125,170.1699981689453,370.3070068359375
2022-05-13,29283.103515625,168.7899932861328,379.1602783203125
2022-05-16,29862.91796875,170.39999389648438,377.6217956542969
2022-05-17,30425.857421875,169.3300018310547,385.3896484375
2022-05-18,28720.271484375,169.4199981689453,369.8539733886719
2022-05-19,30314.333984375,171.91000366210938,367.5887451171875
2022-05-20,29200.740234375,172.02999877929688,367.7492980957031
2022-05-23,29098.91015625,172.8300018310547,374.6298828125
2022-05-24,29655.5859375,174.1300048828125,371.77001953125
2022-05-25,29562.361328125,173.0800018310547,375.05450439453125
2022-05-26,29267.224609375,172.75999450683594,382.54876708984375
2022-05-27,28627.57421875,172.85000610351562,391.9399108886719
2022-05-31,31792.310546875,171.13999938964844,389.7407531738281
2022-06-01,29799.080078125,172.22999572753906,386.5882873535156
2022-06-02,30467.48828125,174.35000610351562,393.9503479003906
2022-06-03,29704.390625,172.5800018310547,387.48492431640625
2022-06-06,31370.671875,171.82000732421875,388.664794921875
2022-06-07,31155.478515625,172.94000244140625,392.39300537109375
2022-06-08,30214.35546875,172.77999877929688,388.1267395019531
2022-06-09,30111.998046875,172.22999572753906,378.89605712890625
2022-06-10,29083.8046875,174.5399932861328,367.90966796875
2022-06-13,22487.388671875,169.92999267578125,353.9407653808594
2022-06-14,22206.79296875,168.57000732421875,352.8742370605469
2022-06-15,22572.83984375,170.77000427246094,357.9049987792969
2022-06-16,20381.650390625,172.69000244140625,346.0597229003906
2022-06-17,20471.482421875,171.27000427246094,346.80572509765625
2022-06-21,20710.59765625,170.6300048828125,355.5361022949219
2022-06-22,19987.029296875,171.30999755859375,354.8914489746094
2022-06-23,21085.876953125,170.25999450683594,358.37042236328125
2022-06-24,21231.65625,170.08999633789062,369.7643127441406
2022-06-27,20735.478515625,169.89999389648438,368.35198974609375
2022-06-28,20280.634765625,169.6199951171875,360.825439453125
2022-06-29,20104.0234375,169.49000549316406,360.5316162109375
2022-06-30,19784.7265625,168.4600067138672,357.6025390625
2022-07-01,19269.3671875,168.32000732421875,361.3847351074219
2022-07-05,20190.115234375,164.75,362.0672912597656
2022-07-06,20548.24609375,162.13999938964844,363.2900695800781
2022-07-07,21637.587890625,162.22999572753906,368.7311096191406
2022-07-08,21731.1171875,162.3000030517578,368.4278259277344
2022-07-11,19970.556640625,161.42999267578125,364.21905517578125
2022-07-12,19323.9140625,160.8300018310547,360.99609375
2022-07-13,20212.07421875,161.60000610351562,359.1002502441406
2022-07-14,20569.919921875,159.3300018310547,358.2281188964844
2022-07-15,20836.328125,159.00999450683594,365.07220458984375
2022-07-18,22485.689453125,159.16000366210938,362.05780029296875
2022-07-19,23389.43359375,159.5399932861328,371.8403015136719
2022-07-20,23231.732421875,158.0399932861328,374.2100830078125
2022-07-21,23164.62890625,160.27000427246094,378.0207214355469
2022-07-22,22714.978515625,160.6699981689453,374.51336669921875
2022-07-25,21361.701171875,160.22999572753906,374.9684143066406
2022-07-26,21239.75390625,160.0399932861328,370.53216552734375
2022-07-27,22930.548828125,161.6699981689453,380.1535339355469
2022-07-28,23843.88671875,163.63999938964844,384.92156982421875
2022-07-29,23804.6328125,164.10000610351562,390.53326416015625
2022-08-01,23314.19921875,165.02999877929688,389.3768310546875
2022-08-02,22978.1171875,164.0500030517578,386.8079528808594
2022-08-03,22846.5078125,164.4499969482422,392.8652038574219
2022-08-04,22630.95703125,167.1699981689453,392.5997314453125
2022-08-05,23289.314453125,165.2899932861328,391.93621826171875
2022-08-08,23809.486328125,166.69000244140625,391.4811706542969
2022-08-09,23164.318359375,167.1999969482422,389.9266357421875
2022-08-10,23947.642578125,166.77999877929688,398.1165466308594
2022-08-11,23957.529296875,166.33999633789062,398.1165466308594
2022-08-12,24402.818359375,167.8699951171875,404.85638427734375
2022-08-15,24136.97265625,165.7100067138672,406.5246887207031
2022-08-16,23883.291015625,165.4199981689453,407.3208923339844
2022-08-17,23335.998046875,164.35000610351562,404.42974853515625
2022-08-18,23212.73828125,163.9199981689453,405.60516357421875
2022-08-19,20877.552734375,162.72000122070312,400.1546936035156
2022-08-22,21398.908203125,161.63999938964844,391.8224792480469
2022-08-23,21528.087890625,162.77000427246094,390.8744812011719
2022-08-24,21395.01953125,163.25,392.12579345703125
2022-08-25,21600.904296875,163.75,397.66162109375
2022-08-26,20260.01953125,161.75999450683594,384.2012023925781
2022-08-29,20297.994140625,161.86000061035156,381.6607360839844
2022-08-30,19796.80859375,160.50999450683594,377.4709167480469
2022-08-31,20049.763671875,159.27000427246094,374.5987243652344
2022-09-01,20127.140625,157.8699951171875,375.7741394042969
2022-09-02,19969.771484375,159.25999450683594,371.8118591308594
2022-09-06,18837.66796875,158.3300018310547,370.408935546875
2022-09-07,19290.32421875,159.94000244140625,377.0633850097656
2022-09-08,19329.833984375,158.97999572753906,379.5279235839844
2022-09-09,21381.15234375,159.82000732421875,385.42401123046875
2022-09-12,22370.44921875,160.6300048828125,389.5663757324219
2022-09-13,20296.70703125,158.5399932861328,372.6271057128906
2022-09-14,20241.08984375,157.92999267578125,374.0489501953125
2022-09-15,19701.2109375,154.97999572753906,369.80224609375
2022-09-16,19772.583984375,155.83999633789062,366.9810791015625
2022-09-19,19544.12890625,155.9600067138672,369.8269958496094
2022-09-20,18890.7890625,155.07000732421875,365.5819396972656
2022-09-21,18547.400390625,155.7899932861328,359.20477294921875
2022-09-22,19413.55078125,155.6999969482422,356.1875305175781
2022-09-23,19297.638671875,153.00999450683594,350.2197265625
2022-09-26,19222.671875,151.22999572753906,346.7550964355469
2022-09-27,19110.546875,151.5399932861328,345.8699035644531
2022-09-28,19426.720703125,154.69000244140625,352.67535400390625
2022-09-29,19573.05078125,154.66000366210938,345.3083190917969
2022-09-30,19431.7890625,154.6699981689453,339.9685974121094
2022-10-03,19623.580078125,158.42999267578125,348.9442138671875
2022-10-04,20336.84375,160.6999969482422,359.75677490234375
2022-10-05,20160.716796875,159.80999755859375,358.9192199707031
2022-10-06,19955.443359375,159.6300048828125,355.21673583984375
2022-10-07,19546.849609375,157.8800048828125,345.3083190917969
2022-10-10,19141.484375,155.47999572753906,342.6717529296875
2022-10-11,19051.41796875,155.16000366210938,340.50164794921875
2022-10-12,19157.4453125,155.99000549316406,339.3785400390625
2022-10-13,19382.904296875,154.91000366210938,348.3350524902344
2022-10-14,19185.65625,152.97999572753906,340.39691162109375
2022-10-17,19550.7578125,153.4199981689453,349.14410400390625
2022-10-18,19334.416015625,153.75,353.2464904785156
2022-10-19,19139.53515625,151.69000244140625,350.7431945800781
2022-10-20,19053.740234375,151.4499969482422,347.8020935058594
2022-10-21,19172.46875,154.14999389648438,356.2541809082031
2022-10-24,19345.572265625,153.64999389648438,360.61346435546875
2022-10-25,20095.857421875,154.0,366.3719482421875
2022-10-26,20770.44140625,154.97999572753906,363.61163330078125
2022-10-27,20285.8359375,154.74000549316406,361.6699523925781
2022-10-28,20595.3515625,153.16000366210938,370.2743835449219
2022-10-31,20495.7734375,151.91000366210938,367.5997314453125
2022-11-01,20485.2734375,153.4600067138672,365.9912109375
2022-11-02,20159.50390625,152.38999938964844,356.80621337890625
2022-11-03,20209.98828125,151.80999755859375,353.1322021484375
2022-11-04,21147.23046875,156.47000122070312,358.2148742675781
2022-11-07,20602.81640625,155.85000610351562,361.6414489746094
2022-11-08,18541.271484375,159.4499969482422,363.5926513671875
2022-11-09,15880.7802734375,158.64999389648438,356.10186767578125
2022-11-10,17586.771484375,163.47999572753906,375.6711730957031
2022-11-11,17034.29296875,164.55999755859375,379.3070983886719
2022-11-14,16618.19921875,164.9199981689453,376.0804443359375
2022-11-15,16884.61328125,165.5,379.2879943847656
2022-11-16,16669.439453125,165.1199951171875,376.3945617675781
2022-11-17,16687.517578125,163.9199981689453,375.2428283691406
2022-11-18,16697.77734375,162.7899932861328,376.946533203125
2022-11-21,15787.2841796875,161.8800048828125,375.5758972167969
2022-11-22,16189.76953125,162.07000732421875,380.6300354003906
2022-11-23,16610.70703125,163.0800018310547,383.0287170410156
2022-11-25,16521.841796875,163.22000122070312,382.9430236816406
2022-11-28,16217.322265625,161.92999267578125,376.83233642578125
2022-11-29,16444.982421875,162.72999572753906,376.1851501464844
2022-11-30,17168.56640625,164.80999755859375,388.03515625
2022-12-01,16967.1328125,167.83999633789062,387.74969482421875
2022-12-02,17088.66015625,167.25999450683594,387.3023681640625
2022-12-05,16974.826171875,164.38999938964844,380.3350524902344
2022-12-06,17089.50390625,164.83999633789062,374.8525390625
2022-12-07,16848.126953125,166.3300018310547,374.2148742675781
2022-12-08,17233.474609375,166.47000122070312,377.14654541015625
2022-12-09,17133.15234375,167.05999755859375,374.3291015625
2022-12-12,17206.4375,165.67999267578125,379.72589111328125
2022-12-13,17781.318359375,168.50999450683594,382.600341796875
2022-12-14,17815.650390625,168.10000610351562,380.1542053222656
2022-12-15,17364.865234375,165.35000610351562,370.85504150390625
2022-12-16,16647.484375,166.7899932861328,366.4765930175781
2022-12-19,16439.6796875,166.32000732421875,363.3690185546875
2022-12-20,16906.3046875,169.0800018310547,363.8662109375
2022-12-21,16817.53515625,168.8000030517578,369.3069152832031
2022-12-22,16830.341796875,166.75999450683594,364.0382995605469
2022-12-23,16796.953125,167.25999450683594,366.1324157714844
2022-12-27,16717.173828125,168.6699981689453,364.6885681152344
2022-12-28,16552.572265625,167.91000366210938,360.1562805175781
2022-12-29,16642.341796875,168.85000610351562,366.63916015625
2022-12-30,16602.5859375,169.63999938964844,365.6734619140625
2023-01-03,16679.857421875,171.05999755859375,364.13397216796875
2023-01-04,16863.23828125,172.6699981689453,366.94512939453125
2023-01-05,16836.736328125,170.52000427246094,362.7569885253906
2023-01-06,16951.96875,173.7100067138672,371.0758361816406
2023-01-09,17196.5546875,174.10000610351562,370.8654479980469
2023-01-10,17446.29296875,174.74000549316406,373.4662780761719
2023-01-11,17934.896484375,174.6199951171875,378.1899108886719
2023-01-12,18869.587890625,176.63999938964844,379.5667724609375
2023-01-13,19909.57421875,178.75999450683594,381.0392761230469
2023-01-17,21161.51953125,177.58999633789062,380.34124755859375
2023-01-18,20688.78125,177.0800018310547,374.3364562988281
2023-01-19,21086.79296875,179.88999938964844,371.61126708984375
2023-01-20,22676.552734375,179.2899932861328,378.53411865234375
2023-01-23,22934.431640625,179.6300048828125,383.07598876953125
2023-01-24,22636.46875,180.27999877929688,382.664794921875
2023-01-25,23117.859375,181.11000061035156,382.80828857421875
2023-01-26,23032.77734375,179.47000122070312,387.01544189453125
2023-01-27,23078.728515625,179.22000122070312,387.90472412109375
2023-01-30,22840.138671875,178.75999450683594,383.0377197265625
2023-01-31,23139.283203125,179.41000366210938,388.66961669921875
2023-02-01,23723.76953125,181.6699981689453,392.80035400390625
2023-02-02,23471.87109375,177.89999389648438,398.5184020996094
2023-02-03,23449.322265625,173.4600067138672,394.2824401855469
2023-02-06,22760.109375,173.82000732421875,391.87286376953125
2023-02-07,23264.291015625,173.97999572753906,396.9979553222656
2023-02-08,22939.3984375,174.41000366210938,392.6569519042969
2023-02-09,21819.0390625,173.02999877929688,389.2529602050781
2023-02-10,21651.18359375,173.36000061035156,390.1612854003906
2023-02-13,21808.1015625,172.47999572753906,394.74139404296875
2023-02-14,22220.8046875,172.61000061035156,394.55975341796875
2023-02-15,24307.841796875,170.88999938964844,395.8410339355469
2023-02-16,23623.474609375,170.75,390.39080810546875
2023-02-17,24565.6015625,171.25999450683594,389.4154052734375
2023-02-21,24436.353515625,170.6199951171875,381.6034240722656
2023-02-22,24188.84375,169.66000366210938,381.0775146484375
2023-02-23,23947.4921875,169.57000732421875,383.1046447753906
2023-02-24,23198.126953125,168.35000610351562,379.01220703125
2023-02-27,23522.87109375,169.00999450683594,380.3030090332031
2023-02-28,23147.353515625,169.77999877929688,378.8974609375
2023-03-01,23646.55078125,170.75999450683594,377.4440612792969
2023-03-02,23475.466796875,170.66000366210938,380.37957763671875
2023-03-03,22362.6796875,172.49000549316406,386.47998046875
2023-03-06,22429.7578125,171.6199951171875,386.74774169921875
2023-03-07,22219.76953125,168.6199951171875,380.8193359375
2023-03-08,21718.080078125,168.5399932861328,381.4408874511719
2023-03-09,20363.021484375,170.1999969482422,374.4033203125
2023-03-10,20187.244140625,173.8699951171875,369.0008850097656
2023-03-13,24197.533203125,177.86000061035156,368.4750671386719
2023-03-14,24746.07421875,176.8300018310547,374.5658874511719
2023-03-15,24375.9609375,178.2100067138672,372.2232360839844
2023-03-16,25052.7890625,178.57000732421875,378.7539978027344
2023-03-17,27423.9296875,183.77000427246094,374.3253479003906
2023-03-20,27767.236328125,183.83999633789062,377.9247131347656
2023-03-21,28175.81640625,180.3699951171875,382.8871154785156
2023-03-22,27307.4375,183.44000244140625,376.3602294921875
2023-03-23,28333.97265625,185.74000549316406,377.3775939941406
2023-03-24,27493.28515625,183.64999389648438,379.8539733886719
2023-03-27,27139.888671875,181.9499969482422,380.5642395019531
2023-03-28,27268.130859375,183.44000244140625,379.71002197265625
2023-03-29,28348.44140625,182.52999877929688,385.2289733886719
2023-03-30,28033.5625,184.17999267578125,387.48468017578125
2023-03-31,28478.484375,183.22000122070312,392.9461364746094
2023-04-03,27790.220703125,184.5399932861328,394.4434814453125
2023-04-04,28168.08984375,187.97999572753906,392.2550048828125
2023-04-05,28177.984375,187.8300018310547,391.22802734375
2023-04-06,28044.140625,186.49000549316406,392.75421142578125
2023-04-10,29652.98046875,185.11000061035156,393.1571960449219
2023-04-11,30235.05859375,186.27999877929688,393.2629089355469
2023-04-12,30139.052734375,187.19000244140625,391.6599426269531
2023-04-13,30399.06640625,189.72000122070312,396.86224365234375
2023-04-14,30485.69921875,186.36000061035156,395.892822265625
2023-04-17,29445.044921875,185.52999877929688,397.3133850097656
2023-04-18,30397.552734375,186.25,397.572509765625
2023-04-19,28822.6796875,185.36000061035156,397.50537109375
2023-04-20,28245.98828125,186.08999633789062,395.3360900878906
2023-04-21,27276.91015625,184.25,395.643310546875
2023-04-24,27525.33984375,184.80999755859375,396.0559997558594
2023-04-25,28307.59765625,185.75,389.7690124511719
2023-04-26,28422.701171875,184.74000549316406,388.11810302734375
2023-04-27,29473.787109375,184.75,395.8448181152344
2023-04-28,29340.26171875,184.8000030517578,399.2234191894531
2023-05-01,28091.568359375,183.97000122070312,398.8203125
2023-05-02,28680.537109375,187.52000427246094,394.3379211425781
2023-05-03,29006.30859375,189.11000061035156,391.6311340332031
2023-05-04,28847.7109375,190.44000244140625,388.8572998046875
2023-05-05,29534.384765625,187.4600067138672,396.0559997558594
2023-05-08,27694.2734375,187.69000244140625,396.1615295410156
2023-05-09,27658.775390625,189.02000427246094,394.4242248535156
2023-05-10,27621.755859375,188.75,396.2671813964844
2023-05-11,27000.7890625,187.1300048828125,395.5760803222656
2023-05-12,26804.990234375,186.80999755859375,395.0577087402344
2023-05-15,27192.693359375,187.2100067138672,396.42071533203125
2023-05-16,27036.650390625,184.8699951171875,393.7716369628906
2023-05-17,27398.802734375,184.22999572753906,398.5516052246094
2023-05-18,26832.208984375,181.83999633789062,402.3908386230469
2023-05-19,26890.12890625,183.63999938964844,401.80535888671875
2023-05-22,26851.27734375,183.2100067138672,401.96856689453125
2023-05-23,27225.7265625,183.42999267578125,397.4573669433594
2023-05-24,26334.818359375,181.9499969482422,394.5778503417969
2023-05-25,26476.20703125,180.1999969482422,397.9947814941406
2023-05-26,26719.291015625,180.9199981689453,403.1490783691406
2023-05-30,27702.349609375,182.0399932861328,403.302734375
2023-05-31,27219.658203125,182.32000732421875,401.0662841796875
2023-06-01,26819.97265625,183.75999450683594,404.8768310546875
2023-06-02,27249.58984375,181.0500030517578,410.7318420410156
2023-06-05,25760.09765625,182.13999938964844,409.9447937011719
2023-06-06,27238.783203125,182.33999633789062,410.8373718261719
2023-06-07,26345.998046875,180.14999389648438,409.41680908203125
2023-06-08,26508.216796875,182.52999877929688,411.8932189941406
2023-06-09,26480.375,182.0399932861328,412.6322937011719
2023-06-12,25902.5,181.8800048828125,416.3756408691406
2023-06-13,25918.728515625,180.5399932861328,419.12078857421875
2023-06-14,25124.67578125,180.63999938964844,419.61981201171875
2023-06-15,25576.39453125,181.91000366210938,424.8221435546875
2023-06-16,26327.462890625,181.6300048828125,423.3751220703125
2023-06-20,28327.48828125,179.75,421.1785583496094
2023-06-21,30027.296875,179.49000549316406,419.0205383300781
2023-06-22,29912.28125,177.7100067138672,420.5331115722656
2023-06-23,30695.46875,178.1999969482422,417.3538818359375
2023-06-26,30271.130859375,178.50999450683594,415.6487121582031
2023-06-27,30688.1640625,177.69000244140625,420.2055358886719
2023-06-28,30086.24609375,177.27999877929688,420.41748046875
2023-06-29,30445.3515625,177.08999633789062,422.0744934082031
2023-06-30,30477.251953125,178.27000427246094,427.0553283691406
2023-07-03,31156.439453125,178.47000122070312,427.54669189453125
2023-07-05,30514.166015625,177.83999633789062,426.91082763671875
2023-07-06,29909.337890625,177.30999755859375,423.5677795410156
2023-07-07,30342.265625,178.63999938964844,422.49847412109375
2023-07-10,30414.470703125,178.77999877929688,423.5677795410156
2023-07-11,30620.951171875,179.4499969482422,426.2653503417969
2023-07-12,30391.646484375,181.8800048828125,429.695068359375
2023-07-13,31476.048828125,182.00999450683594,433.10546875
2023-07-14,30334.068359375,181.42999267578125,432.835693359375
2023-07-17,30145.888671875,181.55999755859375,434.338623046875
2023-07-18,29856.5625,183.63999938964844,437.5660705566406
2023-07-19,29913.923828125,183.6699981689453,438.5390625
2023-07-20,29792.015625,182.74000549316406,435.62957763671875
2023-07-21,29908.744140625,182.17999267578125,435.62957763671875
2023-07-24,29176.916015625,181.39999389648438,437.57574462890625
2023-07-25,29227.390625,182.41000366210938,438.7702941894531
2023-07-26,29354.97265625,183.3000030517578,438.83770751953125
2023-07-27,29210.689453125,180.4199981689453,435.9282531738281
2023-07-28,29319.24609375,181.86000061035156,440.196044921875
2023-07-31,29230.111328125,182.35000610351562,441.03424072265625
2023-08-01,29675.732421875,180.4600067138672,439.77215576171875
2023-08-02,29151.958984375,179.60000610351562,433.6546325683594
2023-08-03,29178.6796875,179.5399932861328,432.41180419921875
2023-08-04,29074.091796875,180.19000244140625,430.4560546875
2023-08-07,29180.578125,179.77999877929688,434.21343994140625
2023-08-08,29765.4921875,178.63999938964844,432.3250732421875
2023-08-09,29561.494140625,177.7899932861328,429.4349365234375
2023-08-10,29429.591796875,177.60000610351562,429.589111328125
2023-08-11,29397.71484375,177.60000610351562,429.3385925292969
2023-08-14,29408.443359375,177.05999755859375,431.70855712890625
2023-08-15,29170.34765625,176.58999633789062,426.6796569824219
2023-08-16,28701.779296875,175.57000732421875,423.54852294921875
2023-08-17,26664.55078125,175.3000030517578,420.3211975097656
2023-08-18,26049.556640625,175.3300018310547,420.5234680175781
2023-08-21,26124.140625,175.80999755859375,423.2595520019531
2023-08-22,26031.65625,176.10000610351562,422.1131286621094
2023-08-23,26431.640625,177.88999938964844,426.81451416015625
2023-08-24,26162.373046875,177.85000610351562,420.89923095703125
2023-08-25,26047.66796875,177.6199951171875,423.8664855957031
2023-08-28,26106.150390625,178.1300048828125,426.5543518066406
2023-08-29,27727.392578125,179.8699951171875,432.7201232910156
2023-08-30,27297.265625,180.32000732421875,434.50244140625
2023-08-31,25931.47265625,180.02000427246094,433.8665771484375
2023-09-01,25800.724609375,180.11000061035156,434.6757507324219
2023-09-05,25779.982421875,178.63999938964844,432.7971496582031
2023-09-06,25753.236328125,177.8300018310547,429.8876953125
2023-09-07,26240.1953125,178.02000427246094,428.56787109375
2023-09-08,25905.654296875,178.0800018310547,429.21331787109375
2023-09-11,25162.654296875,178.41000366210938,432.0361022949219
2023-09-12,25833.34375,177.49000549316406,429.6661682128906
2023-09-13,26228.32421875,177.0800018310547,430.1671142578125
2023-09-14,26539.673828125,177.1699981689453,433.8762512207031
2023-09-15,26608.693359375,178.33999633789062,428.64874267578125
2023-09-18,26754.28125,179.38999938964844,428.900146484375
2023-09-19,27211.1171875,179.22000122070312,428.0105895996094
2023-09-20,27132.0078125,179.35000610351562,424.0758361816406
2023-09-21,26567.6328125,178.0500030517578,417.0665588378906
2023-09-22,26579.568359375,178.6199951171875,416.1286926269531
2023-09-25,26298.48046875,177.6999969482422,417.878662109375
2023-09-26,26217.25,176.27999877929688,411.7394714355469
2023-09-27,26352.716796875,174.10000610351562,411.90380859375
2023-09-28,27021.546875,173.22999572753906,414.2917785644531
2023-09-29,26911.720703125,171.4499969482422,413.28631591796875
2023-10-02,27530.78515625,169.64999389648438,413.1219177246094
2023-10-03,27429.978515625,169.16000366210938,407.59185791015625
2023-10-04,27799.39453125,169.13999938964844,410.5599670410156
2023-10-05,27415.912109375,168.8300018310547,410.4052734375
2023-10-06,27946.59765625,169.6999969482422,415.27789306640625
2023-10-09,27583.677734375,172.82000732421875,417.9366149902344
2023-10-10,27391.01953125,172.52999877929688,420.1119079589844
2023-10-11,26873.3203125,173.7899932861328,421.83282470703125
2023-10-12,26756.798828125,173.25999450683594,419.2611389160156
2023-10-13,26862.375,178.8300018310547,417.1728515625
2023-10-16,28519.466796875,177.9600067138672,421.5621337890625
2023-10-17,28415.748046875,178.2899932861328,421.5427551269531
2023-10-18,28328.341796875,180.8699951171875,415.9256896972656
2023-10-19,28719.806640625,183.08999633789062,412.2711486816406
2023-10-20,29682.94921875,183.58999633789062,407.2051696777344
2023-10-23,33086.234375,182.97000122070312,406.49932861328125
2023-10-24,33901.52734375,182.9499969482422,409.5641784667969
2023-10-25,34502.8203125,183.72000122070312,403.6860046386719
2023-10-26,34156.6484375,184.00999450683594,398.85198974609375
2023-10-27,33909.80078125,186.14999389648438,397.0440979003906
2023-10-30,34502.36328125,185.10000610351562,401.7911071777344
2023-10-31,34667.78125,184.08999633789062,404.3144226074219
2023-11-01,35437.25390625,183.50999450683594,408.6263427734375
2023-11-02,34938.2421875,184.1199951171875,416.4574279785156
2023-11-03,34732.32421875,184.7899932861328,420.2569274902344
2023-11-06,35037.37109375,183.35000610351562,421.2237243652344
2023-11-07,35443.5625,182.58999633789062,422.42254638671875
2023-11-08,35655.27734375,180.77000427246094,422.73193359375
2023-11-09,36693.125,181.49000549316406,419.4351806640625
2023-11-10,37313.96875,179.50999450683594,425.9803161621094
2023-11-13,36502.35546875,180.50999450683594,425.5743103027344
2023-11-14,35537.640625,182.1199951171875,433.8307800292969
2023-11-15,37880.58203125,181.63999938964844,434.7491760253906
2023-11-16,36154.76953125,183.69000244140625,435.28094482421875
2023-11-17,36596.68359375,183.6699981689453,435.8222961425781
2023-11-20,37476.95703125,183.3699951171875,439.1771545410156
2023-11-21,35813.8125,185.35000610351562,438.2200012207031
2023-11-22,37432.33984375,184.55999755859375,439.911865234375
2023-11-24,37720.28125,185.52000427246094,440.1825866699219
2023-11-27,37254.16796875,186.77000427246094,439.3898620605469
2023-11-28,37831.0859375,189.25999450683594,439.82489013671875
2023-11-29,37858.4921875,189.5399932861328,439.5155029296875
2023-11-30,37712.74609375,188.75,441.24609375
2023-12-01,38688.75,192.00999450683594,443.8564453125
2023-12-04,41980.09765625,187.86000061035156,441.5264892578125
2023-12-05,44080.6484375,187.14999389648438,441.4394836425781
2023-12-06,43746.4453125,187.83999633789062,439.6605529785156
2023-12-07,43292.6640625,188.14999389648438,443.01531982421875
2023-12-08,44166.6015625,185.63999938964844,444.919921875
2023-12-11,41243.83203125,183.58999633789062,446.6504821777344
2023-12-12,41450.22265625,183.49000549316406,448.6903991699219
2023-12-13,42890.7421875,187.6300048828125,454.8778991699219
2023-12-14,43023.97265625,188.72999572753906,456.3377380371094
2023-12-15,41929.7578125,187.0,455.5863952636719
2023-12-18,42623.5390625,187.85000610351562,458.1491394042969
2023-12-19,42270.52734375,189.1300048828125,460.93505859375
2023-12-20,43652.25,188.10000610351562,454.5478210449219
2023-12-21,43869.15234375,189.42999267578125,458.8577575683594
2023-12-22,43997.90234375,190.27000427246094,459.7798767089844
2023-12-26,42520.40234375,191.72000122070312,461.7213439941406
2023-12-27,43442.85546875,192.58999633789062,462.5561828613281
2023-12-28,42627.85546875,191.47000122070312,462.73089599609375
2023-12-29,42099.40234375,191.1699981689453,461.39129638671875
2024-01-02,44957.96875,190.72000122070312,458.8092041015625
2024-01-03,42848.17578125,189.1300048828125,455.06219482421875
2024-01-04,44179.921875,189.32000732421875,453.5964660644531
2024-01-05,44162.69140625,189.35000610351562,454.2177734375
2024-01-08,46970.50390625,187.8699951171875,460.7021179199219
2024-01-09,46139.73046875,187.92999267578125,460.0032043457031
2024-01-10,46627.77734375,187.5,462.60467529296875
2024-01-11,46368.5859375,187.8699951171875,462.40087890625
2024-01-12,42853.16796875,189.7100067138672,462.72119140625
2024-01-16,43154.9453125,187.91000366210938,461.02239990234375
2024-01-17,42742.65234375,185.83999633789062,458.459716796875
2024-01-18,41262.05859375,187.3699951171875,462.5367126464844
2024-01-19,41618.40625,187.92999267578125,468.3028564453125
2024-01-22,39507.3671875,187.22000122070312,469.29296875
2024-01-23,39845.55078125,187.9499969482422,470.66168212890625
2024-01-24,40077.07421875,186.39999389648438,471.1761779785156
2024-01-25,39933.80859375,187.13999938964844,473.73876953125
2024-01-26,41816.87109375,187.00999450683594,473.136962890625
2024-01-29,43288.24609375,188.3300018310547,476.88397216796875
2024-01-30,42952.609375,188.58999633789062,476.5151062011719
2024-01-31,42582.60546875,188.4499969482422,468.73968505859375
2024-02-01,43075.7734375,190.41000366210938,474.87457275390625
2024-02-02,43185.859375,188.61000061035156,479.8738098144531
2024-02-05,42658.66796875,187.57000732421875,478.12646484375
2024-02-06,43084.671875,188.5500030517578,479.5146484375
2024-02-07,44318.22265625,188.5,483.5139465332031
2024-02-08,45301.56640625,188.3300018310547,483.7275085449219
2024-02-09,47147.19921875,187.60000610351562,486.52313232421875
2024-02-12,49958.22265625,187.11000061035156,486.30963134765625
2024-02-13,49742.44140625,184.52999877929688,479.6116638183594
2024-02-14,51826.6953125,184.4199981689453,483.97021484375
2024-02-15,51938.5546875,185.66000366210938,487.3094787597656
2024-02-16,52160.203125,186.33999633789062,484.8826599121094
2024-02-20,52284.875,187.47000122070312,482.21319580078125
2024-02-21,51839.1796875,187.47999572753906,482.6499938964844
2024-02-22,51304.97265625,187.55999755859375,492.63873291015625
2024-02-23,50731.94921875,188.6199951171875,492.9784240722656
2024-02-26,54522.40234375,188.1999969482422,491.1728820800781
2024-02-27,57085.37109375,188.0,492.08538818359375
2024-02-28,62504.7890625,188.33999633789062,491.4350280761719
2024-02-29,61198.3828125,189.30999755859375,493.20172119140625
2024-03-01,62440.6328125,192.88999938964844,497.83203125
2024-03-04,68330.4140625,196.00999450683594,497.298095703125
2024-03-05,63801.19921875,197.19000244140625,492.32806396484375
2024-03-06,66106.8046875,198.80999755859375,494.82281494140625
2024-03-07,66925.484375,199.94000244140625,499.7345886230469
2024-03-08,68300.09375,201.6300048828125,496.73516845703125
2024-03-11,72123.90625,202.0,496.30804443359375
2024-03-12,71481.2890625,199.7899932861328,501.6469421386719
2024-03-13,73083.5,201.19000244140625,500.8605651855469
2024-03-14,71396.59375,200.35000610351562,499.87054443359375
2024-03-15,69403.7734375,199.7100067138672,496.4381408691406
2024-03-18,67548.59375,200.02999877929688,499.3885192871094
2024-03-19,61912.7734375,199.8000030517578,502.1636962890625
2024-03-20,67913.671875,202.17999267578125,506.808349609375
2024-03-21,65491.390625,201.97000122070312,508.4831848144531
2024-03-22,63778.76171875,200.35000610351562,507.5191955566406
2024-03-25,69958.8125,200.99000549316406,506.1170959472656
2024-03-26,69987.8359375,201.63999938964844,505.1822204589844
2024-03-27,69455.34375,203.10000610351562,509.427734375
2024-03-28,70744.953125,205.72000122070312,509.3303527832031
2024-04-01,69702.1484375,207.82000732421875,508.4442138671875
2024-04-02,65446.97265625,210.88999938964844,505.21148681640625
2024-04-03,65980.8125,212.74000549316406,505.7664489746094
2024-04-04,68508.84375,211.52000427246094,499.5930480957031
2024-04-05,67837.640625,215.13999938964844,504.81219482421875
2024-04-08,71631.359375,216.47999572753906,505.0946044921875
2024-04-09,69139.015625,217.6699981689453,505.67889404296875
2024-04-10,70587.8828125,215.61000061035156,500.615478515625
2024-04-11,70060.609375,219.8000030517578,504.3935546875
2024-04-12,67195.8671875,216.88999938964844,497.4313659667969
2024-04-15,63426.2109375,220.9499969482422,491.199462890625
2024-04-16,63811.86328125,221.22000122070312,490.3036193847656
2024-04-17,61276.69140625,219.58999633789062,487.40185546875
2024-04-18,63512.75390625,220.33999633789062,486.3989562988281
2024-04-19,63843.5703125,221.02999877929688,482.1534729003906
2024-04-22,66837.6796875,215.57000732421875,486.59368896484375
2024-04-23,66407.2734375,215.0399932861328,492.367919921875
2024-04-24,64276.8984375,214.63999938964844,492.1342468261719
2024-04-25,64481.70703125,215.9199981689453,490.2646789550781
2024-04-26,63755.3203125,216.6199951171875,494.90936279296875
2024-04-29,63841.12109375,216.17999267578125,496.66204833984375
2024-04-30,60636.85546875,211.8699951171875,488.7943420410156
2024-05-01,58254.01171875,213.7899932861328,487.2071838378906
2024-05-02,59123.43359375,213.1300048828125,491.76422119140625
2024-05-03,62889.8359375,212.9600067138672,497.8598327636719
2024-05-06,63161.94921875,215.1999969482422,503.0010681152344
2024-05-07,62334.81640625,214.2100067138672,503.5561218261719
2024-05-08,61187.94140625,213.5800018310547,503.6048278808594
2024-05-09,63049.9609375,216.9499969482422,506.5064392089844
2024-05-10,60792.77734375,218.7100067138672,507.1589660644531
2024-05-13,62901.44921875,216.25999450683594,507.2270812988281
2024-05-14,61552.7890625,218.08999633789062,509.5543212890625
2024-05-15,66267.4921875,220.88999938964844,515.8641357421875
2024-05-16,65231.58203125,220.02999877929688,514.8026733398438
2024-05-17,67051.875,223.66000366210938,515.542724609375
2024-05-20,71448.1953125,224.55999755859375,516.13671875
2024-05-21,70136.53125,224.22999572753906,517.402587890625
2024-05-22,69122.3359375,220.11000061035156,515.9129028320312
2024-05-23,67929.5625,215.72000122070312,512.1444702148438
2024-05-24,68526.1015625,215.9199981689453,515.5330200195312
2024-05-28,68296.21875,218.19000244140625,515.893310546875
2024-05-29,67578.09375,216.16000366210938,512.2807006835938
2024-05-30,68364.9921875,216.57000732421875,508.88250732421875
2024-05-31,67491.4140625,215.3000030517578,513.5174560546875
2024-06-03,68804.78125,217.22000122070312,513.9361572265625
2024-06-04,70567.765625,215.27000427246094,514.5106201171875
2024-06-05,71082.8203125,217.82000732421875,520.6256103515625
2024-06-06,70757.1640625,219.42999267578125,520.6158447265625
2024-06-07,69342.5859375,211.60000610351562,519.9830322265625
2024-06-10,69512.28125,213.5399932861328,521.5896606445312
2024-06-11,67332.03125,214.14999389648438,522.8457641601562
2024-06-12,68241.1875,214.72000122070312,527.1399536132812
2024-06-13,66756.3984375,212.97000122070312,528.2013549804688
2024-06-14,66011.09375,215.72999572753906,528.522705078125
2024-06-17,66490.296875,214.61000061035156,532.7291259765625
2024-06-18,65140.74609375,215.47000122070312,534.0825805664062
2024-06-20,64828.65625,218.16000366210938,532.6318359375
2024-06-21,64096.19921875,214.77999877929688,531.9176635742188
2024-06-24,60277.4140625,215.6300048828125,530.1886596679688
2024-06-25,61804.640625,214.55999755859375,532.2302856445312
2024-06-26,60811.27734375,212.5800018310547,532.8945922851562
2024-06-27,61604.80078125,214.99000549316406,533.7347412109375
2024-06-28,60320.13671875,215.00999450683594,531.6343994140625
2024-07-01,62851.98046875,215.57000732421875,532.728515625
2024-07-02,62029.015625,215.55999755859375,536.3135986328125
2024-07-03,60173.921875,217.99000549316406,538.70703125
2024-07-05,56662.375,220.92999267578125,541.8134765625
2024-07-08,56705.09765625,218.19000244140625,542.4385986328125
2024-07-09,58009.2265625,218.55999755859375,542.9661865234375
2024-07-10,57742.49609375,219.36000061035156,548.3389282226562
2024-07-11,57344.9140625,223.25,543.61083984375
2024-07-12,57899.46484375,223.11000061035156,547.0396728515625
2024-07-15,64870.15234375,223.8300018310547,548.5441284179688
2024-07-16,65097.1484375,228.2899932861328,551.797119140625
2024-07-17,64118.79296875,227.22999572753906,544.060302734375
2024-07-18,63974.06640625,225.77999877929688,539.8792114257812
2024-07-19,66710.15625,221.72999572753906,536.2940063476562
2024-07-22,67585.25,221.8000030517578,541.8231811523438
2024-07-23,65927.671875,222.5800018310547,540.973388671875
2024-07-24,65372.1328125,221.8000030517578,528.7135009765625
2024-07-25,65777.2265625,218.3300018310547,525.958740234375
2024-07-26,67912.0625,220.6300048828125,531.8492431640625
2024-07-29,66819.9140625,220.32000732421875,532.1619262695312
2024-07-30,66201.015625,222.52000427246094,529.4657592773438
2024-07-31,64619.25,226.5500030517578,538.072021484375
2024-08-01,65357.5,225.77000427246094,530.4523315429688
2024-08-02,61415.06640625,225.33999633789062,520.5762329101562
2024-08-05,53991.45703125,222.47999572753906,505.4150390625
2024-08-06,56034.31640625,220.6999969482422,510.07476806640625
2024-08-07,55027.4609375,220.5500030517578,506.6654052734375
2024-08-08,61710.13671875,224.00999450683594,518.378173828125
2024-08-09,60880.11328125,224.55999755859375,520.6640625
2024-08-12,59354.515625,228.41000366210938,520.9376831054688
2024-08-13,60609.56640625,228.05999755859375,529.5047607421875
2024-08-14,58737.26953125,226.1999969482422,531.1752319335938
2024-08-15,57560.09765625,226.91000366210938,540.2797241210938
2024-08-16,58894.10546875,231.99000549316406,541.4910278320312
2024-08-19,59493.453125,231.61000061035156,546.66845703125
2024-08-20,59012.79296875,232.4600067138672,545.7796020507812
2024-08-21,61175.19140625,232.14999389648438,547.655029296875
2024-08-22,60381.9140625,229.3699951171875,543.3568725585938
2024-08-23,64094.35546875,232.02000427246094,549.1301879882812
2024-08-26,62880.66015625,232.75999450683594,547.8212280273438
2024-08-27,59504.1328125,233.38999938964844,548.5734252929688
2024-08-28,59027.625,231.75,545.3887939453125
2024-08-29,59388.1796875,232.9499969482422,545.4375610351562
2024-08-30,59119.4765625,231.2899932861328,550.6443481445312
2024-09-03,57431.0234375,230.2899932861328,539.3125
2024-09-04,57971.5390625,230.42999267578125,538.2088012695312
2024-09-05,56160.48828125,232.35000610351562,536.8997802734375
2024-09-06,53948.75390625,230.6300048828125,527.8636474609375
2024-09-09,57019.53515625,231.60000610351562,533.7738037109375
2024-09-10,57648.7109375,232.6199951171875,536.0986938476562
2024-09-11,57343.171875,232.25,541.5983276367188
2024-09-12,58127.01171875,236.3300018310547,546.1604614257812
2024-09-13,60571.30078125,238.67999267578125,549.0130615234375
2024-09-16,58192.5078125,238.66000366210938,549.8239135742188
2024-09-17,60308.5390625,237.33999633789062,550.0485229492188
2024-09-18,61649.6796875,235.50999450683594,548.4171142578125
2024-09-19,62940.45703125,239.1699981689453,557.7754516601562
2024-09-20,63192.9765625,242.2100067138672,556.8114013671875
2024-09-23,63329.80078125,242.67999267578125,558.2027587890625
2024-09-24,64301.96875,246.07000732421875,559.7999267578125
2024-09-25,63143.14453125,245.72999572753906,558.5652465820312
2024-09-26,65181.01953125,246.97999572753906,560.7798461914062
2024-09-27,65790.6640625,245.02000427246094,559.966552734375
2024-09-30,63329.5,243.05999755859375,562.2103881835938
2024-10-01,60837.0078125,245.61000061035156,557.1738891601562
2024-10-02,60632.78515625,245.66000366210938,557.4091186523438
2024-10-03,60759.40234375,245.49000549316406,556.3900146484375
2024-10-04,62067.4765625,245.0,561.4461059570312
2024-10-07,62236.66015625,244.1699981689453,556.3704223632812
2024-10-08,62131.96875,242.3699951171875,561.6322631835938
2024-10-09,60582.1015625,241.0500030517578,565.5223999023438
2024-10-10,60274.5,242.82000732421875,564.5326538085938
2024-10-11,62445.08984375,245.47000122070312,567.9132080078125
2024-10-14,66046.125,245.07000732421875,572.5578002929688
2024-10-15,67041.109375,245.9199981689453,568.109375
2024-10-16,67612.71875,247.14999389648438,570.5784912109375
2024-10-17,67399.8359375,248.6300048828125,570.6275024414062
2024-10-18,68418.7890625,251.27000427246094,572.8224487304688
2024-10-21,67367.8515625,251.22000122070312,571.8817749023438
2024-10-22,67361.40625,253.92999267578125,571.5780029296875
2024-10-23,66432.1953125,250.8699951171875,566.355224609375
2024-10-24,68161.0546875,252.8000030517578,567.5801391601562
2024-10-25,66642.4140625,253.32000732421875,567.3840942382812
2024-10-28,69907.7578125,253.3300018310547,569.1381225585938
2024-10-29,72720.4921875,256.0899963378906,570.0592651367188
2024-10-30,72339.5390625,257.5,568.3346557617188
2024-10-31,70215.1875,253.50999450683594,557.1934204101562
2024-11-01,69482.46875,252.47000122070312,559.5452270507812
2024-11-04,67811.5078125,252.8300018310547,558.33984375
2024-11-05,69359.5625,253.39999389648438,565.0912475585938
2024-11-06,75639.078125,245.6999969482422,579.1425170898438
2024-11-07,75904.859375,249.64999389648438,583.62060546875
2024-11-08,76545.4765625,247.9600067138672,586.148681640625
2024-11-11,88701.484375,242.13999938964844,586.707275390625
2024-11-12,87955.8125,240.0500030517578,584.8846435546875
2024-11-13,90584.1640625,237.6300048828125,585.1688232421875
2024-11-14,87250.4296875,237.00999450683594,581.4060668945312
2024-11-15,91066.0078125,236.58999633789062,573.9591064453125
2024-11-18,90542.640625,241.08999633789062,576.3108520507812
2024-11-19,92343.7890625,243.25,578.4174194335938
2024-11-20,94339.4921875,244.6199951171875,578.6134643554688
2024-11-21,98504.7265625,246.66000366210938,581.7196655273438
2024-11-22,98997.6640625,249.83999633789062,583.5226440429688
2024-11-25,93102.296875,242.47999572753906,585.5018920898438
2024-11-26,91985.3203125,242.9499969482422,588.5592041015625
2024-11-27,95962.53125,243.49000549316406,586.77587890625
2024-11-29,97461.5234375,245.58999633789062,590.4209594726562
2024-12-02,95865.3046875,243.44000244140625,591.4791870117188
2024-12-03,96002.1640625,243.92999267578125,591.7535400390625
2024-12-04,98768.53125,244.6699981689453,595.4281005859375
2024-12-05,96593.5703125,242.86000061035156,594.4481811523438
2024-12-06,99920.7109375,242.9499969482422,595.574951171875
2024-12-09,97432.71875,245.36000061035156,592.5079956054688
2024-12-10,96675.4296875,248.58999633789062,590.6658935546875
2024-12-11,101173.03125,250.9600067138672,595.232177734375
2024-12-12,100043.0,247.27999877929688,592.1651000976562
2024-12-13,101459.2578125,244.2899932861328,592.0474853515625
2024-12-16,106029.71875,244.8800048828125,594.575439453125
2024-12-17,106140.6015625,243.94000244140625,592.1258544921875
2024-12-18,100041.5390625,239.25999450683594,574.478515625
2024-12-19,97490.953125,239.60000610351562,574.3020629882812
2024-12-20,97755.9296875,242.10000610351562,581.199951171875
2024-12-23,94686.2421875,240.9600067138672,584.6803588867188
2024-12-24,98676.09375,241.44000244140625,591.1791381835938
2024-12-26,95795.515625,243.07000732421875,591.218505859375
2024-12-27,94164.859375,241.39999389648438,584.9949951171875
2024-12-30,92643.2109375,240.6300048828125,578.3192138671875
2024-12-31,93429.203125,242.1300048828125,576.2151489257812
2025-01-02,96886.875,245.4199981689453,574.799560546875
2025-01-03,98107.4296875,243.49000549316406,581.9864501953125
2025-01-06,102078.0859375,243.19000244140625,585.3390502929688
2025-01-07,96922.703125,244.55999755859375,578.7222900390625
2025-01-08,95043.5234375,245.86000061035156,579.56787109375
2025-01-10,94701.453125,248.2100067138672,570.7192993164062
2025-01-13,94516.5234375,245.74000549316406,571.604248046875
2025-01-14,96534.046875,247.02999877929688,572.3907470703125
2025-01-15,100504.4921875,248.8800048828125,582.802490234375
2025-01-16,99756.90625,250.60000610351562,581.6817626953125
2025-01-17,104462.0390625,249.27000427246094,587.521728515625
2025-01-21,106146.265625,253.1300048828125,592.8995361328125
2025-01-22,103653.0703125,254.42999267578125,596.2325439453125
2025-01-23,103960.171875,254.07000732421875,599.48681640625
2025-01-24,104819.484375,255.64999389648438,597.73681640625
2025-01-27,102087.6875,252.99000549316406,589.2816772460938
2025-01-28,101332.4765625,255.17999267578125,594.3449096679688
2025-01-29,103703.2109375,254.1999969482422,591.6804809570312
2025-01-30,104735.3046875,258.04998779296875,594.8561401367188
2025-01-31,102405.0234375,258.55999755859375,591.6903076171875
2025-02-03,101405.421875,259.94000244140625,587.7085571289062
2025-02-04,97871.8203125,262.5,591.6510009765625
2025-02-05,96615.4453125,264.1300048828125,594.0498046875
2025-02-06,96593.296875,263.42999267578125,596.1145629882812
2025-02-07,96529.0859375,263.8999938964844,590.6580810546875
2025-02-10,97437.5546875,268.3699951171875,594.6693115234375
2025-02-11,95747.4296875,267.3900146484375,595.12158203125
2025-02-12,97885.859375,267.6700134277344,593.2044067382812
2025-02-13,96623.8671875,270.30999755859375,599.4671630859375
2025-02-14,97508.96875,266.2900085449219,599.4376831054688
2025-02-18,95539.546875,270.70001220703125,601.1975708007812
2025-02-19,96635.609375,270.8500061035156,602.6133422851562
2025-02-20,98333.9375,270.989990234375,600.106201171875
2025-02-21,96125.546875,270.739990234375,589.8419799804688
2025-02-24,91418.171875,272.2099914550781,587.1578979492188
2025-02-25,88736.171875,268.6199951171875,584.2379150390625
2025-02-26,84347.0234375,269.0299987792969,584.5328369140625
2025-02-27,84704.2265625,264.92999267578125,575.2025756835938
2025-02-28,84373.0078125,263.2699890136719,584.178955078125
2025-03-03,86065.671875,266.739990234375,573.9441528320312
2025-03-04,87222.1953125,269.05999755859375,567.1504516601562
2025-03-05,90623.5625,269.6199951171875,573.2460327148438
2025-03-06,89961.7265625,268.25,563.0703125
2025-03-07,86742.671875,268.3900146484375,566.2262573242188
2025-03-10,78532.0,266.0400085449219,551.1444702148438
2025-03-11,82862.2109375,269.1600036621094,546.5628662109375
2025-03-12,83722.359375,270.3299865722656,549.4633178710938
2025-03-13,81066.703125,275.1300048828125,542.138671875
2025-03-14,83969.1015625,275.239990234375,553.3369750976562
2025-03-17,84075.6875,276.7300109863281,557.6039428710938
2025-03-18,82718.5,279.9599914550781,551.5770874023438
2025-03-19,86854.2265625,281.1099853515625,557.5842895507812
2025-03-20,84167.1953125,280.75,555.9718627929688
2025-03-21,84043.2421875,278.489990234375,556.1552734375
2025-03-24,87498.9140625,277.25,566.1151733398438
2025-03-25,87471.703125,278.4700012207031,567.4760131835938
2025-03-26,86900.8828125,278.239990234375,560.7013549804688
2025-03-27,87177.1015625,281.9700012207031,559.2123413085938
2025-03-28,84353.1484375,284.05999755859375,547.9506225585938
2025-03-31,82548.9140625,288.1400146484375,551.6289672851562
2025-04-01,85169.171875,287.57000732421875,553.1869506835938
2025-04-02,82485.7109375,288.1600036621094,556.687744140625
2025-04-03,83102.828125,286.4200134277344,529.2537231445312
2025-04-04,83843.8046875,279.7200012207031,498.2696838378906
2025-04-07,79235.3359375,273.7099914550781,497.3821716308594
2025-04-08,76271.953125,275.20001220703125,489.5917663574219
2025-04-09,82573.953125,285.3800048828125,541.0084228515625
2025-04-10,79626.140625,292.3500061035156,517.3018798828125
2025-04-11,83404.8359375,297.92999267578125,526.531982421875
2025-04-14,84542.390625,296.2300109863281,531.64013671875
2025-04-15,83668.9921875,297.7799987792969,530.151123046875
2025-04-16,84033.8671875,307.4700012207031,518.366943359375
2025-04-17,84895.75,306.1199951171875,519.1064453125
2025-04-21,87518.90625,315.5899963378906,506.7503356933594
2025-04-22,93441.890625,311.1099853515625,519.9349365234375
2025-04-23,93699.109375,303.6499938964844,527.9915161132812
2025-04-24,93943.796875,308.07000732421875,539.1051635742188
2025-04-25,94720.5,304.7300109863281,543.0003662109375
2025-04-28,94978.75,309.07000732421875,543.2074584960938
2025-04-29,94284.7890625,306.05999755859375,546.6293334960938
2025-04-30,94207.3125,303.7699890136719,546.84619140625
2025-05-01,96492.3359375,297.4599914550781,550.7216796875
2025-05-02,96910.0703125,297.9800109863281,558.8966674804688
2025-05-05,94748.0546875,306.8800048828125,555.6918334960938
2025-05-06,96802.4765625,315.4800109863281,551.0471801757812
2025-05-07,97032.3203125,310.75,553.3645629882812
2025-05-08,103241.4609375,304.6300048828125,557.2202758789062
2025-05-09,102970.8515625,306.8399963378906,556.51025390625
2025-05-12,102812.953125,298.19000244140625,574.9015502929688
2025-05-13,104169.8125,299.4599914550781,578.6982421875
2025-05-14,103539.4140625,293.1600036621094,579.437744140625
2025-05-15,103744.640625,297.8399963378906,582.2678833007812
2025-05-16,103489.2890625,294.239990234375,585.9559936523438
2025-05-19,105606.1796875,298.0299987792969,586.596923828125
2025-05-20,106791.0859375,303.5799865722656,584.6246948242188
2025-05-21,109678.078125,305.82000732421875,574.7733154296875
2025-05-22,111673.28125,303.1099853515625,575.0001831054688
2025-05-23,107287.796875,309.75,571.0753784179688
2025-05-27,108994.640625,304.5,582.9483032226562
2025-05-28,107802.328125,303.80999755859375,579.5757446289062
2025-05-29,105641.7578125,305.6099853515625,581.8635864257812
2025-05-30,103998.5703125,303.6000061035156,581.2127685546875
2025-06-02,105881.53125,311.6700134277344,584.4866943359375
2025-06-03,105432.46875,308.9100036621094,587.8197631835938
2025-06-04,104731.984375,310.8999938964844,587.6619873046875
2025-06-05,101575.953125,309.3299865722656,584.8218994140625
2025-06-06,104390.34375,305.17999267578125,590.8275146484375
2025-06-09,110294.1015625,306.6199951171875,591.3599853515625
2025-06-10,110257.234375,306.7099914550781,594.7127685546875
2025-06-11,108686.625,308.3699951171875,593.0166625976562
2025-06-12,105929.0546875,312.20001220703125,595.3734741210938
2025-06-13,106090.96875,316.2900085449219,588.7171020507812
2025-06-16,106796.7578125,311.7799987792969,594.318359375
2025-06-17,104601.1171875,311.94000244140625,589.2398681640625
2025-06-18,104883.328125,310.260009765625,589.1510620117188
2025-06-20,103309.6015625,310.1300048828125,587.7673950195312
2025-06-23,105577.7734375,311.0799865722656,593.5730590820312
2025-06-24,106045.6328125,306.19000244140625,600.13037109375
2025-06-25,107361.2578125,307.1199951171875,600.4666748046875
2025-06-26,106960.0,306.7799987792969,605.1646118164062
2025-06-27,107088.4296875,301.2200012207031,608.1712646484375
2025-06-30,107135.3359375,304.8299865722656,611.0790405273438
2025-07-01,105698.28125,307.54998779296875,610.8812866210938
2025-07-02,108859.3203125,309.25,613.650634765625
2025-07-03,109647.9765625,307.1400146484375,618.4869995117188
2025-07-07,108299.8515625,307.3699951171875,613.8781127929688
2025-07-08,108950.2734375,304.1600036621094,613.5418090820312
2025-07-09,111326.5546875,305.5199890136719,617.2210693359375
2025-07-10,115987.203125,306.20001220703125,618.9617919921875
2025-07-11,117516.9921875,309.1400146484375,616.7858276367188
2025-07-14,119849.703125,308.010009765625,617.9628295898438
2025-07-15,117777.1875,306.7300109863281,615.3221435546875
2025-07-16,118738.5078125,308.260009765625,617.3792724609375
2025-07-17,119289.84375,307.5899963378906,621.1573486328125
2025-07-18,118003.2265625,308.3900146484375,620.7025146484375
2025-07-21,117439.5390625,313.1300048828125,621.8793334960938
2025-07-22,119995.4140625,316.1000061035156,621.9683837890625
2025-07-23,118754.9609375,312.17999267578125,627.259765625
2025-07-24,118368.0,310.2699890136719,627.4674682617188
2025-07-25,117635.8828125,307.3999938964844,630.1181030273438
2025-07-28,117924.4765625,305.4100036621094,629.9598388671875
2025-07-29,117922.1484375,306.25,628.29833984375
2025-07-30,117831.1875,300.9599914550781,627.5070190429688
2025-07-31,115758.203125,302.9599914550781,625.153076171875
2025-08-01,113320.0859375,309.1099853515625,614.9066162109375
2025-08-04,115071.8828125,310.9100036621094,624.2530517578125
2025-08-05,114141.4453125,311.1600036621094,621.088134765625
2025-08-06,115028.0,310.5,625.8455200195312
2025-08-07,117496.8984375,313.1199951171875,625.3212890625
2025-08-08,116688.7265625,313.04998779296875,630.1972045898438
2025-08-11,118731.4453125,308.54998779296875,628.9509887695312
2025-08-12,120172.90625,308.2699890136719,635.6468505859375
2025-08-13,123344.0625,309.2099914550781,637.82275390625
2025-08-14,118359.578125,307.25,637.882080078125
2025-08-15,117398.3515625,307.42999267578125,636.388671875
2025-08-18,116252.3125,306.95001220703125,636.2501831054688
2025-08-19,112831.1796875,305.2699890136719,632.7984008789062
2025-08-20,114274.7421875,308.3599853515625,631.1170043945312
2025-08-21,112419.03125,307.2900085449219,628.5851440429688
2025-08-22,116874.0859375,310.5799865722656,638.2380981445312
2025-08-25,110124.3515625,309.8299865722656,635.4293212890625
2025-08-26,111802.65625,312.0799865722656,638.0897216796875
2025-08-27,111222.0625,312.7099914550781,639.543701171875
2025-08-28,112544.8046875,315.0299987792969,641.80859375
2025-08-29,108410.8359375,318.07000732421875,637.9810180664062
2025-09-02,111200.5859375,325.5899963378906,633.2533569335938
2025-09-03,111723.2109375,328.1400146484375,636.6853637695312
2025-09-04,110723.6015625,326.69000244140625,642.0064086914062
2025-09-05,110650.984375,331.04998779296875,640.14697265625
2025-09-08,112071.4296875,334.82000732421875,641.7196044921875
2025-09-09,111530.546875,334.05999755859375,643.2031860351562
2025-09-10,113955.359375,335.260009765625,645.0625610351562
2025-09-11,115507.5390625,334.760009765625,650.4231567382812
2025-09-12,116101.578125,335.4200134277344,650.2055053710938
2025-09-15,115444.875,338.9100036621094,653.6671142578125
2025-09-16,116843.1875,339.5899963378906,652.7671508789062
2025-09-17,116468.5078125,336.9700012207031,651.9561157226562
2025-09-18,117137.203125,335.6199951171875,655.0023803710938
2025-09-19,115688.859375,339.17999267578125,658.2465209960938
2025-09-22,112748.5078125,345.04998779296875,661.3607177734375
2025-09-23,112014.5,346.4599914550781,657.7605590820312
2025-09-24,113328.6328125,343.32000732421875,655.6678466796875
2025-09-25,109049.2890625,344.75,652.6429443359375
2025-09-26,109712.828125,346.739990234375,656.3818969726562
2025-09-29,114400.3828125,352.4599914550781,658.2266845703125
2025-09-30,114056.0859375,355.4700012207031,660.7060546875
2025-10-01,118648.9296875,356.0299987792969,662.9574584960938
2025-10-02,120681.2578125,354.7900085449219,663.7210693359375
2025-10-03,122266.53125,357.6400146484375,663.7113037109375
2025-10-06,124752.53125,364.3800048828125,666.0914916992188
2025-10-07,121451.3828125,366.260009765625,663.6220092773438
2025-10-08,123354.8671875,372.29998779296875,667.5791625976562
2025-10-09,121705.5859375,365.42999267578125,665.6452026367188
2025-10-10,113214.3671875,369.1199951171875,647.6542358398438
2025-10-13,115271.078125,378.0899963378906,657.5919189453125
2025-10-14,113118.6640625,380.7900085449219,656.78857421875
2025-10-15,110783.1640625,387.3900146484375,659.7044067382812
2025-10-16,108186.0390625,396.45001220703125,655.211669921875
2025-10-17,106467.7890625,388.989990234375,658.9308471679688
2025-10-20,110588.9296875,403.1499938964844,665.7840576171875
2025-10-21,108476.890625,377.239990234375,665.7741088867188
2025-10-22,107688.5859375,377.2799987792969,662.312744140625
2025-10-23,110069.7265625,378.7900085449219,666.2402954101562
2025-10-24,111033.921875,377.5199890136719,671.6851806640625
2025-10-27,114119.328125,367.010009765625,679.6094970703125
2025-10-28,112956.1640625,364.3800048828125,681.41455078125
2025-10-29,110055.3046875,363.0,681.7418212890625
2025-10-30,108305.546875,370.1300048828125,674.2440185546875
2025-10-31,109556.1640625,368.1199951171875,676.4556884765625
2025-11-03,106547.5234375,368.7799987792969,677.7251586914062
2025-11-04,101590.5234375,362.32000732421875,669.691650390625
2025-11-05,103891.8359375,366.510009765625,672.012451171875
2025-11-06,101301.2890625,366.07000732421875,664.80224609375
2025-11-07,103372.40625,368.30999755859375,665.4567260742188
2025-11-10,105996.59375,378.3800048828125,675.8406982421875
2025-11-11,102997.46875,379.8699951171875,677.387939453125
2025-11-12,101663.1875,385.989990234375,677.7647705078125
2025-11-13,99697.4921875,382.8699951171875,666.5180053710938
2025-11-14,94397.7890625,375.9599914550781,666.4088134765625
2025-11-17,92093.875,371.6499938964844,660.2003173828125
2025-11-18,92948.875,374.3500061035156,654.65625
2025-11-19,91465.9921875,374.9599914550781,657.185302734375
2025-11-20,86631.8984375,374.8500061035156,647.1683349609375
2025-11-21,85090.6875,374.2699890136719,653.6148681640625
2025-11-24,88270.5625,380.20001220703125,663.2351684570312
2025-11-25,87341.890625,380.0799865722656,669.4735107421875
2025-11-26,90518.3671875,383.1199951171875,674.09521484375
2025-11-28,90919.265625,387.8800048828125,677.7747192382812
2025-12-01,86321.5703125,389.75,674.6803588867188
2025-12-02,91350.203125,387.239990234375,675.9299926757812
2025-12-03,93527.8046875,386.8800048828125,678.2706298828125
2025-12-04,92141.625,387.1300048828125,678.7665405273438
2025-12-05,89387.7578125,386.44000244140625,680.0557861328125
2025-12-08,90640.203125,385.4200134277344,678.0127563476562
2025-12-09,92691.7109375,387.3999938964844,677.4276123046875
2025-12-10,92020.9453125,389.04998779296875,681.9203491210938
2025-12-11,92511.3359375,393.239990234375,683.5072021484375
2025-12-12,90270.4140625,395.44000244140625,676.1581420898438
2025-12-15,86419.78125,395.79998779296875,675.1365966796875
2025-12-16,87843.984375,395.8900146484375,673.2918701171875
2025-12-17,86143.7578125,399.2900085449219,665.8832397460938
2025-12-18,85462.5078125,398.57000732421875,670.9114990234375
2025-12-19,88103.3828125,399.0199890136719,676.9923095703125
2025-12-22,88490.015625,408.2300109863281,681.2098388671875
2025-12-23,87414.0,413.6400146484375,684.3233032226562
2025-12-24,87611.9609375,411.92999267578125,686.7305297851562
2025-12-26,87301.4296875,416.739990234375,686.660888671875
2025-12-29,87138.140625,398.6000061035156,684.2138671875
2025-12-30,88430.1328125,398.8900146484375,683.3782958984375
2025-12-31,87508.828125,396.30999755859375,678.3152465820312
2026-01-02,89944.6953125,398.2799987792969,679.55859375
2026-01-05,93882.5546875,408.760009765625,684.0845947265625
2026-01-06,93729.03125,413.17999267578125,688.1529541015625
2026-01-07,91308.0546875,409.2300109863281,685.9347534179688
2026-01-08,91027.125,411.489990234375,685.8651123046875
2026-01-09,90513.1015625,414.4700012207031,690.4010009765625
2026-01-12,91192.9921875,422.2300109863281,691.4852294921875
2026-01-13,95321.78125,421.6300048828125,690.1026000976562
2026-01-14,96929.328125,425.94000244140625,686.7105712890625
2026-01-15,95551.1875,423.3299865722656,688.5806884765625
2026-01-16,95525.1171875,421.2900085449219,688.0037231445312
2026-01-20,88310.90625,437.2300109863281,673.9981689453125
2026-01-21,89376.9609375,443.6000061035156,681.77685546875
2026-01-22,89462.453125,451.7900085449219,685.3379516601562
2026-01-23,89503.875,458.0,685.5865478515625
2026-01-26,88267.140625,464.70001220703125,689.068115234375
2026-01-27,89102.5703125,476.1000061035156,691.8134765625
2026-01-28,89184.5703125,494.55999755859375,691.7438354492188
2026-01-29,84561.5859375,495.8999938964844,690.3711547851562
2026-01-30,84128.65625,444.95001220703125,688.3121337890625
2026-02-02,78688.765625,427.1300048828125,691.73388671875
2026-02-03,75633.546875,454.2900085449219,685.885009765625
2026-02-04,73019.703125,453.9700012207031,682.5626831054688
2026-02-05,62702.09765625,441.8800048828125,674.0379638671875
2026-02-06,70555.390625,455.4599914550781,686.96923828125
2026-02-09,70120.78125,467.0299987792969,690.2816162109375
2026-02-10,68793.9609375,462.3999938964844,688.4613037109375
2026-02-11,66991.96875,467.6300048828125,688.3021850585938
2026-02-12,66221.84375,451.3900146484375,677.668701171875
2026-02-13,68857.84375,462.6199951171875,678.1461181640625
2026-02-17,67494.21875,448.20001220703125,679.2402954101562
2026-02-18,66425.3203125,458.2799987792969,682.662109375
2026-02-19,66957.5234375,459.55999755859375,680.8616943359375
2026-02-20,68005.421875,468.6199951171875,685.7855834960938
2026-02-23,64616.73828125,481.2799987792969,678.7827758789062
2026-02-24,64080.04296875,474.6099853515625,683.7164916992188
2026-02-25,67960.125,473.4200134277344,689.4859008789062
2026-02-26,67453.7734375,477.4800109863281,685.6561889648438
2026-02-27,65881.796875,483.75,682.3637084960938
2026-03-02,68775.8515625,490.0,682.7516479492188
2026-03-03,68293.6484375,468.1400146484375,676.7337036132812
2026-03-04,72710.578125,471.79998779296875,681.50830078125
2026-03-05,70841.125,466.1300048828125,677.7084350585938
2026-03-06,68136.4921875,473.510009765625,668.8256225585938
2026-03-09,68402.3828125,472.5299987792969,674.6845092773438
2026-03-10,69926.921875,477.8599853515625,673.6002807617188
2026-03-11,70204.8828125,476.239990234375,672.7548217773438
2026-03-12,70493.4609375,466.8800048828125,662.5390625
2026-03-13,70968.265625,460.8399963378906,658.7890014648438
2026-03-16,74861.0859375,460.42999267578125,665.493408203125
2026-03-17,73922.4765625,459.2699890136719,667.2440185546875
2026-03-18,71245.578125,444.739990234375,657.9335327148438
2026-03-19,69912.7890625,426.4100036621094,656.3121337890625
2026-03-20,70522.5859375,413.3800048828125,646.9034423828125
2026-03-23,70914.859375,404.0400085449219,653.6959228515625
2026-03-24,70517.859375,404.1300048828125,651.5015869140625
2026-03-25,71309.8828125,416.2900085449219,655.1322021484375
2026-03-26,68791.625,400.6400146484375,643.432373046875
2026-03-27,66338.375,414.70001220703125,632.4606323242188
2026-03-30,66691.4453125,414.5799865722656,630.3460693359375
2026-03-31,68233.3125,430.2900085449219,648.6688842773438
2026-04-01,68078.5546875,437.82000732421875,653.5562744140625
2026-04-02,66888.5703125,429.4100036621094,654.144775390625
2026-04-06,68859.828125,427.6499938964844,657.23681640625
2026-04-07,71940.703125,431.80999755859375,657.5260009765625
2026-04-08,71123.359375,434.5299987792969,674.27294921875
2026-04-09,71767.828125,437.9100036621094,678.162841796875
2026-04-10,72979.046875,437.1300048828125,677.7140502929688
2026-04-13,74484.640625,435.3599853515625,684.3369750976562
2026-04-14,74181.609375,445.0899963378906,692.675537109375
2026-04-15,74805.078125,440.4599914550781,698.1414184570312
2026-04-16,75152.1328125,440.0799865722656,699.8569946289062
2026-04-17,77126.875,445.92999267578125,708.3152465820312
2026-04-20,75872.5234375,442.0899963378906,706.8988037109375
2026-04-21,76352.7734375,429.57000732421875,702.2708129882812
2026-04-22,78203.1015625,435.260009765625,709.3825073242188
2026-04-23,78268.953125,431.0400085449219,706.6295776367188
2026-04-24,77455.3125,433.25,712.10546875
2026-04-27,77366.625,429.8900146484375,713.332275390625
2026-04-28,76350.671875,421.9100036621094,709.8612060546875
2026-04-29,75776.1328125,417.4100036621094,709.7515258789062
2026-04-30,76304.3203125,423.6600036621094,716.8132934570312
2026-05-01,78179.0,423.17999267578125,718.7982177734375
2026-05-04,79827.90625,414.7099914550781,716.1649780273438
2026-05-05,80927.0546875,418.2699890136719,721.9102172851562
2026-05-06,81427.53125,430.9599914550781,731.9443359375
2026-05-07,80009.9921875,431.67999267578125,729.7001342773438
2026-05-08,80186.765625,433.7699890136719,735.724609375
2026-05-11,81728.296875,434.6499938964844,737.4002685546875
2026-05-12,80477.4921875,432.92999267578125,736.2831420898438
2026-05-13,79277.1171875,430.5,740.4025268554688
2026-05-14,81051.25,427.2099914550781,746.2474975585938
2026-05-15,79065.6796875,417.2900085449219,737.2706298828125
2026-05-18,76954.171875,418.42999267578125,736.751953125
2026-05-19,76750.90625,411.5,731.8446044921875
2026-05-20,77457.7734375,417.3999938964844,739.3452758789062
2026-05-21,77539.171875,416.989990234375,740.8114624023438
2026-05-22,75488.2421875,413.82000732421875,743.7239990234375
2026-05-26,75825.734375,414.0,748.6613159179688
2026-05-27,74344.703125,408.489990234375,748.5316162109375
2026-05-28,73536.5546875,412.7699890136719,752.6609497070312
2026-05-29,73372.5234375,417.1199951171875,754.5361328125
2026-06-01,71319.7734375,411.260009765625,756.5908203125
2026-06-02,66703.65625,411.95001220703125,757.6182250976562
2026-06-03,64014.3671875,407.8699951171875,752.3018798828125
2026-06-04,63801.57421875,411.2699890136719,755.1445922851562
2026-06-05,60922.66796875,396.239990234375,735.65478515625
2026-06-08,63090.58984375,397.2699890136719,737.3204345703125
2026-06-09,61643.78125,390.7799987792969,735.1560668945312
2026-06-10,61449.2890625,374.5799865722656,723.56591796875
2026-06-11,63561.0546875,386.32000732421875,735.8642578125
2026-06-12,63543.19921875,386.5400085449219,739.843994140625
2026-06-15,66289.5,396.54998779296875,752.890380859375
2026-06-16,65600.640625,397.6300048828125,748.4019775390625
2026-06-17,64418.4453125,388.6000061035156,739.0560302734375
2026-06-18,62896.47265625,387.1199951171875,746.739990234375
