,BTC,SPY,QQQ,Gold,TLT,VIX
2015-01-05,-0.12874251584016183,-0.01805944970892015,-0.014668753610087903,0.015077149308345472,0.015708423363519186,0.11973013216134865
2015-01-06,0.04268162514326268,-0.009419013689502598,-0.013408386928438154,0.011398960794795743,0.0180174628395533,0.06024100192487092
2015-01-07,0.028470732229305185,0.012461434451209286,0.012890979936992286,-0.005891414149803653,-0.001974936169409247,-0.08570081919356187
2015-01-08,-0.03733137995621494,0.017744897444869068,0.019139772642353448,-0.00420851895976293,-0.013243144735131884,-0.11910923359252923
2015-01-09,0.024912706601556422,-0.008013471251753779,-0.006582830381747895,0.011385196369055883,0.010952252208415558,0.03174597301073678
2015-01-12,-0.07786286992481894,-0.007833559604612073,-0.010426565112553021,0.011086435260788896,0.005722324196452799,0.11680918709558497
2015-01-13,-0.1565930750498653,-0.0028127177210423016,-0.00029557867245466607,-0.003373767752371082,0.0,0.04897954417287975
2015-01-14,-0.21144862196566871,-0.006037031379564239,-0.005516076208949783,-0.0016080097792615655,0.0075860106676863825,0.04474708658518822
2015-01-15,0.17821708719158869,-0.009160624636034287,-0.012975542758120628,0.025175902263040006,0.01573565372534147,0.04236498448814063
2015-01-16,-0.00832520380537527,0.013114008504065966,0.011741036164382823,0.013064281211881523,-0.012748968882925094,-0.06431436650126654
2015-01-20,0.015463953432525379,0.002132486837326697,0.007935303654372117,0.013712049879254229,0.013289077448138897,-0.050596722419512186
2015-01-21,0.0737382606648691,0.0050479821601883135,0.005116813149985244,0.00024159749942587183,-0.011558766018628708,-0.05228753343853643
2015-01-22,0.028687036825075563,0.014870766660287194,0.018503985295061254,0.008049585228834255,-0.0035982598506248964,-0.1299735126450129
2015-01-23,-0.0022579027249116645,-0.0054826018880285154,0.002210964835259732,-0.007985306821000182,0.013919008647616415,0.01585367286155681
2015-01-26,0.17431367587304325,0.002342065798106585,-0.0011507875438666604,-0.00998152990144674,-0.003043202359975683,-0.06842733493935294
2015-01-27,-0.03655931713327831,-0.013190823348166458,-0.025927012318738507,0.011464376669647391,0.0015632097128737144,0.10953600550574838
2015-01-28,-0.11219285371519871,-0.01282446117290481,-0.0051259767927608335,-0.00787784039319106,0.01634752987924748,0.1869919482636646
2015-01-29,-0.001718542245643162,0.009244165724519249,0.009611526433115802,-0.021552390797103027,-0.00657986377335229,-0.08219179360472739
2015-01-30,-0.03035375941254781,-0.012575030086112271,-0.007753365746639429,0.022275544587827323,0.017737650812119865,0.11780378771372657
2015-02-02,0.05213205562723977,0.012383779635463554,0.00870438696244924,-0.008343449208254805,-0.0037751448781715435,-0.07343820021958614
2015-02-03,-0.046010344481269505,0.014461167141615494,0.009609487361403213,-0.011190942147351168,-0.021166788369343603,-0.10808030614957465
2015-02-04,-0.001826075536872085,-0.0038076521525517437,-0.0008740286030635147,0.0043783458565487265,0.0017089756192703032,0.0577034047549001
2015-02-05,-0.042944129153365984,0.01009514234416864,0.008651557135117116,0.0017272502164005221,-0.010979238077916897,-0.08074192844497807
2015-02-06,0.023743680503459652,-0.0027655451681064536,-0.006071508271075721,-0.025864204796777424,-0.017701589293199094,0.026112790747559567
2015-02-09,-0.009700115162093681,-0.004475715679087555,-0.003199783248793553,0.004467285755423989,-0.0016037415595429039,0.07287439299101806
2015-02-10,-0.0012311848303054873,0.010653534051489055,0.01556443973424071,-0.005873936049321848,-0.0079539392053124,-0.07115901612475684
2015-02-11,-0.0029749359511789253,0.000579882576458024,0.0036394842118430137,-0.011817350480741395,0.0018503956781776854,-0.015670369410156537
2015-02-12,0.011766361924821833,0.009616704794256581,0.0116434047455507,0.0023062837940568404,-0.0033087746055519007,-0.09551881010229057
2015-02-13,0.061610513511999754,0.004116684366988865,0.008585106511203477,0.005454295543013465,-0.010269201465587074,-0.04237291823591893
2015-02-17,0.03475811435960874,0.0015730690300272965,0.0009350118279112252,-0.01669775525216033,-0.015055944055944015,0.07556165024223915
2015-02-18,-0.02990023629482208,9.53929261002795e-05,0.0014018665866781799,0.002844532329830063,0.005940306989887345,-0.022151922610416652
2015-02-19,0.016743822791281504,-0.0007143677230271317,0.004946193653607933,-0.0034381460295276334,-0.006613816103281489,-0.010355977306624964
2015-02-20,0.014549519225243168,0.006000984607328785,0.0066856505460850535,-0.005692631086866906,0.0029328643394099796,-0.0647481866310079
2015-02-23,-0.020046880689090663,-0.00014184296689312426,0.0010145960097249773,0.0013011929863573357,0.011458677589279764,0.018181833945029924
2015-02-24,-0.0006571910394118641,0.0028404104093922022,0.0007368968592094127,-0.0014727381832787545,0.013125780154808142,-0.059752803170338264
2015-02-25,-0.005298759655745222,-0.0008498142557562538,-0.00248552978735872,0.0038174111040851777,0.004319298854291054,0.010956944981906913
2015-02-26,-0.00439637150919947,-0.0011812723681686732,0.005076878034001808,0.0031979494930112207,-0.01366847360200496,0.0050577813621721646
2015-02-27,0.07360446158209011,-0.0034064340083046485,-0.004408666524483573,0.0007754283408443197,0.008407649990132215,-0.04097769238511273
2015-03-02,0.08605043669707824,0.006313959609353992,0.00904044247755098,-0.004132260173905,-0.01862616586050303,-0.022488769662919794
2015-03-03,0.02188116997881684,-0.0041043826032944875,-0.004662479377757656,-0.0018153447779967191,-0.0036260489055761624,0.06288341236372941
2015-03-04,-0.030564161697168357,-0.004215359585239997,-0.003857966597768381,-0.0031176981600916642,0.0003166850905844676,0.026695519099874554
2015-03-05,0.011300215372570532,0.0010942396668689458,0.0017522065524493424,-0.0009556129768769628,-0.001264858425368942,-0.013352044026379573
2015-03-06,-0.012510109338315867,-0.014064828466847645,-0.011321883767186125,-0.02730434251868208,-0.022092705817924663,0.08262107197748247
2015-03-09,0.06190898158323743,0.004144678073463526,0.0028862105300069274,0.000983377523255502,0.009231031015937363,-0.00921048627665777
2015-03-10,0.007434264975117566,-0.01622196605916304,-0.0185667070827622,-0.004912057209624399,0.013157954042563924,0.10823373632299038
2015-03-11,0.01583146381445455,-0.0023415909192089357,-0.005769821288172494,-0.006013266738071565,0.007284991901719939,0.010784919078251187
2015-03-12,-0.006832447344437664,0.01271363544266424,0.006564345376109504,-0.0002708693390236494,-0.0007069711080766039,-0.08595143395412796
2015-03-13,-0.03063317696159995,-0.006131978742782929,-0.004347795061912962,0.001445050857576513,-0.003068546141629769,0.03761348384152874
2015-03-16,0.018420258648119248,0.013360506616352685,0.012910458781348,-0.0006313103946443688,0.009627629739968446,-0.02437502145767212
2015-03-17,-0.01750896409855296,-0.0029724960641860365,0.0015934808950239798,-0.005414660114975933,0.008284962777921567,0.0032030872411630273
2015-03-18,-0.10229590778743636,0.012021811713149644,0.00982467613222715,0.019598980855210835,0.019302440492938944,-0.10791823734676353
2015-03-19,0.018060927275961758,-0.0045617652588555435,0.0014826028251093692,-0.0007119500676271429,-0.005095030705319581,0.007158155038223146
2015-03-20,0.003146399996537985,0.008827010279353065,0.006473541718320153,0.011399045051747603,0.0052737300156560085,-0.0746268130657316
2015-03-23,0.019067875901933373,-0.0019489396686138694,-0.0019352761293928156,0.006339713151693793,-0.0012164292386965814,0.029953869119557996
2015-03-24,-0.07927191192851335,-0.0056188065378176555,-0.0036005183682754627,0.002449897428068226,0.009668438710822125,0.01565995828012623
2015-03-25,0.0024512103336411517,-0.014653663459899824,-0.022885146484892482,0.001396558108890389,-0.008444757213230125,0.1336269978059188
2015-03-26,0.00948423984058766,-0.0023816955076433333,-0.0034138811282447,0.00653708688272836,-0.015589227302009845,0.023316102340374956
2015-03-27,-0.006047473712368467,0.002289994060887812,0.00399647865693753,-0.0036370435238182175,0.012437104644996033,-0.04620256247457
2015-03-30,0.0020118852626855865,0.01219969928027309,0.011467054926223463,-0.01138534318086215,-0.0049595784040842306,-0.037159885685645655
2015-03-31,-0.013340020604290626,-0.008739415175737175,-0.010587344525981424,-0.0007911765968406925,0.002147045578648976,0.053756011072874976
2015-04-01,0.012480362956050595,-0.003536314936044005,-0.005208640334100401,0.017068403567705115,0.013134877835462744,-0.01177242025015457
2015-04-02,0.023185001275515038,0.003597233255118404,0.0006664361166457411,-0.0027681634865752702,-0.010595820019088098,-0.029119761110574238
2015-04-06,0.009829843140338967,0.00673323106362278,0.00818127966423532,0.012231121417765056,-0.00558375283811452,0.004771621980925289
2015-04-07,-0.009049252731916368,-0.0026461838726136166,-0.0016984089346337994,-0.004970450072155241,0.008385005918329691,0.0027137016603897557
2015-04-08,-0.03222209391719244,0.0033771931925921095,0.007939366618781696,-0.00551200918339656,0.0003048994892893564,-0.054127212800296864
2015-04-09,-0.005493418074075329,0.004423217621564168,0.006282695448117659,-0.006928232816320268,-0.012964491540707668,-0.06366233324683412
2015-04-10,-0.031205325134396444,0.005457354284502891,0.004100374362891124,0.011336906536289382,0.0014676902799728442,-0.038961055992119964
2015-04-13,-0.04865041304125117,-0.0045230818317246735,-0.0025055338605433075,-0.007157039081814864,0.0013891307248581342,0.10810808147259454
2015-04-14,-0.024168847250684022,0.0019131318014204979,-0.0028844889810673013,-0.006079528851422933,0.0070878239761333894,-0.019368688107373022
2015-04-15,0.02132696373215137,0.0044870247888104675,0.00625177929909948,0.008650802539753588,-0.0008416016305644591,-0.06071689239749256
2015-04-16,0.02117652737018494,-0.000285085559315279,-0.0013908782304952183,-0.0034653168571547877,-0.00497676194279395,-0.018691570737231822
2015-04-17,-0.0248979289387814,-0.011503361725589967,-0.015600517065736508,0.004955226470251928,0.011465412243028439,0.10238094625379324
2015-04-20,0.0078247829178133,0.009136550437941482,0.014998707775288667,-0.007612433088526105,-0.008825374240253314,-0.04247661180739404
2015-04-21,0.04738093442808933,-0.0011915193896644416,0.004275253195054729,0.005753103431764384,-0.004527475248885637,-0.0037594127832941693
2015-04-22,-0.004645755847049293,0.004914607251265579,0.005459883692428447,-0.013433831333510171,-0.015266279208540401,-0.040754714102115286
2015-04-23,0.00976193458012986,0.002516096794069833,0.003773715997607452,0.007291591124513719,0.004306443180310815,-0.01809602637453467
2015-04-24,-0.021965474878836044,0.002320265838137603,0.013570277873449443,-0.01404151891618688,0.006236667854803812,-0.015224325909650949
2015-04-27,-0.008570186284587722,-0.004157790992147969,-0.002533049527153608,0.02016805588455428,0.0,0.06753457496194426
2015-04-28,-0.014963843511793584,0.003178960383188878,-0.001995221617638432,0.008670770693864016,-0.013791155832845958,-0.054115857038112836
2015-04-29,-0.00020808514844272707,-0.004114864464058621,-0.006270456215349718,-0.007048909841977813,-0.012255451683922614,0.07896861466239313
2015-04-30,0.04577785409154522,-0.010020359327145734,-0.015729375325063355,-0.017660816187341055,0.0017496766731273095,0.0866318011702345
2015-05-01,-0.017218274568252423,0.010841761903644498,0.013193327615717232,-0.0034370263986326366,-0.013461178161983,-0.12714779087410377
2015-05-04,0.029899347967974554,0.0028471934333802462,0.0016507469424975607,0.009020132884241638,-0.00943562067955983,0.011811068854911122
2015-05-05,-0.012120439082948242,-0.01145190931731599,-0.01629597185290821,0.0028045547686559313,-0.0013841377977077407,0.11361867663851255
2015-05-06,-0.026846423899665184,-0.0041169174989593715,-0.0068869613018438525,-0.0005243625201353241,-0.0171202868807111,0.05870015194144029
2015-05-07,0.032865942629762834,0.003989844610518434,0.005997623321237988,-0.00821967852736405,0.013436853363248069,-0.0013200993130648708
2015-05-08,0.02750978354589817,0.013166006800527708,0.012482515387731041,0.004849259924502469,0.0027010908917000087,-0.15003307604717442
2015-05-11,-0.0069916378662086,-0.0047727078179715665,-0.003864246467369603,-0.0038606864674344266,-0.02432484018636316,0.076982951105947
2015-05-12,-0.004319515475265434,-0.0029914514241484724,-0.0045257762601900176,0.00854400802548061,0.0025942104468932303,0.0007219693091775614
2015-05-13,-0.019638179020291524,0.00019049357366651698,0.0020416690953966032,0.01790395678391099,-0.008011042296557025,-0.007214966109124976
2015-05-14,0.002335260857404098,0.010427602454420981,0.014629292890430357,0.005405381698172951,0.002691796256985235,-0.07412793901141956
2015-05-15,0.0028531537743750057,0.0010840660319189066,0.0,0.002986844796122101,0.020050357306724553,-0.02825743038813644
2015-05-18,-0.01884215326527683,0.0031064433854934848,0.004380348062049011,-8.510283616403047e-05,-0.016777339735931984,0.028271359011309283
2015-05-19,-0.005065885374378243,-0.0003282888126870942,-0.001090348676931252,-0.013869956602948319,-0.00886693044073883,0.009426617717876118
2015-05-20,0.008928759974998757,-0.0007041880238137788,0.00063649257206988,0.0016395067944336983,0.0016880520695774504,0.002334609500436402
2015-05-21,0.005666182682946053,0.002912643082565447,0.005181624333552515,-0.003359746584222556,0.013986103716979503,-0.05978264370513131
2015-05-22,0.021262548380705182,-0.0023886409227510397,-0.0009947986775240558,-0.0007779753253159827,0.00041527552808173773,0.0016515655103792604
2015-05-26,-0.0134472090087977,-0.010752084682121743,-0.01149645850424652,-0.014619332476808355,0.01710966708452344,0.15910966916464342
2015-05-27,0.0007043280427325715,0.00949230583114491,0.016117321291984066,-0.00017561471177085508,0.002286539905142382,-0.056187762324018786
2015-05-28,0.0005267971051110543,-0.001128172227837565,-0.0022531973134697347,0.0011414281685366845,-0.0024445706828777336,0.0030143150318902023
2015-05-29,-0.0013142426223767822,-0.006212994139308647,-0.0059612611110571034,0.0007016473724792416,0.002205852052980628,0.0398196631301424
2015-06-01,-0.059764815031840945,0.0020368814469671204,0.00336190023404237,-0.0008764108278561666,-0.010747474413167368,0.009393071749107529
2015-06-02,0.012905623245084596,-0.0009927703612889749,-0.0031697532749807023,0.004035079688356591,-0.013952430864078824,0.019327093695666653
2015-06-03,0.0003144296021988513,0.0026494094102804677,0.0029983749277140426,-0.007164072177032299,-0.01607543543011225,-0.04073033237559609
2015-06-04,-0.006862179097875454,-0.008446699566674098,-0.007608559229890677,-0.007039801619628361,0.013019457447686289,0.07686677909691086
2015-06-05,0.0027994806989151133,-0.001712955499390545,-0.0023733288426391885,-0.005317250031845466,-0.012180349938548996,-0.03399048257670745
2015-06-08,0.015723366001345607,-0.0061500255911342006,-0.010155816269586504,0.002940144666210953,-0.00110510263626451,0.07600280934600834
2015-06-09,0.002446532398439949,-0.0001437878573359308,-0.001663409901550339,0.002220840372015198,-0.007916504698692095,-0.05362980358862224
2015-06-10,-0.0010696900716746782,0.011993367162159041,0.013702123818079892,0.008509121495031247,-0.008752414753662507,-0.08638562383777126
2015-06-11,0.003942291321283875,0.0032235864421756855,0.0014615433347258122,-0.004570193783136389,0.021035465192034808,-0.027987887903593744
2015-06-12,0.0012058631533644615,-0.007654793468220067,-0.008207965936171346,-0.0002648664906503839,0.0,0.07237348824071366
2015-06-15,0.029745821750121193,-0.004285360374935765,-0.004965673519277347,0.004415790737229308,0.0016098300339575378,0.11683604075109955
2015-06-16,0.05941993109470145,0.005451168106823223,0.005452546354905108,-0.003605061549348698,0.007872662488844995,-0.03768680381853917
2015-06-17,-0.006421043316909625,0.0016173347495436197,0.0027570592585153264,0.004677010066397758,-0.007726254365922336,-0.020931830576188637
2015-06-18,-0.001111153550366062,0.010399376327354437,0.014574058394559275,0.012911736850284239,-0.004909689915426396,-0.09034485652528956
2015-06-19,-0.017674205583297353,-0.004438995083907327,-0.004943850102626435,-0.0017342780850801987,0.01284403895603381,0.058377595319172526
2015-06-22,0.009746296731000026,0.005122930716765728,0.0073710441152676776,-0.01285617895780966,-0.020406418081670097,-0.08739256903259651
2015-06-23,-0.010907324929045337,0.0007080044406397867,0.0008126225731823755,-0.006599788842205134,-0.0060011367011153505,-0.049450559321762344
2015-06-24,-0.01547714976149872,-0.0072629375525643525,-0.005144741510654693,-0.0026574812063053788,0.008624518146920224,0.0949628905703972
2015-06-25,0.009496275025787648,-0.003040430421310414,-0.001996085900400235,-0.0013322133525454083,-0.0035055769054994634,0.05656108499654566
2015-06-26,0.0032743058337771913,-0.00019055192121253395,-0.006636271723851839,0.001067192410014739,-0.011240774215021565,0.0007137921997475427
2015-06-29,0.05529693483710019,-0.020970114194192035,-0.023611005303673438,0.0045309359212182265,0.02646845693136113,0.344507829244143
2015-06-30,0.023371595065360795,0.0020930865333095294,0.003561373471815843,-0.006190828249150737,-0.006932580032068314,-0.03289129054039086
2015-07-01,-0.01691928035810175,0.008015408104867339,0.007938954660339226,-0.0034706717105629226,-0.013498032631577228,-0.11738888883076282
2015-07-02,-0.012408116922156931,-0.0009156144949862277,0.0002778518979749123,-0.0019646473844252554,0.003286608440101091,0.043505329788754876
2015-07-06,0.053317761417402076,-0.002846029436691322,-0.002315911327516851,0.002684282539629823,0.01853458935437602,0.013102995911753457
2015-07-07,-0.010493246328231565,0.006288732428034072,0.0025071558262101945,-0.011600887477117294,0.00939462697950999,-0.054085835621086376
2015-07-08,0.017197154534223102,-0.016777003021426595,-0.01741235082798387,0.002979362543296782,0.008636249030717247,0.2218769211291789
2015-07-09,-0.005749974388834178,0.0018086944756834367,-0.0005654451370317171,0.0024305003273175085,-0.019701777650937724,0.01576802992616444
2015-07-10,0.05818865723357458,0.012591824505119309,0.015278615919369853,0.0011673603870820948,-0.015858307122827875,-0.15723582862362107
2015-07-13,0.025132059052165534,0.011037298404969809,0.017556782605667065,-0.00448470723455352,-0.003101900134939828,-0.1740938988982823
2015-07-14,-0.015716259884378525,0.004337721803521433,0.006572917123721211,-0.002252455219495131,0.003284173126292478,-0.03812947823859225
2015-07-15,-0.005687596739571199,-0.0003321896938668356,0.0010884200480500983,-0.005237440968471563,0.010597275877462176,-0.010471229956700912
2015-07-16,-0.027079199384585473,0.008024386515742332,0.014133029377910056,-0.0036310957932229604,0.006905319047056713,-0.08465607893511407
2015-07-17,0.00497321238485493,0.0008480162910162736,0.014740060363424456,-0.010112979124889843,0.005164411014172865,-0.013212209079121462
2015-07-20,-0.0017568748963990855,0.0005175777464825337,0.003433663424210698,-0.027151445340146352,-0.004211126667972298,0.025104618872233475
2015-07-21,-0.011283850430048203,-0.003951580335126326,-0.00061426209646398,-0.003121988752958438,0.005413344260075004,-0.002448957793566686
2015-07-22,0.005035572289903145,-0.0017944749669791538,-0.011324652110190292,-0.005409506310776968,0.00622619462538343,-0.008183337093661147
2015-07-23,-0.004231171035699033,-0.005629655951808199,-0.003729786418690817,-0.004484744341763047,0.01245813693738751,0.04290432860343918
2015-07-24,0.044300118488887597,-0.010372183363929088,-0.009803863840679217,0.009776637833459612,0.002477341369139019,0.0870252688225992
2015-07-27,0.018544521269399317,-0.00581739017349836,-0.008280719374952228,-0.00465114258060384,0.005354577610656053,0.13537122571583526
2015-07-28,0.002734820902126067,0.012283003009041504,0.008622314703656153,0.0015258061394580746,-0.007292775258524564,-0.13846158642740525
2015-07-29,-0.01642853944491296,0.0068788987187320405,0.003779423569353124,0.0014283139466164663,-0.0037148965478368545,-0.06994044715263992
2015-07-30,-0.006450538686529117,0.00023748718242178057,0.0047510774061527705,-0.008557588110186587,0.007705766791952451,-0.02959999084472653
2015-07-31,-0.010676942077459284,-0.0015179076643355716,-0.0011599009095960566,0.006329756242044127,0.007399452911346582,-0.0008244211696197823
2015-08-03,-0.012025309059502165,-0.0033726433077796436,-0.00312656133504996,-0.007910052688847147,0.010526763307148634,0.03630367476998697
2015-08-04,0.014191373730012113,-0.0019546588245352714,-0.0018814208342142758,0.0020172823011603835,-0.00793256528071018,0.03503181255440824
2015-08-05,-0.011696311896514655,0.0032954082981249133,0.0077208406872386615,-0.0036429610038530846,-0.007505492217850018,-0.0376922900860126
2015-08-06,-0.011724738757061592,-0.008187632779281362,-0.016035974117669438,0.004426047177157111,0.00887769320092091,0.10071944091358787
2015-08-07,0.0036183734496617603,-0.0019195926700424915,-0.001267489383318443,0.002490680503407061,0.01311884841694222,-0.027596231068145682
2015-08-10,-0.05406223758904305,0.012598909044471807,0.011422181020292799,0.010224554985406531,-0.012386150345698344,-0.08663187239310921
2015-08-11,0.02236921042127915,-0.009023347644766977,-0.012816642019657709,0.005107840610028225,0.015879725333909356,0.12101394532350218
2015-08-12,-0.014830573516412149,0.0011979826109653757,0.003449742620813101,0.014022189288677822,-0.005450654219595341,-0.007293973828700451
2015-08-13,-0.008619471899818154,-0.001244116791398131,-0.0016282663025016797,-0.00825985512434746,-0.003224419943303247,-0.00881703810331902
2015-08-14,0.006058793490122394,0.0036423598548389613,0.0015406602198686503,-9.360037594363657e-05,0.002345385184156834,-0.04892511924463905
2015-08-17,-0.02899721358239027,0.005586641977751272,0.00832462744007878,0.0026204846354274114,0.0045169648361109704,0.014809083023184844
2015-08-18,-0.18178829052312706,-0.0028966909188813394,-0.005115118514314454,-0.00018665773900006233,-0.007869536455098802,0.059139744778596626
2015-08-19,0.0739297200308271,-0.00790525994951563,-0.006585013139409734,0.013444145581183786,0.009874975629995841,0.10587382466901651
2015-08-20,0.03822943016215108,-0.02088161631297314,-0.027694490609094125,0.017411325071518213,0.010099427571226949,0.2550819271900615
2015-08-21,-0.011816468184631446,-0.03010221212250097,-0.04370551722356142,0.006247689213677798,0.0030155024760689653,0.4644723918750533
2015-08-24,-0.09491378947228912,-0.04210695954077648,-0.038476439576079824,-0.005399068558895714,-0.00031635986003297756,0.45344276419788976
2015-08-25,0.05279934758970639,-0.011767657788456787,-0.003758241913086713,-0.01239478089494117,-0.016065332978615787,-0.11585667712914927
2015-08-26,0.0190515739222179,0.03839379726050107,0.05036207078287647,-0.013649738394807875,-0.01930366466877098,-0.15824543838146699
2015-08-27,-0.004702616070475396,0.024735060152041743,0.02533260318349395,0.0005573064828525709,0.0005742005173714482,-0.13918203680176378
2015-08-28,0.029483598646369513,4.987115241306128e-05,-0.00018933668604670384,0.009003931691107248,0.002950770102485123,-0.0019157526313554607
2015-08-31,-0.005790922749362215,-0.008078723795646447,-0.012403119564677767,0.001103981140304633,-0.007682405502172696,0.09136280759383975
2015-09-01,-0.008410984980383951,-0.0298480598594435,-0.031252855084651476,0.0034919799162251852,0.007206298553654067,0.10446708693189133
2015-09-02,0.005098146920115454,0.018981401200600434,0.02820388976334187,-0.005311302361437398,-0.008604977740595765,-0.1691082653010212
2015-09-03,-0.009163299471941166,0.0007165770562909124,-0.004908781894186198,-0.00718105679403469,0.004876793990791439,-0.01839783593058797
2015-09-04,0.013711437526467307,-0.01513673629829293,-0.01189641497271876,-0.0032455349221680585,0.009130331933731473,0.08551341563903692
2015-09-08,0.05779029882440723,0.025130696212425585,0.028190879819236292,0.000279084378947525,-0.014753482548391705,-0.10431653590350631
2015-09-09,-0.02232692607867648,-0.01337184203337205,-0.011234046086084026,-0.012927822107945297,0.004798553704085551,0.053413652372760856
2015-09-10,0.001297427606794077,0.005441560723349115,0.010880468073700467,0.0023556016816155267,-0.0067518713290753984,-0.07091112220600326
2015-09-11,0.006834997042964641,0.004544636454314466,0.005523891912096346,-0.002067997715628156,0.006300543618882992,-0.04800984965131205
2015-09-14,-0.039411585868828314,-0.003710015954687229,-0.0030310838635853043,0.0005651616100608159,0.0015650834601188546,0.04525858631599067
2015-09-15,-0.001474117436522926,0.01249867296138163,0.011781591202936204,-0.0030126124190049675,-0.01916474145769831,-0.0705154261638209
2015-09-16,-0.005266940357192551,0.00866670595179908,0.005634142724998181,0.013314409937664529,-0.0037730356452305713,-0.05279505260524853
2015-09-17,0.003138465194607587,-0.002247623077340166,0.00037377760764445433,0.010250732723341871,0.012205064026097778,-0.00983611185335409
2015-09-18,0.013772283967388832,-0.016341780082144597,-0.014222909764700642,0.007379350570420495,0.015384631152686623,0.05392626915378673
2015-09-21,-0.025281679301819127,0.005167840227326748,0.0031324814112041466,-0.0062265388780913256,-0.016298119563564306,-0.09605032455316631
2015-09-22,0.01555800426051368,-0.01298005028206739,-0.014951041093457795,-0.00681837162160448,0.013903488523326235,0.11420065611279684
2015-09-23,-0.001452581587625179,-0.0015986450670870678,0.0007684265481162633,0.003989241131120869,-8.146988540747024e-05,-0.013814677625364591
2015-09-24,0.01843819174444561,-0.003615265822477731,-0.0036471048648809568,0.020975758801157207,0.0068167004268493425,0.06055129703590434
2015-09-25,0.0026222352720963737,-0.0002597500415534304,-0.008477753615136696,-0.006154405994415857,-0.008647150422099514,0.006391202823493591
2015-09-28,0.017002352372881724,-0.02509703268933139,-0.028469023648637237,-0.012658222571280353,0.017114149964825298,0.16977130309294908
2015-09-29,-0.01026587487182895,0.0005850156204303403,-0.005200077545955528,-0.004058244045771819,0.0028312687453786456,-0.02895400873542231
2015-09-30,-0.0026490635765588078,0.018658549179119577,0.023021641840737406,-0.010372316278596583,-0.0034682426681251766,-0.08684308350099357
2015-10-01,0.006307711719417242,0.002609014725446279,0.004520500524118454,-0.001216519302596475,0.004266112649815801,-0.07959186787507977
2015-10-02,-0.0010776585396811145,0.014937873525018519,0.017511107744110355,0.021174875253005654,0.006058032273632996,-0.07139684068622598
2015-10-05,0.013021860516020833,0.017794822064851168,0.014325376181517635,-0.002018545050144094,-0.013568079019107171,-0.06685766871176824
2015-10-06,0.023628992226607748,-0.0034260112838386814,-0.004739129246494889,0.010021182319808863,0.00431343804869444,-0.007164856214813109
2015-10-07,-0.012574053615949654,0.008190086747426717,0.006000097289544648,-0.0014564323795780432,-0.0033225560466940696,-0.051546392766154026
2015-10-08,-0.002736947109176935,0.009026921987237646,0.003975921261176296,-0.005104809244962594,-0.008374622827801437,-0.05326084579096346
2015-10-09,0.006714700936136131,0.0005963145228826683,0.0045262482547656635,0.015851231139897504,0.002623677131401436,-0.019517804311067755
2015-10-12,0.005645034467719912,0.0009438582069407619,0.00244045805877402,0.00396856499604703,0.007605516929227951,-0.05327867982886125
2015-10-13,0.01712132083434792,-0.006302355875485888,-0.0064610583397626264,0.00494118285707712,0.0017047258164017975,0.09276437804097948
2015-10-14,0.009943580371429173,-0.004793841625110984,-0.0016022226597999234,0.017432477539802038,0.008750449788116788,0.02037354888495657
2015-10-15,0.009250439208903893,0.015354711289603307,0.01642605905314909,-0.004568989141737645,-0.004899667016597831,-0.10981704793009306
2015-10-16,0.03361505373815121,0.004546407494086191,0.004179099818272469,-0.0070615504042084165,0.00032314013452583445,-0.062305239492885245
2015-10-19,0.0021608622830793234,0.0004919225986841358,0.005734224919194952,-0.004178160099818973,-0.0027439017078138006,-0.004651205821354698
2015-10-20,0.022874541953110006,-0.0012785310456272514,-0.005149840860636745,0.006338214025568112,-0.006149259231953752,0.051401901287956964
2015-10-21,-0.011842105859227958,-0.006203359057704749,-0.006100843912124954,-0.008870752862782494,0.009932567119759872,0.06031750875806052
2015-10-22,0.02910935805375714,0.016893721811662932,0.02036846919042623,-0.0003580140904458906,0.0016930993806869576,-0.1347305898732356
2015-10-23,0.009024760150864397,0.010961483039620523,0.027982490293556816,-0.0017011588974217284,-0.008530784108763845,0.0006920573711997058
2015-10-26,0.03184127627791855,-0.0024576140542182934,0.0006209717824898764,-0.0006277999535804213,0.006655649760896498,0.05739971794719434
2015-10-27,0.02975116352951379,-0.001932497937633948,0.0020382770634734815,0.0022435609738429285,0.0025002650757000033,0.009156333791500382
2015-10-28,0.03686337528027095,0.011374560113761367,0.00831253681357369,-0.008058752895948817,-0.004021657348199037,-0.07128971871120093
2015-10-29,0.030323221752396767,-0.000573964376391678,-0.0015787167308930483,-0.009568492239339532,-0.01590948556777949,0.019539409243679584
2015-10-30,0.0451163854851635,-0.004309602619415376,-0.004479862329535678,-0.0038279088978543374,0.007549725721811118,0.03148528740291501
2015-11-02,0.10113555548195285,0.011830419590370012,0.011294360525129665,-0.00649594413580179,-0.0045951636376446725,-0.06104844690938638
2015-11-03,0.11691385221725148,0.0028993340955736358,0.0034900156498303136,-0.014826347133739204,-0.008200154860412145,0.02756186246196246
2015-11-04,0.020192496229717305,-0.0030328982480241073,8.710274147993857e-05,-0.009441036684777915,0.0011577383886669512,0.06671253573409142
2015-11-05,-0.06125182558391995,-0.0009984622331400406,-0.002695150984393657,-0.0031141061362016664,-0.0026426922928146634,-0.02965828699927331
2015-11-06,-0.03075936204981211,-0.0005231224362084452,0.0006973514720363116,-0.014577820185771806,-0.014656308610415114,-0.04784054869793675
2015-11-09,0.015453807476761838,-0.009331674669451173,-0.010628167921192033,0.0028818737382825255,-0.005630452069911973,0.1528262767423123
2015-11-10,-0.11423324118170564,0.002306856142004543,-0.002553364779858236,-0.0021072913552456773,0.002957999944340317,-0.07445523376681251
2015-11-11,-0.0764059786796728,-0.003931765475139293,-0.0012359522697705794,-0.0033595553186392957,-0.002106330253591193,0.05035967992219903
2015-11-12,0.08701184203697987,-0.013960197783199346,-0.009722477881879854,0.00019259022164841433,0.004812825450557501,0.14383570673148016
2015-11-13,-0.00413724390407888,-0.011227951475936804,-0.019635644439137234,-0.0027924980239610875,0.00571458871917474,0.09308650007356323
2015-11-16,-0.01782310419782207,0.015206941368335336,0.014384270207824068,0.001448450457852024,-0.000919304340068483,-0.09561753404327611
2015-11-17,0.013130684314123231,-0.0007295393391625327,0.0006284773280871292,-0.013209938855231806,0.0016725727744497654,0.03744495104016665
2015-11-18,-0.0015040490475721757,0.015866194177164505,0.01919427791635009,0.0008794603332600293,0.0020875024463919978,-0.10562631395970634
2015-11-19,-0.025227919584780656,-0.0008624207339656964,0.000704197117772587,0.011031897393842582,0.006665632204858163,0.008308568930502691
2015-11-20,-0.012653676109382728,0.0036442907522946655,0.006771705821009499,-0.004538443721352925,-0.0030623518469423683,-0.08946436283496895
2015-11-23,0.0031798659914972216,-0.0011464759607998642,-0.0028827317753336024,-0.008051161423458963,0.003071758652725798,0.00969616134073159
2015-11-24,-0.009286603434051854,0.0013391195513197118,-0.0008760740278583867,0.0066497192545516,-8.320780213233459e-05,0.01984637784173726
2015-11-25,0.025496347141729103,-0.00014349953623560285,0.000876842206542161,-0.004662942933256753,0.0023182454509353967,-0.04645327750257788
2015-11-27,0.09090631832507112,0.0011466823582009233,0.001401689576494558,-0.011809477798990442,-0.0009911151823643882,-0.004608274967605519
2015-11-30,0.05384570144694312,-0.004151756220857505,-0.002536979236220982,0.006617265866126543,0.003967548446488722,0.0667988943685216
2015-12-01,-0.03931137478764046,0.009535909919017982,0.009998370706531645,0.003532188155604299,0.013507931905916815,-0.09051451707597413
2015-12-02,-0.009106494043992441,-0.010205038429852098,-0.006165364307616938,-0.015545525585325515,0.00032527944744864534,0.08452622799381904
2015-12-03,0.0051755164046409785,-0.014002654441439666,-0.016950665363714368,0.010626672647533919,-0.027183107248341276,0.13827786197605163
2015-12-04,0.005918979811516678,0.019502729197270474,0.023375522000921967,0.022209065049059173,0.008784162279380947,-0.18221977247469578
2015-12-07,0.08908180059779269,-0.006058390933545987,-0.004516072023328044,-0.012978259158702654,0.009703074658873101,0.06954758297014618
2015-12-08,0.05063250120130314,-0.006719522881891815,8.711160138941132e-05,0.0016557725915762322,0.0004927086165835703,0.11111112449038019
2015-12-09,0.0048127481426387675,-0.007779806550454738,-0.015179167997122933,-0.00194473896697811,-0.0010672888818140658,0.11420455598387824
2015-12-10,-0.0049908263746698545,0.0025816521988866192,0.0045179990936417,-0.0008768154562138752,0.001315176886300895,-0.01376850838144017
2015-12-11,0.08775168909191544,-0.01938160449591031,-0.02301646751447739,0.005460726883753653,0.015758964558558297,0.2611168147475327
2015-12-14,-0.017161605455671025,0.00505275336052069,0.007582160896894008,-0.012801859053540698,-0.0129286583955468,-0.06806067605383559
2015-12-15,0.047590868704790346,0.010497899370237374,0.00609147702432522,-0.002652561843328849,-0.005893576939303147,-0.07831055060029035
2015-12-16,-0.022322275599520713,0.014631612673372318,0.014870035726375797,0.012115872710852793,-0.0021411638690803647,-0.14749403532500582
2015-12-17,0.0025146778985860596,-0.015238151918531728,-0.014564629191345047,-0.021897810218978075,0.01130542345692187,0.06047031840973682
2015-12-18,0.01652786219976443,-0.01781519517917629,-0.019181903823354496,0.0153233921943019,0.0055489647800541775,0.09292503586349055
2015-12-21,-0.05387430522409864,0.00824921302920334,0.011107970330088701,0.010878092908588544,-0.00024347826086956736,-0.09661835392686213
2015-12-22,-0.004712341050152391,0.009074077398047109,0.006573546904147909,-0.005235103320787249,-0.007224202000321367,-0.11229948105839693
2015-12-23,0.013351772743957158,0.012383591703193586,0.007425407931231254,-0.0029237213719258692,-0.007522164025596023,-0.062048232709396745
2015-12-24,0.028444746614998406,-0.001650656757396396,-0.00017766820113351844,0.007232973422174549,0.005729107685551016,0.010918437997815555
2015-12-28,-0.07188367683621943,-0.0022850323298592157,-0.000533026370835965,-0.0075692031595538944,0.0029552339690490648,0.07433291571203293
2015-12-29,0.02534819448794612,0.010672177580745013,0.01572934298931883,-0.000684459735229348,-0.016613414216603895,-0.04908337854497835
2015-12-30,-0.014695742250116273,-0.007087624761246358,-0.009011463118569818,-0.007632082217105096,-0.0009991639026296628,0.07524881825636309
2015-12-31,0.009251772096881439,-0.010003541994608733,-0.012447911942223944,0.0003944085609299819,0.004498655985589739,0.053209839226735056
2016-01-04,0.005862078179612373,-0.013979462980666102,-0.021098214372249013,0.014094227459880093,0.007215309462705655,0.13673815506064346
2016-01-05,-0.0026114880105212457,0.001690993588612244,-0.0017346612576417675,0.0028185529910356166,-0.004034620845426384,-0.06570051015584788
2016-01-06,-0.006609363193875617,-0.012613537704121991,-0.009605866155780407,0.014440762350867997,0.013475657207286718,0.06463288470205808
2016-01-07,0.06744967414278147,-0.023991664952198177,-0.03131364834444039,0.014139709399294764,0.0017943965481792556,0.21369594880635545
2016-01-08,-0.010518533255044149,-0.010976931822198832,-0.008200612786502637,-0.004427708091822691,0.004478868317655982,0.08083235199138561
2016-01-11,-0.010595066162266686,0.0009900313145263517,0.003076632000005075,-0.008894799760520211,-0.010943703519268877,-0.1003332457925521
2016-01-12,-0.028405912064368155,0.008068434342173303,0.01159767012180768,-0.005060137388834152,0.01442524791490718,-0.07530864120008185
2016-01-13,-0.007617802165628018,-0.024940646325371296,-0.03448890373352553,0.004893984653210337,0.009856711041833499,0.12238540649912721
2016-01-14,-0.004775996611502853,0.0164168787025607,0.02129508744537123,-0.016233809757639994,-0.009361258605787515,-0.05035680352864047
2016-01-15,-0.1533211392380016,-0.021466374972546443,-0.031036954569169883,0.010289314914859515,0.015587530567736652,0.12818369924959572
2016-01-19,0.04341654550300644,0.0013316469788247076,0.0021818915139983908,-0.000960784707550344,-0.003101371981527712,-0.0358993783963617
2016-01-20,0.10543504141779825,-0.012815335478509993,-0.0030675350200427554,0.013367949074563512,0.010529782526715659,0.05911711940998576
2016-01-21,-0.023720384830985597,0.005601969722007327,0.0009927509938718604,0.001138797703897687,-0.006788764637133182,-0.03262050067244582
2016-01-22,-0.06768842705359068,0.02051509557288167,0.028953666884896645,-0.004644969889963546,-0.0038150860939973885,-0.16298240143978016
2016-01-25,0.02414170409569616,-0.015116630126632669,-0.014840328475096976,0.010285731724330338,0.0054254713913513,0.08102056640911481
2016-01-26,0.0010900525845978226,0.013643373047248497,0.008999187282138443,0.011406476843766722,0.0004758258180115327,-0.06832296664983095
2016-01-27,0.007188443331437089,-0.010883198880924594,-0.024915085732794773,0.0037282274439893737,-0.00023731511149605033,0.027111138237847276
2016-01-28,-0.037174746465929664,0.005209005275676359,0.01411790048623951,-0.010678814187088714,0.001427298814774769,-0.029857226994124297
2016-01-29,-0.0021431133644858047,0.024377584773092265,0.020882402508970666,0.0038482826092700595,0.00847695970243234,-0.09901870231043552
2016-02-01,-0.016912882790638073,-0.0003614820633796034,0.00268889166174624,0.01028523735300313,-0.003061849063073274,-0.010891149128407829
2016-02-02,0.0037313387049842106,-0.018022130440431106,-0.02164514764112213,0.00037013683482878257,0.018552218840301782,0.10010010239350309
2016-02-03,-0.012015000596581338,0.005994784545060083,-0.004797150268899042,0.010731831819877025,-0.008293545941733371,-0.015013645613228266
2016-02-04,0.053101883614825374,0.001568293525207043,-9.824103308198051e-05,0.012082377069329242,0.004845716181455462,0.008776006346669751
2016-02-05,-0.007815785037633693,-0.01905020826512238,-0.034726930965319425,0.015827077912906162,0.0011666895545590084,0.07051277460711147
2016-02-08,-0.033894848733321825,-0.013461012522678284,-0.01528731015896767,0.013443751249405,0.02151971284727927,0.11206163102135425
2016-02-09,0.006913968501225387,5.397978403398618e-05,-0.0031053020497238126,-0.002196257541759894,0.0010646358909693898,0.020769265981820828
2016-02-10,0.014945643131907493,-0.0008630442818240436,0.003841555203980551,0.007747818623272451,0.008812438946226298,-0.009419743458024432
2016-02-11,-0.005227303585499055,-0.013007939304554461,-0.0014478542282184703,0.0401886992042193,0.007003645502583922,0.07036890109153449
2016-02-12,0.012140024574571084,0.020617463848346507,0.015225235333543363,-0.005879363032051943,-0.016601341729263974,-0.09737028537840331
2016-02-16,0.06044039127889933,0.016877961214903703,0.022546426210332537,-0.030331226332987904,-0.010570642799373253,-0.05078736328947053
2016-02-17,0.021679127316867275,0.016334888532904213,0.02264788676073004,0.00618634429410414,-0.006148850526042082,-0.07465786390881946
2016-02-18,0.014534410875089776,-0.004096089333051833,-0.01141474633367301,0.02433319602449635,0.012296514301480821,-0.030031380203156988
2016-02-19,-0.003759667949825962,-0.0004686661266422032,0.0029607196442142936,-0.006002190201855551,0.0008400477750964974,-0.05129384169640505
2016-02-22,0.04031270608530435,0.014479373122017414,0.016235241616965324,-0.01777516528948675,-0.0005342682329121384,-0.05601565939678543
2016-02-23,-0.03886252811778146,-0.012629853729755558,-0.016460165097875068,0.014979681261872324,0.004047502474620934,0.08255936278412279
2016-02-24,0.01002765205857803,0.004575841548005055,0.009549417896003831,0.003327072049028157,-0.0019773602878015994,-0.012392766184689874
2016-02-25,-0.0009671147241367972,0.01211175082278415,0.00984888298863229,0.0026358095143692584,0.0035814843664965235,-0.0777026426813272
2016-02-26,0.017920407767467728,-0.0023012458772275757,-0.001255287864440291,-0.006869043174790868,-0.009643626810809436,0.036629975574759666
2016-02-29,0.01283109370494806,-0.007842672655925975,-0.008991734607922686,0.013064629590324062,0.0043699599606754624,0.037354860730328676
2016-03-01,-0.005880792374806099,0.023507160252231207,0.032097443613167576,-0.0073331317520045625,-0.017608121001090993,-0.13868606228370617
2016-03-02,-0.02558810389315269,0.004492719475732487,0.0003784769512971131,0.007726956678680841,0.004126928528584317,-0.03446330983379342
2016-03-03,-0.005514323767648155,0.003918913203730723,-0.0018900390580133264,0.017273365743903035,0.003644309192056605,-0.022820326867544316
2016-03-04,-0.02540490972492626,0.003253858294453238,0.00037858365703580255,-0.0015737798071993048,-0.006412761748616935,0.009580828748653625
2016-03-07,0.008229978369405089,0.0007985451181604653,-0.0061510358765993756,0.004977588099916774,-0.0003111498628384224,0.029062856072337162
2016-03-08,-0.0008424133193375427,-0.010918066050861874,-0.008284152499479114,-0.0046227304062674834,0.011045470113529188,0.07608067238050409
2016-03-09,0.0021450738715436124,0.004939548775603875,0.006432826197770192,-0.00829324916913754,-0.0060778589126839755,-0.017675410945770076
2016-03-10,0.005474200191670997,0.0008023873907077039,-0.0015265070162751027,0.016056181130168712,-0.004102572720910969,-0.0158124816311096
2016-03-11,0.010929397114499917,0.01613728790268043,0.017485224030659108,-0.01720161594971703,-0.010104265465628814,-0.08587253753884172
2016-03-14,-0.012454680285871933,-0.0012821995989511503,0.001690292663731885,-0.012896749587957723,0.003140917328847692,0.0254545500784209
2016-03-15,0.0009413125172212933,-0.0016298334146686022,-0.00037504664021803524,0.000763521980092996,0.0009390310374970401,-0.004728127857288822
2016-03-16,0.0004342292102057499,0.005786916322926716,0.008909370956925011,0.02229567034444102,0.002972011869006863,-0.10985750384244664
2016-03-17,0.008656884320788816,0.006344203409714533,-0.0005575440759854056,-0.003814570847019083,0.0041319234991401554,-0.036691140702655
2016-03-18,-0.026325357005549388,0.003929881106745636,0.0015670816753192707,-0.002746975852867317,0.0020961392878215968,-0.029085812660977983
2016-03-21,0.00917841778607853,0.0014193368657289263,0.003911460030287417,-0.007011719080860512,-0.007670448448651279,-0.016405170356701415
2016-03-22,0.011570049243740943,-0.0005372815033958256,0.0030616848086615356,0.0029421526295789757,-0.0002344073557805082,0.02755620852009466
2016-03-23,-0.0001148180211008043,-0.006600134819505055,-0.008231644855856257,-0.02263009809313088,0.011324870556437938,0.05434011996778643
2016-03-24,-0.0039397396784595085,-0.00044287332812664726,0.00027988572414794355,-0.0024011557999427113,0.00038548057636234034,-0.0133868684660301
2016-03-28,0.018821056171107298,0.0005905821036780168,-0.0013985789753552247,0.0023209545157449885,0.0013124785159766006,0.03392130310474695
2016-03-29,-0.01818583876313995,0.009250594796270217,0.01605820989273976,0.01852490300494103,0.010485596091096783,-0.09317585942389806
2016-03-30,-0.004081431986586503,0.004387493449045543,0.004869895952729131,-0.013977800877817192,-0.010528890531599666,-0.018813262007877807
2016-03-31,0.004611669609792424,-0.0024269651136875625,-0.0014627767313742934,0.004611451089358232,0.007093717109643016,0.028761016045710575
2016-04-01,0.0029539281818384833,0.006811912229550465,0.010622785419914571,-0.006035354370591106,0.0026083448859732794,-0.06093185945643298
2016-04-04,0.008335747105681968,-0.003238151976024617,-0.0038060052564172775,-0.006670647201412416,0.0006125234945293379,0.07786255529672892
2016-04-05,0.006136043065408936,-0.009987498057484445,-0.009641454994042342,0.013000448699038714,0.010936444796760592,0.09206800292289019
2016-04-06,-0.0014550960929827772,0.01092133641262949,0.016440053022967138,-0.006119337058417829,-0.00726271505525411,-0.08625161589660046
2016-04-07,-0.0015776541495821084,-0.011966328051922659,-0.014366933699077933,0.01428081181871077,0.012344707480650419,0.14691268079539554
2016-04-08,-0.0056677101359551285,0.002696687384766916,-0.0007336784692583143,-0.0015175811841288134,-0.006323012280367801,-0.04950496276539118
2016-04-11,0.00507674025751137,-0.002347091885706365,-0.0036697334550592764,0.013510077429689682,-0.001287405590128854,0.05859378856257624
2016-04-12,0.00640736011028098,0.009312752788366963,0.008379625618565756,0.0001666606070513943,-0.006902711137596551,-0.08671585655377767
2016-04-13,-0.0034243365177533125,0.010101090478803032,0.012784359958331049,-0.010662277185778612,0.003513235509498447,-0.06801348167924248
2016-04-14,0.0012932739384234893,4.8392364948801614e-05,9.007662050231069e-05,-0.01397656040779005,-0.004794570740627502,-0.008670511866767816
2016-04-15,0.012800447792337577,-0.0011059587422679318,-0.0025244283141426793,0.006916553277877435,0.008565046705555357,-0.007288657399667997
2016-04-18,-0.0026110665588321424,0.007027095138030459,0.00533252372446813,-0.0015264612277036127,-0.00432234986221558,-0.019823752302349784
2016-04-19,0.016141261044697153,0.003153710853242009,-0.006113258837324276,0.015627688132066497,-0.003122252444449747,-0.008239745858303338
2016-04-20,0.013501454267428992,0.0009531672415179493,0.0008139962616466878,-0.005101192515562847,-0.011000396086654596,0.0030211452072894662
2016-04-21,0.018206117703021496,-0.005378882497544368,9.029645436164913e-05,0.0037824404776409803,-0.005947868753355512,0.050451813988406036
2016-04-22,-0.008206015200358463,0.0,-0.015092651708954019,-0.012811914275298819,-0.002564687372720531,-0.05232971700483369
2016-04-25,0.035197875380582166,-0.0017226647604072776,0.0,0.0028840781155776707,-0.00412892708314927,0.06505292279169761
2016-04-26,0.010105617014595225,0.0014861094471227965,-0.004863418301387812,0.003975248058563308,-0.004536675599458695,-0.008522719191002448
2016-04-27,-0.04591822169655291,0.0020583493162378286,-0.008022132332337506,0.002864397439145794,0.009979881427245818,-0.013610285090552288
2016-04-28,0.00972363594039427,-0.009075737484306123,-0.012084002512222969,0.018901209532051544,0.004124258562250072,0.10530136245911392
2016-04-29,0.013554230788261235,-0.005398813370350197,-0.005269128444116977,0.01945750344247421,0.0025567477735253252,0.03153742009296501
2016-05-02,-0.02291374995322748,0.007948132880389425,0.009459164595893021,-0.0033158403319838436,-0.010068425509004664,-0.06496812206885616
2016-05-03,0.01267230044731571,-0.008702965720183697,-0.009276376917718099,-0.002271979748055375,0.01259600937439953,0.06267030362183146
2016-05-04,-0.007954628089030247,-0.005578107302294022,-0.006431574187826028,-0.006099544612754526,0.005485755576371654,0.028846079781212453
2016-05-05,0.002807178430442203,-0.00019507509600702466,-0.00028553795842467533,-0.0011455641166617792,0.006685037021900042,-0.008722703819522226
2016-05-06,0.025954478142589776,0.0036590964635585532,0.005332266022412657,0.009093148301192455,-0.004274670711529649,-0.07479570030145943
2016-05-09,0.0019147065813092112,0.0008261858642477637,0.002841511287515086,-0.020539038586043668,0.0031431039853959675,-0.010190256079042004
2016-05-10,-0.020821643056809114,0.012433632385707938,0.013694669860844444,0.0027351995597273415,7.636437621161285e-05,-0.06451610158353138
2016-05-11,0.00406526543244512,-0.009354377760681709,-0.00903764476024893,0.009423039824896007,0.005654855978827866,0.07776958598990169
2016-05-12,0.004501586822668102,0.0002903704778502991,-0.004418715823802266,-0.0078611125358784,-0.0045592054107638225,-0.019060567799137118
2016-05-13,0.001987884393882755,-0.008714077520185382,-0.003683397343607786,0.0045394140453900444,0.009694035382473265,0.043719647544205875
2016-05-16,-0.0033072596364908113,0.009865210977467731,0.012511713746879982,0.0007394952589121484,-0.008617966799023824,-0.023936147446166123
2016-05-17,-0.0008367147643265627,-0.009333699186591882,-0.012544309658585662,0.0034482607423813594,0.0016769680971555623,0.06062666015985352
2016-05-18,0.0018422870722276663,0.0002928851756502926,0.0036027692110620624,-0.01734579222228738,-0.014235249368391822,0.024405916627425306
2016-05-19,-0.034983122389776966,-0.0034649102919522834,-0.005195735670747825,-0.0019150352244893254,0.004324770069070283,0.023824458870537413
2016-05-20,0.009028637197771028,0.00631760469275533,0.011015177488002736,-0.0013348098643798378,0.0007693321906008244,-0.06919780279977295
2016-05-23,0.0033410528770012604,-0.0013629491295930052,-0.0013152002850062017,-0.002840166573309433,0.0022278110723670252,0.040789466667043195
2016-05-24,0.004111152130561901,0.012962353937151061,0.020032311819998982,-0.017341037506874768,-0.004446492548395131,-0.08849555281523214
2016-05-25,0.008112479176510368,0.006783326225861419,0.007191708527006346,-0.002728045068191687,-0.0037739360706761094,-0.03606105790654868
2016-05-26,0.008418621194288045,0.0002863412225444506,0.0029292908015832175,-0.003419400875365075,0.005179716698340053,-0.033812901169287035
2016-05-27,0.04428913780222743,0.004299479821862073,0.005202416951848976,-0.008234680643287917,-0.0014608488090247507,-0.023082681502041957
2016-05-31,0.12233664731526717,-0.0019026517218077021,0.0019067914760977356,0.003805525009163979,0.0023867969733986083,0.08155485549980424
2016-06-01,0.01041426895780817,0.0020489814516464477,9.069040033948816e-05,-0.0010339059082515867,0.004057278698987865,0.0007047377855924353
2016-06-02,0.001959327249142495,0.0030439804913271473,0.0020843543117370356,-0.0023288275554194104,0.007207254153609455,-0.04014082411834319
2016-06-03,0.058036451231221475,-0.0029871034956914233,-0.004702406536152504,0.027751354156539287,0.014235905586058584,-0.011738800151776196
2016-06-06,0.028712562759538818,0.00508827215820884,0.003634388831614821,0.0003364814640942626,-0.007430487849365841,0.0133629805444071
2016-06-07,-0.015268040508522596,0.0015616677282257463,-0.0025350151986004432,-0.0008408886281601191,0.0024192215836016384,0.02930407204272578
2016-06-08,0.008754875243001337,0.0032594173658544445,0.0017242819629106343,0.014812339174809175,0.005356573983385182,0.0021352122821303166
2016-06-09,-0.012060645948779758,-0.001365682957214398,-0.0016304997835002721,0.005556461757929343,0.006453353126481209,0.0397727572905624
2016-06-10,0.00494225118107372,-0.009477337053718449,-0.011344148750380922,0.004041219495006354,0.004846193279244737,0.16325138574281683
2016-06-13,0.21976208685770238,-0.007711911710654107,-0.008353245458396774,0.007392817000752894,0.004451368579438286,0.2313563398619609
2016-06-14,-0.026714363056839163,-0.0019669330650172734,0.0,0.0010599906561068462,-0.0007388676406511197,-0.02241293890053586
2016-06-15,0.012996653638348121,-0.001393501677568243,-0.002869698858995684,0.007412264290884263,0.0038438345769948867,-0.017561005383003092
2016-06-16,0.1034444876069811,0.002984261446646208,0.0029707018916083072,-0.010511020767707824,0.004859812057071089,-0.03823230256952259
2016-06-17,-0.02270495309111209,-0.003724434212046601,-0.011721110588549188,0.01282889140431287,-0.0062287515548048455,0.002064997751455744
2016-06-20,-0.015600004074938112,0.006440012282220353,0.006291557371931988,-0.005970132166106756,-0.010692290847740149,-0.05358057786473247
2016-06-21,-0.09572917176344398,0.0028387226661550358,0.0031727916992514427,-0.019235474102691663,-0.004621360294512766,0.005987953074449548
2016-06-22,-0.10580625586293746,-0.001630966675615908,-0.0024189810391848088,0.0004965672774475127,0.0016473779153047818,0.14556280306769365
2016-06-23,0.046737481653341684,0.013022307009360246,0.014267298375786774,-0.0065343333792947655,-0.011438576489147922,-0.1851676930640893
2016-06-24,0.0662236302995558,-0.035908781411696955,-0.04118758375370846,0.049038376152841456,0.026847266617562315,0.49333334660184547
2016-06-27,-0.015066889695006358,-0.017909862362679996,-0.019848501839692112,0.005396827818855421,0.024966704080482405,-0.07414595615067732
2016-06-28,-0.012626832312067848,0.01803589283215823,0.02191342459519241,-0.010735716822507735,0.00208393017551467,-0.21383649056174336
2016-06-29,-0.010990650975278071,0.017027511289480213,0.01771008155997711,0.004149350816571085,-0.007672931437089248,-0.11253336588541663
2016-06-30,0.05226985838745257,0.013645610430109034,0.01156999460699426,0.00500639622652943,0.003685831567566966,-0.06069707405373037
2016-07-01,0.004394598127820171,0.0021002895305684,0.005021315796168713,0.015339625386899147,0.013884903215839905,-0.05502237046579883
2016-07-05,-0.008382433395659361,-0.00719297073394809,-0.006106585042010115,0.008254789567508913,0.012519996351216367,0.05484085584551335
2016-07-06,0.009996584316817492,0.005997402008239172,0.008192038012370118,0.005870043250717272,0.001616204502658869,-0.03979460132189794
2016-07-07,-0.054285101786537004,-0.0006197803223080278,0.0029550879569646415,-0.003762499043616141,-7.02484628118949e-05,-0.013368971173472688
2016-07-08,0.04052847040600782,0.01489044996820943,0.015466734036581942,0.0060120143847071095,0.007365804006717269,-0.10569108370094371
2016-07-11,-0.02830211917918468,0.0035268107789823144,0.005711563841684697,-0.009423926954219786,-0.008773956290935248,0.025757587689451578
2016-07-12,0.026081670906665577,0.007263703007790223,0.005048391152026266,-0.016551874633622066,-0.016440066391569585,0.0007385693434276419
2016-07-13,-0.015172661582416813,-0.0001397562424454435,-0.002421706944817359,0.00920177573180525,0.011785838890802536,-0.03763839274560021
2016-07-14,0.0055159079658642085,0.0055836130446389465,0.0068331338922382745,-0.007715129649756625,-0.014542978212533586,-0.016871186171195762
2016-07-15,0.007866851543552045,-0.0013419227440405468,-0.001607236759095354,-0.003848311365095336,-0.008596917828665007,-0.011700438541416891
2016-07-18,0.01485252747596566,0.002687202848997705,0.006618855783733446,0.001576825791636871,-0.0009393663597168089,-0.018153156631860234
2016-07-19,-0.0003595338446481522,-0.0010163923163423183,-0.003643263388065865,0.0013381467862105811,0.005642007172278696,-0.037781296560141064
2016-07-20,-0.010669341750207062,0.004162922127562085,0.011682893068897915,-0.014307049036417885,-0.0054664444714856986,-0.016708421453927036
2016-07-21,-0.0010109490754345307,-0.0037771495776812714,-0.002291957106024589,0.015232503958900745,0.0020249999162953447,0.08241285264476494
2016-07-22,-0.021643225766245777,0.0044845786750635774,0.004152679300053919,-0.007462722347700734,0.0017324555461712965,-0.05651486077627299
2016-07-25,0.005345626563944883,-0.002715692163833716,8.810263079772618e-05,-0.006964758718206121,-0.0007208618552116963,0.07071542391218455
2016-07-26,-0.0035361549353930544,0.000461785455221575,0.0011436524808299264,0.0042241075487405855,0.0015862273752700329,0.013986037822560693
2016-07-27,0.003939945100722264,-0.0010609964705627917,0.0069427881726848995,0.016111101422991103,0.0124529473412327,-0.01685825776347516
2016-07-28,0.001043755362771126,0.001154535890636632,0.0034908677545248956,-0.002889909558035031,-0.0018484732795748249,-0.008573628786544218
2016-07-29,0.002987674445236399,0.0016144862645537383,0.0021745310097611714,0.010339903082906332,0.008334143461861343,-0.06682392795800418
2016-08-01,-0.0772003789985598,-0.0008290843687606131,0.005293551969331567,0.0018607962561190128,-0.010841931958216922,0.04802019379272915
2016-08-02,-0.09699763217344737,-0.0064072229248693935,-0.007596656988682615,0.00812570067976126,-0.01030235123737755,0.07475886949725496
2016-08-03,0.03450440244883124,0.0029224739124784627,0.003305486860959661,-0.004759425467430023,0.000577608739039448,-0.0381451184178907
2016-08-04,0.021071627173149254,0.0010642086647780769,0.0028608920873742782,0.0016968857004249216,0.007514087644080236,-0.03421458725738313
2016-08-05,-0.005613061413004994,0.008178899616048785,0.009596396110661098,-0.01786395743940894,-0.010397823276124485,-0.08293073483446689
2016-08-08,0.027843109991450454,-0.0005955775534094432,-0.0011130278175129904,-0.000862411663815732,0.0018837383619549897,0.009657563947461423
2016-08-09,-0.0055037113934993664,0.0005959324774162944,0.0023143028396366283,0.004080325118523742,0.009836825097539581,0.013913030209748545
2016-08-10,0.007318806479226669,-0.002475004872832587,-0.0025659448669018703,0.004688953410549868,0.003867748627928158,0.03344771427328208
2016-08-11,-0.005038029006446343,0.0046407178359109125,0.0042876931825504006,-0.006922832969429749,-0.008918367974500407,-0.03070538420767588
2016-08-12,-0.002649670922785896,-0.0008689979986911123,0.0006828927792787987,-0.002114801025602908,0.00842212196914005,-0.011130146493515958
2016-08-15,-0.03458211011256662,0.0028837090691125056,0.004266334444997355,0.0034536484045673,-0.009422426086988955,0.022510841955691197
2016-08-16,0.017980106868553447,-0.005157567024864695,-0.005522471979111709,0.0049280733796905896,-0.00266702674954844,0.07027941525957981
2016-08-17,-0.007313365172209707,0.0018809133483783658,0.0017939708457235248,0.0002335080486637331,0.005997546679265442,-0.035601325214929425
2016-08-18,0.0019224685625014448,0.0022442288299651114,0.00025554401308580665,0.004747086461879935,0.0015803092842574529,-0.062346128086053776
2016-08-19,0.0022844691170509357,-0.0014619728678069155,-0.00025547872702658125,-0.008829675348611454,-0.005235057383603969,-0.007874028887570272
2016-08-22,0.019323151582600673,-4.606604575863038e-05,0.0007674678332494356,-0.00148474204574367,0.008434628694251378,0.08201060781851455
2016-08-23,-0.005688957275192363,0.0020133920656024706,0.0017898025586862154,-0.00015649274735829444,0.0010728208098365055,0.008964926860100197
2016-08-24,-0.0055414607323549525,-0.0051145810964199345,-0.006464901727699757,-0.011114635054762179,-0.002357217242446863,0.08642969991382277
2016-08-25,-0.004172863824260409,-0.000688739042647768,-0.001626637274431908,-0.0008706109240564919,-0.0037936195046597287,0.01338292250768558
2016-08-26,0.0032712742693985497,-0.0018834065293784619,0.001457765152311108,-0.0014259708499476664,-0.0058197693561401476,0.0014673150345880792
2016-08-29,-0.009564386740152364,0.004924613090257379,0.0013699718452566678,0.0019833398964483884,0.013370417753759689,-0.05201465626292967
2016-08-30,0.0059152668849560275,-0.0016489981071099447,-0.0032493801866309013,-0.010055457179525829,-0.0038509723017183806,0.013910379521855365
2016-08-31,-0.0035168750500036428,-0.0028440248238970067,-0.00102929554494402,-0.001999520134694288,0.001431714607718515,0.022865868395705258
2016-09-01,-0.005506795171634882,4.6147073690550044e-05,0.002576240914507366,0.0040872106204499214,0.001103280564534792,0.00447089907610132
2016-09-02,0.0056508683520231084,0.004507784240084245,0.0032550864048161987,0.010216288370529014,-0.008156570099205895,-0.11127596817048191
2016-09-06,0.06063726152482851,0.003022547535232567,0.006232922014732356,0.016907695537669243,0.007286205219782627,0.00333897471250455
2016-09-07,0.006729669286737572,-9.127173172984726e-05,0.0005938385490962261,-0.003418556588101307,-0.000716577817384989,-0.006655646783166214
2016-09-08,0.019155621948398593,-0.0022830648737058867,-0.005851195460000902,-0.0053013792150961025,-0.012541342548251122,0.047738749458166696
2016-09-09,-0.005516314720538151,-0.02393476871498046,-0.02516431905258032,-0.00658355954228651,-0.016474779680280216,0.3988808696899744
2016-09-12,-0.023469187272261327,0.014347272668479905,0.01793846060610904,-0.0012623563085552014,0.0005169580901351889,-0.13371429443359373
2016-09-13,0.0016408687091293839,-0.01437519090950723,-0.008940070217532847,-0.0066355664917512325,-0.011358030462135904,0.1774406702594271
2016-09-14,0.0023685095030407943,-0.0003754374678192063,0.00477055191707576,0.0034194855282367875,0.00149239707143356,0.016246442688021556
2016-09-15,-0.005778752313614799,0.009992790977510824,0.015538568497347471,-0.006419381491795106,-0.004320448852191738,-0.10143330840671827
2016-09-16,-0.00029976995520941685,-0.003865656194660616,-0.00047743238156494616,-0.00247272219188599,0.008079931596779666,-0.05705517760927059
2016-09-19,0.003713455461360926,0.00018786401785919615,-0.004348050465446285,0.00207901920123299,-0.003265784002495775,0.010409879544790224
2016-09-20,-0.0015018671902981007,4.668575409683129e-05,0.0018841050748545918,0.0009575705942728163,0.0034996603453114616,0.02511270766442819
2016-09-21,-0.018350821103800485,0.01124548019067273,0.009829083187778087,0.014588601451239303,0.008087494796272354,-0.1645728563444202
2016-09-22,-0.0014251270660791127,0.006301403869504396,0.007955828198185078,0.00235721740921524,0.007948139214589256,-0.09624058004622238
2016-09-23,0.010974389712895327,-0.005479109397701687,-0.0063816983325385435,0.0006271210413582029,-0.0009488684534996183,0.0224625202834301
2016-09-26,0.008627550796737715,-0.008102288514648892,-0.008366517681336672,-0.0007833801247610905,0.006358355319692199,0.1798209963390236
2016-09-27,-0.0030869758688286675,0.006207695835715787,0.009885792913991054,-0.007291260548213385,0.007335439321191517,-0.09655169782967399
2016-09-28,-0.0023722680654858497,0.004963513836746758,0.0016878427882824898,-0.003159070582864132,-0.0021620628145657683,-0.05419847461617522
2016-09-29,0.0015957021614345646,-0.009047056938062514,-0.007245268246026115,-0.0011884132817953086,0.0025282464076539224,0.1315577134200292
2016-09-30,0.006673334895926697,0.007546248104803643,0.007467867966938435,-0.003410805950794571,-0.008937129736692473,-0.05206850728071133
2016-10-03,0.003932872988292813,-0.0024042050722571373,-0.001431777795222744,-0.0025469571504198596,-0.003299783913635501,0.021068452503753887
2016-10-04,-0.003151302293994518,-0.005097779789162038,-0.0015186304879072354,-0.03471112739159021,-0.011695368571412512,0.004421549076348397
2016-10-05,0.003780714176687905,0.004425182852929144,0.003548218189506347,-0.0015706575141682944,-0.004659575640052149,-0.04695527057587301
2016-10-06,0.0008326540699006291,0.0006956391213357449,-0.0005048903797396642,-0.009273018119780652,-0.005572561379586394,-0.011547314947901732
2016-10-07,0.0066881487127896655,-0.0034296047219696257,-0.0021898554969832507,0.000668512445361813,0.0006719938987980179,0.04984418863261819
2016-10-10,0.0030351372922912123,0.0052084844231163885,0.006330582379195926,0.0035076482865623593,-0.0058982731024230795,-0.007418355429618995
2016-10-11,0.03566755456092818,-0.012629491036540874,-0.01425916584518716,-0.005076569505331308,-0.002253962536971077,0.14798202730202759
2016-10-12,-0.007612256843642973,0.0013120059778903848,-0.0008511319715545085,0.0015892497462293154,0.0009787276149122448,0.035807304884656554
2016-10-13,0.0009336711639325035,-0.0032755920852034492,-0.003576717120126638,0.002421921836488483,0.003760581033824373,0.04902581358430247
2016-10-14,0.005640795997202019,0.0005166833065188836,0.0011963793891585084,-0.0055819226506638175,-0.01401201076641112,-0.03415216756051487
2016-10-17,-0.001850465780775079,-0.003472325888823846,-0.002731929757650242,0.0026809625769763645,0.006383376565205934,0.005583017404082069
2016-10-18,-0.0019289497923044019,0.006262313921679086,0.00890285026079951,0.006183137214928136,0.003247335876878088,-0.057371955831403976
2016-10-19,-0.011662176602227792,0.002667110573500553,-8.481237732615998e-05,0.0057299655530487215,0.0008279671308577541,-0.056937166280297546
2016-10-20,0.0005344399657709609,-0.0018665027959280378,-0.0011878887606878719,-0.0030550965627722526,0.0010526787297240325,-0.04580151661352294
2016-10-21,0.0031243345442188986,0.00046724828675626107,0.00373802228929887,0.0007454362173064943,0.0015027932868465488,-0.029818170720880666
2016-10-24,0.03307847203588965,0.0042529138986298065,0.01201848439618014,-0.0022345797266349887,-0.004351283199400258,-0.02398798284587278
2016-10-25,0.005853861651613945,-0.0033504994314369485,-0.0031782782586431413,0.007548139354159433,0.002637550140377254,0.03379412940964488
2016-10-26,0.031503012551975074,-0.0020079368764830408,-0.006795743762628148,-0.00559809251948773,-0.006762925855291035,0.057949459937637116
2016-10-27,0.01475587926682298,-0.0026668198775435803,-0.004561609287033197,0.0018213529185828747,-0.010894298525227053,0.07865167862085842
2016-10-28,0.0019439015652655822,-0.002955384125940985,-0.006279670794649972,0.0047103519110967,-0.00221783477276416,0.05403651666226161
2016-10-31,0.016415525926429364,4.712844379373138e-05,-0.0009391998865724283,0.0029610183001298473,0.006132285412599581,0.05373680686758586
2016-11-01,0.04111582993933238,-0.007245530975009684,-0.00752219448475,0.006478603409139305,7.642185259237877e-05,0.08792497344413852
2016-11-02,0.015122026734456728,-0.006018491066908105,-0.008009309299511713,0.007414617516698918,0.004351289443951467,0.04094828937233741
2016-11-03,-0.07036572370709482,-0.004577081400616523,-0.009811035485759456,0.005338107937297831,-0.007676302751564168,0.14285715696057877
2016-11-04,0.021104941029334467,-0.0011015119730842793,-0.003507112227591258,0.0007240252267182168,0.00896024133945117,0.01947465156981787
2016-11-07,-0.00014789353262623095,0.022057096677923882,0.023757219657510875,-0.018007861361529542,-0.008501160441922062,-0.16881390962997522
2016-11-08,0.009553043732787758,0.004503354186097486,0.006531984099009902,-0.004175211869501427,-0.004057857319770375,0.0016034574085257436
2016-11-09,0.018912481782264123,0.01060223215928291,0.00461093773727983,-0.0006576934516286936,-0.04243218616516664,-0.2326574018104749
2016-11-10,-0.010699989578151436,0.0024959008446738817,-0.016149555619415,-0.01488974658560116,-0.014770526160442832,0.025034746440350863
2016-11-11,0.0012256778354984288,-0.0023053903556330413,0.00043221437833174114,-0.02212944906788228,-0.005621997192542638,-0.038670264835491186
2016-11-14,-0.015898715231411176,0.0007857493513099278,-0.010103931458648074,-0.008454294420749409,-0.005981667593695228,0.021877167556336508
2016-11-15,0.009358618392210527,0.00780269073056572,0.013870976430746751,0.00869866618655779,0.004945974950562482,-0.07665743727681185
2016-11-16,0.045781490717260676,-0.001878269855683623,0.005936594914790705,-0.002988440021410743,0.009022883969223239,0.026178039227042982
2016-11-17,-0.004328160394457825,0.005140746337545465,0.0072707695483111845,-0.005138293152093909,-0.014714334355447556,-0.026967921163110087
2016-11-18,0.014316277527319121,-0.002237695806521889,-0.0037367122535784114,-0.008780207102896176,-0.002887579049207667,-0.03745318245039286
2016-11-21,-0.016414691315204677,0.0075516842300002995,0.010399252437636175,0.0037342622620732957,0.002481904707260396,-0.03346305777514691
2016-11-22,0.01636663102935887,0.0019529899618113689,0.0030367615354260913,-0.00034608855246265335,-0.00032988142659529096,-0.0008051714026091616
2016-11-23,-0.00898784564083277,0.0005439581097310686,-0.004036893747364267,-0.019819983532816443,-0.0038806032453388983,0.0016116404520216676
2016-11-25,-0.003955185439841968,0.0037155915700028963,0.0032088680443482787,-0.005651208738617575,0.001492066357862365,-0.007240559161564519
2016-11-28,-0.00786894964989815,-0.004694620367996838,-0.0022727068561315678,0.010567466787642088,0.007366273405120749,0.06564015039922944
2016-11-29,-0.00028401832847246844,0.0019499858775171575,0.0034590265802827425,-0.004657349687858581,0.004190492514831501,-0.019011407395610358
2016-11-30,0.013712507060988921,-0.002398892796366847,-0.012106676011089501,-0.013419234467324848,-0.016200551474044533,0.03333335797608128
2016-12-01,0.0148627355359785,-0.0036756954354461024,-0.017277077698108156,-0.0018791864382340373,-0.010558233690589724,0.05551386161691929
2016-12-02,0.027973983354282694,0.0005012465819853595,0.0019919777635621916,0.005379222424209074,0.00732718921486919,0.0035536739032948628
2016-12-05,-0.024736945420754775,0.0060086190690959995,0.007778786314997177,-0.005350441210868029,-0.0010865651344234006,-0.14022659761218048
2016-12-06,0.007280857687529396,0.0031676226176498012,0.002401317108704948,-0.0009861987578327902,-0.0007537361728096048,-0.028830343622043952
2016-12-07,0.005113710148497264,0.013080766572522995,0.012662847545583,0.003589711251758221,0.008543831067816088,0.03647161209220218
2016-12-08,0.0034863518890431155,0.0024481994453677824,0.001774224144315495,-0.0023249765892274787,-0.011793879654725337,0.034369890926038815
2016-12-09,0.0025739271614879655,0.006040757081200221,0.007843480255189217,-0.010486673587394413,-0.012438637110070094,-0.07041141765418613
2016-12-12,0.009437144556112331,-0.0011479568351233649,-0.004518718907092212,0.003804331187865717,0.0018722728550646384,0.0757447100700217
2016-12-13,0.0006012857421731077,0.006674057515170251,0.012609079898960873,-0.0033387723118656343,0.0035677210562372608,0.00632910771622841
2016-12-14,0.0011850370211665684,-0.00825429746991857,-0.0020753563956441567,-0.014667226454941784,-0.011172698228946287,0.036949630777348696
2016-12-15,-0.004341763002112309,0.004117153850317745,0.0015805429349995403,-0.01369112807217554,0.005049727378566571,-0.030325976592536774
2016-12-16,0.008763751163498146,-0.0019554444086108402,-0.0037067432996700234,0.006614558767378709,-0.002299694557352794,-0.04612980096541075
2016-12-19,0.009946410225385671,0.0021771391803797613,0.004096852881057433,0.004997623978540311,0.010756928669251042,-0.04016391629334615
2016-12-20,0.010296257433692224,0.0038574784320530853,0.003830146493448039,-0.007367118973593101,-0.004983015890995146,-0.02220326456318089
2016-12-21,0.041710614719965955,-0.002782577499173877,-0.0007465040344840634,0.0005566152526592649,0.004413903656868001,-0.01572046764191315
2016-12-22,0.03626952064766198,-0.0017274628529954095,-0.0028224354522221606,-0.0024107755207141146,-0.0017879358736212492,0.014196969025133344
2016-12-23,0.06644462051690336,0.0014643315455427075,0.0006660696608786765,0.0031601819765598727,0.002036788822783686,0.0008748272038969773
2016-12-27,0.012162889107524721,0.002480919341428578,0.005158232212758795,0.005837091185366683,-0.003218894063179545,0.04807694151300268
2016-12-28,0.04578130530750624,-0.008264509406637033,-0.007780199906887164,0.0027634769574851337,0.007309235610462705,0.08006672697854822
2016-12-29,-0.0024838190586441433,-0.00022259091721665847,-0.0014182144374650374,0.01313614088883086,0.0035426437890673235,0.03243243880154001
2016-12-30,-0.012592779521968134,-0.0036551263502465625,-0.010274893728819734,-0.006165566230220687,0.001513537266936149,0.05011219760873842
2017-01-03,0.08593292379421746,0.00765002173139484,0.00894693315437145,0.00784600497730814,0.004281053919641176,-0.08475780510089415
2017-01-04,0.10623277348965399,0.005949230079507428,0.005437171915007255,0.0035303646722089077,0.0038442713897497427,-0.07782100936292924
2017-01-05,-0.12240954853233998,-0.000794602676374434,0.005657957161181448,0.015515074970534615,0.015654226792769732,-0.015189898681965852
2017-01-06,-0.10971108130965934,0.003577733807651473,0.008769550649235347,-0.00737255123072611,-0.009181844115818127,-0.029991463511701788
2017-01-09,0.000694982789823051,-0.0033006121152210355,0.0032805776214843707,0.008232645807116912,0.008025898925859032,0.021201478026736664
2017-01-10,0.005373131059129843,0.0,0.002207323469400224,0.0042602588509306205,-0.0006568808534700432,-0.006055419200482692
2017-01-11,-0.14313649953773722,0.002826046542488303,0.0026916770618257146,0.0030932255360247574,0.0033675938583948017,-0.020017366998950403
2017-01-12,0.03481417032449219,-0.0025099729879468624,-0.0015457714257736122,0.003612367067042932,-0.0022102008556357244,0.02486676085964845
2017-01-13,0.023793757204392474,0.002295478009223695,0.00342192407190689,0.0026336178800692167,-0.004758349753393176,-0.02686312137274227
2017-01-17,0.10188787476053984,-0.003523554773635973,-0.00300425292522577,0.01435950794847174,0.010468903585250988,0.05699023770354539
2017-01-18,-0.02348178796282996,0.0022099794524146343,0.002036058457018486,-0.008459177733679324,-0.01280816633173043,0.05139003054409175
2017-01-19,0.0140477831009016,-0.00370419397620525,-0.0004875977473063342,-0.0008706024299159898,-0.006858477990377976,0.024038477703429928
2017-01-20,-0.004501299759979593,0.0036738081868981087,0.002195326315528101,0.0024397178433508415,-0.001997036346094605,-0.09702658818678078
2017-01-23,0.029033819040860775,-0.0026021851353250636,0.0008112783374052412,0.006431967354547874,0.0100048307360181,0.01993071894895504
2017-01-24,-0.030754226298042142,0.006411766153051612,0.006729007854262559,-0.004490925540628465,-0.006851444490919567,-0.059473299550954706
2017-01-25,0.00991946824867651,0.008655292306655182,0.010066208444749147,-0.008241493674922662,-0.0125508804397082,-0.02348683670958751
2017-01-26,0.01779618308042097,-0.0010452856521094844,0.0010362665444370034,-0.009272197003353688,0.0033672525315504576,-0.016651276428180206
2017-01-27,0.0023583636501629535,-0.001569762284971854,0.0019113111516870784,0.0020306880028346797,0.003607248135887975,-0.004703686754145675
2017-01-30,0.0006871639499523852,-0.00620178578185937,-0.007790014153331248,0.004229477187141839,-0.0030098667365416887,0.12287336484965561
2017-01-31,0.05434808053482265,-8.775710515240842e-05,-0.0020029450365696144,0.01386331327657886,0.00695886849033478,0.009259230270842744
2017-02-01,0.019187899075688852,0.00039536994306899054,0.006903974825922088,-0.0030290445198764004,-0.0061829086673917955,-0.015012456625316362
2017-02-02,0.02302977514468041,0.0006591046467772088,-0.0008770252350525087,0.005555550404536813,-0.0004198576066966053,0.010160870558459933
2017-02-03,0.01789884028979083,0.0068927414929440545,0.002872489294114766,0.0025034610211955854,-0.00041970053470763435,-0.08046940600080965
2017-02-06,0.008000689342674505,-0.001787722221389565,0.0011932592710746093,0.013519329475210284,0.006050311492681537,0.03646304546887791
2017-02-07,0.022347397414905545,4.3884949606276535e-05,0.003656073111391933,-0.0020390643159919897,0.0073505282213019996,-0.007036053167217893
2017-02-08,0.0016205500001782447,0.001310453895968955,0.001662931101461762,0.00621491028966048,0.013598461923936433,0.014171820013527237
2017-02-09,-0.06461188271135343,0.005932609378862308,0.0036361294420472756,-0.00761487018603868,-0.011534322852419288,-0.04978163356500542
2017-02-10,-0.005741232905460025,0.003946090484386433,0.0033082472789602857,0.0026430007347089113,-0.0005794173861680685,-0.0027573283690845996
2017-02-13,0.00199056266855413,0.005442700751491225,0.005652517147003877,-0.006802682251218939,-0.0031461169800005573,0.0202764336976633
2017-02-14,0.01403933871158447,0.003995396467757928,0.003356607954138724,0.0011129901542927811,-0.007227622119247323,-0.029810292032830477
2017-02-15,0.0029167216279784025,0.005220421679420939,0.005912933065438386,0.004447076385095894,-0.004602504623429593,0.11452518827964431
2017-02-16,0.019811769290158265,-0.0008513969834540447,-0.0003093512212556382,0.0053640263872474225,0.005464405659858063,-0.017543862444632907
2017-02-17,0.01826872673993929,0.001576215214372123,0.004332634354430764,-0.0033875467452245678,0.005935492863445413,-0.022959222152102332
2017-02-21,0.0660384535325147,0.005955093390751509,0.004930167638840244,0.000594830851824435,-0.0017452084707602067,0.00696256965184161
2017-02-22,0.0019186698506590272,-0.0008878524034164892,0.00038349959224759367,0.0013588421410561935,0.0016655559655391894,0.014693178978214982
2017-02-23,0.04410083036306922,0.0006770172515664363,-0.0037547887950754033,0.008735465586520608,0.0029920094031281597,-0.0025553435737702968
2017-02-24,0.005965512875911516,0.0012688108078009463,0.0019231123669039007,0.00638973004234078,0.01110461526037354,-0.020495283547082077
2017-02-27,0.005359141081336505,0.0015632903178388613,0.0012282524120128535,-0.004845398633643638,-0.005901050270314623,0.054054042818229675
2017-02-28,0.0,-0.002699261362944294,-0.0030671444105159207,0.0009234436519076628,0.0037102439239109497,0.06865177115224363
2017-03-01,0.03604331495955959,0.01399733007395354,0.01092130870286212,-0.0014258642418293332,-0.0167564890800862,-0.02941177338985901
2017-03-02,0.023321071382924385,-0.00629736193452024,-0.005021235488547271,-0.01243067157641009,-0.003599189233173039,-0.05821367978126024
2017-03-03,0.019168496080413044,0.0006293469315303835,0.00183533293529492,-0.0005953367386810626,0.0026040152105706316,-0.07197293406170036
2017-03-06,-0.0016941577551446985,-0.002977763535194189,-0.002213615714303341,-0.006722839768239397,-0.004775750196430839,0.02554742080261274
2017-03-07,-0.03872466762564919,-0.0029868807129097563,-0.0016828766908375536,-0.008053482107396648,-0.0030309787053504067,0.01868327779566159
2017-03-08,-0.06010431756597667,-0.0018566647903641709,0.0017625151082503177,-0.0062187012290060295,-0.005404333017986485,0.03580784753204491
2017-03-09,0.033469556725543415,0.0012683170242779873,0.0007651112262971882,-0.005127727710842134,-0.007981057444911177,0.03709954020191675
2017-03-10,-0.06038756751926588,0.003503969569625065,0.004203373550581757,0.002183978311645074,0.003508800186494021,-0.0520325474307588
2017-03-13,0.10315932038866782,0.0005049746036687175,0.0016742992986649163,0.0001743082536056484,-0.006310938732390747,-0.026586575471627127
2017-03-14,0.006558831552744948,-0.0038263030955995037,-0.0024316777249371313,-0.005403478549159679,0.004806386094795778,0.08370042091065732
2017-03-15,0.007749988186743995,0.008653356824809277,0.006169615869923373,0.018664539100545774,0.012215048130487682,-0.05447155007352211
2017-03-16,-0.049455372061888436,-0.0019669795696181103,-0.0006814187702033347,0.004129061134912737,-0.005063762163656671,-0.03611350577481365
2017-03-17,-0.07373239306348878,-0.0017562062912708232,-0.00034887917182113704,0.0022273151662723922,0.006276733937669254,0.006244397376093946
2017-03-20,-0.04180944058659608,-0.001097168930521919,0.0009112186564694813,0.004444860945005402,0.004298752441799447,0.005319186262151998
2017-03-21,0.06289904463186113,-0.012839374738231824,-0.015173377034961577,0.008765200923941618,0.008309246723005925,0.09964727506489868
2017-03-22,-0.06371929777163454,0.002353108477055388,0.006779130986892978,0.0024464392887426634,0.003995116164226875,0.02726544870146186
2017-03-23,-0.01005590167262882,-0.0010669742661078008,-0.002525149466544918,-0.001346492128619703,-0.0014094777008557546,0.024199801388582465
2017-03-24,-0.09731457997404602,-0.0007264742614246922,0.002071284237888271,0.001601099219161961,0.0035698236303363107,-0.012195110427418387
2017-03-27,0.11546420102487387,-0.001026267592107999,0.0016079446975738598,0.005636868294673025,0.004549954369357234,-0.03549382999945916
2017-03-28,0.0013196064689549036,0.007277039657615836,0.006113923493064499,-0.004099371444605038,-0.00667028383575663,-0.0776000213623047
2017-03-29,-0.006856757430679705,0.0009346584736795727,0.004633870077378921,0.002436163586164053,0.005968992311715882,-0.009540300019495351
2017-03-30,-0.013019526884062937,0.0031842489444071642,0.0016634529458563474,-0.007206910225050822,-0.008076426977734474,0.010507870819386644
2017-03-31,0.044191988716200115,-0.0023274649827506044,-0.000679206491011275,0.0021102388572973307,0.002907829794195571,0.07192373712735933
2017-04-03,0.06719601499025529,-0.0017393622343463422,-0.0006043535498883035,0.005306580584065079,0.010086849040406909,0.0008084259478053912
2017-04-04,-0.009232353321610876,0.0006372231106277493,0.0015872801919907253,0.002262289701825848,-0.005424406874056431,-0.04765752400112433
2017-04-05,-0.007474053124310598,-0.0029725133913316437,-0.0040753539814590845,0.0,0.003057619914550669,0.09329943893374204
2017-04-06,0.05147675359266213,0.0028113268526461788,0.0005303755962118295,-0.003678334988324705,-0.0014833547839067096,-0.03878975847033306
2017-04-07,-0.004887229879914523,-0.0010197548751761376,-0.0005300944470534308,0.0023493772325884343,-0.004042574862414439,0.038740882077134886
2017-04-10,0.008692310524713642,0.0005952704651412954,0.00037933985896976274,0.0,0.004639177621247104,0.09168611621355272
2017-04-11,0.015061539013646152,-0.001189607765277323,-0.004317836745677872,0.014481863135711759,0.009482946564393968,0.0725978284870048
2017-04-12,-0.0038506025766043006,-0.004381850793263364,-0.00403175331012362,0.006848701913851674,0.005472959395273813,0.04644995203150981
2017-04-13,-0.02590031902395007,-0.006494998017027576,-0.00397216733872463,0.004753334264967268,0.0030872113106532595,0.012048165812814648
2017-04-17,0.02106424831152154,0.00885996807109346,0.008282284555176211,-0.0029363834815018253,-0.0030777097702395784,-0.08145364584133163
2017-04-18,0.014875500881293524,-0.0029843454235424227,-0.0015209796364062944,0.004744779460001958,0.013079938120876822,-0.016371062320340357
2017-04-19,-0.0011389279529591123,-0.001838361759420093,0.0015996126402184618,-0.008874746300268521,-0.005453102219213912,0.03536756076168546
2017-04-20,0.015525135616866192,0.008138831339001174,0.008365644470250677,0.0018893922713916211,-0.003870480633889506,-0.05224384934373416
2017-04-21,-0.005719650045492797,-0.0031867304872353897,-0.00022656401307585838,0.002869780885113693,0.0,0.03392229744529862
2017-04-24,0.02299412827885705,0.01099789496736192,0.012069866504843985,-0.006785988212145488,-0.004937802647420608,-0.25905672810706337
2017-04-25,0.012270499956597014,0.005818756563618965,0.007230521206187612,-0.010125150830952667,-0.01203905813640016,-0.00738006665866664
2017-04-26,0.01231931184017121,-0.0006289175149238879,-0.001406174474808064,0.0049064144523129904,0.005516344852078747,0.008364326270766664
2017-04-27,0.028608693970150645,0.0008390350667519808,0.006003008292025491,-0.003723907331012466,-0.0003276190729011308,-0.045161355535925374
2017-04-28,-0.0009486010173004322,-0.002179307448419432,0.001768110760128172,0.0031563855415273068,0.0022120725256673524,0.0444015495551191
2017-05-01,0.07984929256558693,0.0025199692389910044,0.008897311863688584,-0.009108209859209682,-0.0083132941618963,-0.0656192290362636
2017-05-02,0.021961150280870756,0.0003771893781165936,0.001676342630869021,-0.00016709821486060594,0.005120975365539238,0.04747779547090514
2017-05-03,0.025653570923533042,-0.0012146341881509315,-0.003201744338437895,-0.013957360197643709,0.0006571012030673895,0.008498597855628676
2017-05-04,0.031931010352657774,0.0011741662417292797,0.00036508391841438836,-0.010086475737808298,-0.0049272905142246914,-0.020599275350412838
2017-05-05,0.011562888473097388,0.003936809184346357,0.003648915315708434,0.0018837333588364036,0.0009077580882075331,0.010516219529262294
2017-05-08,0.10794305807626059,-0.00016663197620514492,0.002180682273850154,-0.002222050521183294,-0.0054414462296541455,-0.07568583350596314
2017-05-09,0.018574294379609002,-0.0009181744809770853,0.003482722757179868,-0.005995691205500586,-8.225304667408562e-05,0.019447243754458388
2017-05-10,0.018098862795306925,0.0017958176083552324,0.0005780485703787974,-8.618815999517082e-05,-0.0011609590676480153,0.025100401510290693
2017-05-11,0.034379111334029044,-0.002042516348368273,-0.0007948847188742336,0.003964142371969848,0.0,0.0381978787331656
2017-05-12,-0.06725737173444557,-0.0016710526209119392,0.0022417731801023244,0.0028326337429587234,0.007552876521057961,-0.018867995824705996
2017-05-15,0.00822974966183998,0.00552339399494417,0.003174365898802156,0.0026534071191921527,-0.0027187250941632657,0.0019231210093542117
2017-05-16,-0.0022894809777168623,-0.0009158026168578637,0.0041716011413897025,0.0043537829852127174,0.0037173258326892444,0.022072892567399194
2017-05-17,0.06033037423636123,-0.017743645177065726,-0.0254258395017104,0.018189539837597968,0.014566502158765315,0.4638498320189939
2017-05-18,0.02694814256769873,0.004028158205382271,0.008745360174375882,-0.008181011348557088,0.0011357500530633224,-0.05965364310925958
2017-05-19,0.05245012852721076,0.006504257922453904,0.004225343129751424,0.0049659454541624015,0.0023498762329259293,-0.17871759296242995
2017-05-22,0.09341903248231942,0.005077643024276046,0.008415835121327708,0.004187604636601616,-0.0027482633504559706,-0.09219266280682037
2017-05-23,0.06764517628472633,0.0022126259922568003,0.0010068696430960422,-0.006338633249028169,-0.006727661078483549,-0.019213177702065543
2017-05-24,0.05310244475213688,0.0023330472971045957,0.004600166939850769,0.003944948993712671,0.005630540444150789,-0.06529848804370886
2017-05-25,-0.05674318565944014,0.004779295069008427,0.008513590592857057,-0.0010868426783263718,0.0003245515785692543,-0.0029940803667591886
2017-05-26,-0.04449498887747083,-0.000206661098784644,0.001772616558681328,0.00887175702052101,0.0017037630247578317,-0.018017953516060725
2017-05-30,-0.012236518070056102,-0.0008689297085132663,0.0008500713003760652,-0.003318413164433487,0.004939889425393584,0.05810394194116553
2017-05-31,0.050995850505991314,-0.00024852328806390656,-0.0003541918455814974,0.003995366733579031,0.002498379347981361,0.0028901476532217085
2017-06-01,0.05312694371196991,0.007952383903028215,0.00389313063811203,0.0008290372396291268,0.00010457639464189761,-0.04995192235460266
2017-06-02,0.033502570701906764,0.0033284066564363,0.011421509950360509,0.0073724269437449585,0.011840551864626514,-0.01415574706398015
2017-06-05,0.07966888584739817,-0.0007370557696380065,-0.00020939719936619028,0.0009867835373715828,-0.006208815066377715,0.03282048152043271
2017-06-06,0.06565030230326219,-0.003197107736804039,-0.003973841682454848,0.011254375087548674,0.005446610039876232,0.03773586156474562
2017-06-07,-0.045766988438535994,0.0018504569634922863,0.003920246930392057,-0.005280272412152454,-0.004779858649984536,-0.005741575793062337
2017-06-08,0.026887227483478382,0.0004926402985845346,0.0010456952194626279,-0.006533241668445489,-0.0026423009077832793,-0.022136716873013107
2017-06-09,0.006483394275232257,-0.0015178644702041888,-0.025004976853537753,-0.00912454251071615,-0.0015245508859047519,0.053149603342816265
2017-06-12,-0.058141366584341436,-0.00020555008420597431,-0.005358586599676918,-0.0014932827593217013,-0.0003210567244255058,0.0710280600401274
2017-06-13,0.021578241803352327,0.004889922553451109,0.008116406024765821,0.0009970317877492363,0.00016018420550500956,-0.09075043266938687
2017-06-14,-0.07752975717127475,-0.0012675175506453584,-0.004345927865474497,-0.00547811789275976,0.015436625522641911,0.02111326923397261
2017-06-15,-0.016673530687237204,-0.0019244922646506346,-0.004436588111196738,-0.004172926066378535,-0.001583628266759285,0.024436021317488565
2017-06-16,0.021902303336727824,0.0002185629730586669,-0.0043387890961181785,0.00016758836001962152,0.00198255807827441,-0.04770637819154999
2017-06-19,0.02820660909796424,0.008324923150659469,0.016720886256825995,-0.007625239321596311,-0.0014241718646641477,-0.0009634131764529874
2017-06-20,0.05104646911540134,-0.006744092810336277,-0.007831477849296054,-0.0021109516115493943,0.00895599021261062,0.04725166601019182
2017-06-21,-0.012010456698382854,-0.00024686416763353147,0.009902871577528893,0.0028769363429739236,0.0020424978407957983,-0.010128882150526874
2017-06-22,0.006065157064008231,-0.0004527321936237394,-0.00028431667846440245,0.0033749707830614817,0.002194731856542509,-0.025116321652434603
2017-06-23,0.014600375278880584,0.00119433733725538,0.0038379304040732087,0.004288615406013774,-0.0004693192545769387,-0.04389304432874974
2017-06-26,-0.09707420989009219,0.0006579793938068512,-0.00467318764739999,-0.008959220397639522,0.003756470996916672,-0.01197613111289031
2017-06-27,0.029857371122225418,-0.008056174350914325,-0.018139010776312636,0.0038019343183648413,-0.010681261846113732,0.1171718026044366
2017-06-28,0.008752409770216296,0.00895050324346891,0.014417402834098203,0.0007575454013519778,-0.003309830013639714,-0.09312844914712981
2017-06-29,-0.013775869164089127,-0.008788976595512143,-0.017354675477810444,-0.00487806411784153,-0.00838166534926954,0.1405782537338538
2017-06-30,-0.02302977919066862,0.0018647609999804526,0.00036320919945098673,-0.00253552275635216,-0.0023124862169825455,-0.02272721020491575
2017-07-03,0.03354507656875394,0.0016953822796610396,-0.01053488067782582,-0.016353163532217163,-0.0032191521777025223,0.0035778140215712018
2017-07-05,0.014792918564250579,0.002312110237310483,0.009839438979606374,0.003704025486608087,0.0002409298170575891,-0.013369034637671362
2017-07-06,0.0025250167694854664,-0.009144520523030386,-0.009016362126294641,-0.00042907160833882685,-0.008274060175972875,0.13279135569589107
2017-07-07,-0.03446351414766324,0.006485127945452307,0.010785973678969052,-0.010217244173899132,-0.005993752864477009,-0.10765553314006848
2017-07-10,-0.05800697935167698,0.001073648626551238,0.006532749833025431,0.0016481821948142183,0.0014667960027467952,-0.007149233843252278
2017-07-11,-0.014655064012102925,-0.000742475732814496,0.002813060220313135,0.0012990519121256483,0.0017087156485700028,-0.019801919005665303
2017-07-12,0.026114427646636518,0.0075146530442558035,0.01186621647845576,0.0035460648934033667,0.00690458045961595,-0.05417815739093634
2017-07-13,-0.01706665890466874,0.0016802437141236748,0.002202788198984562,-0.0018098688846157618,-0.006292770555855642,-0.03883500629100978
2017-07-14,-0.052826591293936076,0.004664366985846602,0.00787190500284507,0.008202356680584888,0.0012178851950641612,-0.03939387926020299
2017-07-17,-0.002207534718058346,-0.00012218603034030995,0.000493035952491061,0.004453235312239068,0.0027572561741211477,0.03259720909374075
2017-07-18,0.0405984420601897,0.000529346821916965,0.006680903919239256,0.006991215691223296,0.008732134898137733,0.007128375832377021
2017-07-19,-0.019599959234089415,0.005413804461698701,0.0058681711521682,-0.0002539901713813908,0.0004012988635690995,-0.010111261678291239
2017-07-20,0.2393608698654388,0.00044568234037400956,0.0013196370459129803,0.001354979930841882,0.0028843836713505766,-0.021450463632813332
2017-07-21,-0.05318004070743243,-0.0008903281418011222,-0.0004159362923310539,0.008626558617128355,0.0042351866169076935,-0.022964537451029665
2017-07-24,0.03264915034988558,-0.00024306546944952157,0.004579783389775605,0.00041921366315400554,-0.0038992033506674018,0.007478702036981089
2017-07-25,-0.06475106538896502,0.0024308188624544425,-0.002555631099274258,-0.0032687905257637873,-0.013018986708715485,0.0
2017-07-26,-0.018253597797534105,4.051711188068907e-05,0.003254787011305993,0.008072646310579579,0.0016186951862238175,0.018027579087207313
2017-07-27,0.05626918139220716,-0.0009297981137529332,-0.006281324876988292,-0.0007507202198243634,-0.004928069594332007,0.0531249223897885
2017-07-28,0.05136275403063939,-0.0011730592251090188,-0.000833984146439759,0.00751316068954333,0.005926686197130104,0.01780418509281545
2017-07-31,0.023613329213638012,-0.0005669180527172468,-0.0042406163100973115,0.0004971211979458712,0.0012107468529065635,-0.002915425955530182
2017-08-01,-0.05463008664141544,0.0022285481255124306,0.002303509208392951,-0.0008281447132181263,0.0070209979052930915,-0.016569207846155454
2017-08-02,-0.0027922597041331043,0.0004854082227783163,0.002717383041543231,-0.002072109381170417,0.0005619752466692329,0.01883048340039606
2017-08-03,0.03469993075685429,-0.0019399103870809675,-0.0038904365725971335,0.0015780299800982611,0.010343589980156054,0.015564187895738879
2017-08-04,0.03250220618176569,0.0018223297455697285,0.0018131717155134286,-0.007794965092940864,-0.008491640239510101,-0.03927201761410959
2017-08-07,0.16680539203722278,0.0018590369183955069,0.006335009178318307,-0.0011700742821817434,0.0011207134534330088,-0.009970032946928886
2017-08-08,0.012133983057105446,-0.002460965768104284,-0.0017296032358399271,0.0029286123995055924,-0.0035983949564640794,0.10372605249914524
2017-08-09,-0.022652436016542987,-4.033032238126566e-05,-0.0013168431793707525,0.012097421498902916,0.005456367696944353,0.013686096533594094
2017-08-10,0.011611191404536703,-0.014115330060196829,-0.02144021104452276,0.007419021877765664,0.008539706310129569,0.4437445014579371
2017-08-11,0.07965625016471445,0.0014769877430256262,0.0075872831613190694,0.004745944156777204,0.0004747109215230694,-0.03304243493729775
2017-08-14,0.1847658052530139,0.009913233852914649,0.012878076175524944,-0.007085289845225606,-0.005140817054880342,-0.2050290301900941
2017-08-15,-0.033108764571511906,-0.00012162912672919468,0.0006948696580209024,-0.007709931316675078,-0.00421358448354936,-0.023519867286897922
2017-08-16,0.04655737873358379,0.0017442513454009045,0.001735406616658608,0.007356582616572016,0.003671862877682175,-0.02491695944230643
2017-08-17,-0.010268161258673913,-0.015591087167213469,-0.020446020213950256,0.00508734802014188,0.0074774603048379795,0.3245315582534989
2017-08-18,-0.03949262909690476,-0.0015631752766973595,-0.0007077672739486118,-0.0015511047050799087,-0.0002363278277101033,-0.08295819588617415
2017-08-21,-0.038186645855215695,0.0007833899910680842,-0.0012743568201385447,0.0037612352656932746,0.0024482043779281426,-0.07503510738600017
2017-08-22,0.024684269727151875,0.010456611109994851,0.01524256225889764,-0.00448031151993189,-0.0038603837776013394,-0.13949956462850044
2017-08-23,0.01243744689870585,-0.003585184670164887,-0.0035612694029231173,0.003764005301683193,0.006801714493090749,0.07929511791027188
2017-08-24,0.044118818020461026,-0.002330955141712332,-0.002943678524018334,-0.003097719565419932,-0.003692030914946298,-0.0016326904296875
2017-08-25,0.008517334700095969,0.002336401188074655,-0.002108705375812314,0.003679752595251218,0.003863813442148478,-0.07767782868546402
2017-08-28,0.0025299794918751672,4.06319867634064e-05,0.0030994780186117676,0.015887278895027057,-0.000628891942431653,0.0035460959929021207
2017-08-29,0.0448038077972408,0.0011448996940377487,0.003932508307720406,-0.0021654043401579948,0.003222307316844253,0.033568915608245486
2017-08-30,-0.002996321218345477,0.004737629214995431,0.011750521202504416,-0.00048221796718150856,-0.0003130957879633467,-0.0410256025693454
2017-08-31,0.030247812397657503,0.006015985727029438,0.010715640529782133,0.011740101940391323,0.002977799179613383,-0.05614974148371832
2017-09-01,0.040102909480912885,0.001414292705741227,-0.0013680506268306525,0.0019074699121892635,-0.007649548836732412,-0.043437207886589335
2017-09-05,-0.10537182163676495,-0.007182113485723618,-0.008973001596935148,0.011105834943620163,0.0158584810414919,0.20730497572272832
2017-09-06,0.050403023139341974,0.0034136861960187836,0.0030412118453173598,-0.005099651110527015,-0.006135472142484777,-0.0490596443379504
2017-09-07,0.0006003248892021418,-0.00012145180126954536,0.002342866627824902,0.010409331674411826,0.010236459563894407,-0.0068787551950854064
2017-09-08,-0.0806825161237863,-0.0011746270877242004,-0.00866115907491749,-0.0012487602904230899,-0.0021658698135894605,0.04935062211353536
2017-09-11,-0.015957429611291762,0.010665884797023795,0.011510574726019795,-0.01390950036975469,-0.011937950889703619,-0.11468649805673115
2017-09-12,-0.007319871287980284,0.0033706783111440153,0.0023994772112287954,0.0029320477853171933,-0.0052566113368773815,-0.013979461782811065
2017-09-13,-0.06008990178251539,0.00047989782775137435,0.0013677529411386669,-0.007506297144185381,-0.003943718033224464,-0.0075614295163465295
2017-09-14,-0.1874110117851947,-0.0003199421732066332,-0.005873635674922051,0.004378656548724491,0.004117860713585886,-0.0057143256777808515
2017-09-15,0.15295648927176453,0.0013461668467662502,0.003434998217857199,-0.004993697404288455,0.00039419385082273273,-0.02586202250397429
2017-09-18,0.11757459184945951,0.002127023099372627,-0.0013104743974878819,-0.009320466663927607,-0.005754226816777064,-0.001966613334673628
2017-09-19,-0.03449522339690225,0.0010012307610942628,0.0017178557914427905,0.0020907215740946228,-0.0024578603765953444,0.002955732785520304
2017-09-20,-0.004845901923637541,0.0003598505219091219,-0.0030864836138645435,-0.008024393981386213,0.0007156916343056263,-0.03929278587557794
2017-09-21,-0.07038234374377883,-0.002679289762906878,-0.006123487746476197,-0.007603967161635139,-0.0005564839782483677,-0.01124740896529941
2017-09-22,-9.366128904286786e-05,0.00020034300684179662,-0.0009687621932821244,0.004564701313993336,0.0028609129957575252,-0.008273001352106957
2017-09-25,0.0813534913817826,-0.0020442799626315677,-0.010532468460106026,0.010467388330802407,0.006259700982660821,0.06465066482733817
2017-09-26,-0.00858873380148717,0.0006025606511752546,0.0025911035089141166,-0.01116196421162674,-0.0018108297508114823,-0.003917723967049813
2017-09-27,0.0792117400755914,0.0038942264058892118,0.009010156102196687,-0.009420139990778287,-0.01506783139750345,-0.029498543607109462
2017-09-28,-0.006175191550082948,0.0011997934508032326,-0.00034596256769892086,0.001885519931214219,-0.0029636585986246855,-0.03242144868637886
2017-09-29,-0.0027930324367207993,0.0035148882067370657,0.007201818484861011,-0.005155038524977895,0.0022495435267539943,-0.004188477597292017
2017-10-02,0.059151061691887774,0.00433882860806456,0.0008936240252988004,-0.006662322551317712,-0.001831515615036583,-0.006309192236870653
2017-10-03,-0.02082857388696502,0.0021400328845972982,0.0021290640794764393,0.0004968550936175209,0.0009657780623635315,0.006349250881240609
2017-10-04,-0.02041008124788868,0.0011865985866523765,0.0009601513418786567,0.002813840376879373,8.065885416086438e-05,0.012618284192532636
2017-10-05,0.023419689071315863,0.0059250641073413934,0.00979236855655552,-0.0053643767904709705,-0.0037781859560723774,-0.045690605278166374
2017-10-06,0.00979572194250733,-0.001139040453772222,0.0013563527479873994,0.004729503075844965,-0.00282400871261701,0.05005441340050498
2017-10-09,0.0917930442089685,-0.0016509646801109445,-0.0011514146919596735,0.0081757826666502,0.0031558875783759266,0.07046635565352988
2017-10-10,0.0020893070026830607,0.0026381107635042866,0.0007461813986449073,0.002621229439913275,0.0016126584080249362,-0.02420135545463864
2017-10-11,0.009303604548152045,0.0015710583848054238,0.002980532760120891,0.0031862694835504968,0.001933190447280353,-0.022817415077099112
2017-10-12,0.12854713544693785,-0.0014900204729676458,-0.00182365203128243,0.000814386133850542,0.004259639869093279,0.0060913161034243934
2017-10-13,0.03677310602556361,0.0012175464726862373,0.0038575723375327,0.0075677460313676725,0.007202814382974987,-0.030272471781440546
2017-10-16,0.013879399447632279,0.0013335816582706883,0.0034379740563623695,-0.006864791440930884,-0.0007152390672233722,0.03121750275260582
2017-10-17,-0.02097252534707461,0.0007051137995095491,0.0012767081824422988,-0.006830966568647456,0.0012724720938992462,0.04036332778643237
2017-10-18,-0.002643795986161823,0.000978558691775655,-0.0012082955120854555,-0.003766470931119148,-0.006592167719679187,-0.023278439866581846
2017-10-19,0.021076124657229967,0.00027360560541023204,-0.0036947284906124755,0.005917656213846323,0.0017592456764037312,-0.0019860481326166024
2017-10-20,0.05306632450176196,0.005160408890589885,0.002697267533217973,-0.006373059753138954,-0.01061342707808044,-0.0079601912624645
2017-10-23,-0.013495973260663874,-0.0038893363178236218,-0.00652276616575409,0.0015623915833617996,0.0017742863962926236,0.11033093263128113
2017-10-24,-0.06807047502757235,0.001757004347832103,0.0016920638210309313,-0.003858794818776823,-0.00619975016788421,0.008130095308852558
2017-10-25,0.040559845118093296,-0.004949905140550048,-0.0037840341512542786,0.0001648120231156902,-0.0047801395198477925,0.006272374173952322
2017-10-26,0.026784148060926993,0.001292526149566875,-0.003187607166344031,-0.00840541125580585,-0.0033379662854996495,0.0062333616519982815
2017-10-27,-0.02098793261475229,0.00817611541503327,0.029123465001423154,0.004736970715121469,0.006616414201831677,-0.1327433605912578
2017-10-30,0.06048018279485334,-0.0037250455301419683,0.002248105467677064,0.0019023633137824625,0.009575097475960748,0.07142855057563491
2017-10-31,0.0551127111404921,0.001557956604883337,0.003760397552979855,-0.003797565383496959,0.00032140676532610435,-0.030476161411830405
2017-11-01,0.04621083432731066,0.0013222405438366724,-0.000328900841379709,0.003646328400454868,0.004452527702525577,0.00196458776913655
2017-11-02,0.04598428898807039,0.00038828496167520044,-0.0019063857878270918,0.0006605716344769696,0.0044085088030028086,-0.026470540111589225
2017-11-03,0.01826089787737506,0.0033387819976780087,0.009617295361760592,-0.004703355749991034,0.0027138411104796756,-0.07955689200142912
2017-11-06,-0.025666782192477533,0.0015476410640762328,0.0033927526408190634,0.008539203746006141,0.0037406579486460867,0.028446309129240177
2017-11-07,0.01731799481206897,-0.0006954162995214119,0.0005851208120277729,-0.003616953850285376,0.004202404664282122,0.05212773879549304
2017-11-08,0.04413399955849262,0.001700984417885909,0.004028976002059759,0.0034650455582678763,-0.0022109678835514623,-0.011122407131747947
2017-11-09,-0.0423757375660655,-0.0036279895517137284,-0.005242723697810647,0.004110828013571766,-0.002849016025358586,0.07361966121547847
2017-11-10,-0.07355414731266852,-0.00030991813830416604,-6.476416763401271e-05,-0.008187996581421442,-0.015078898200334145,0.07523809160505013
2017-11-13,-0.008861991606727848,0.0009301780293871076,0.0012362674276231722,0.0014860093226882753,0.0020950104876100717,0.018600534885431896
2017-11-14,0.011625867697059977,-0.002322675373622296,-0.0036398490128939365,0.0020608359165059653,0.006754429343922785,0.007826100225033938
2017-11-15,0.10244358799871911,-0.005005181349959975,-0.00469646594935913,-0.0012339083538733808,0.010862632931694094,0.13287316148215633
2017-11-16,0.07602308228430132,0.008501014812177132,0.012779896230807664,-8.23831309511025e-05,-0.008691614793161162,-0.10434119372568007
2017-11-17,-0.020668967939835303,-0.002938828513486147,-0.0038178142744477173,0.012026351450757033,0.007413019527980014,-0.028061217456067378
2017-11-20,0.06377611063381505,0.001706395619833545,-0.0007798392789180042,-0.012616010451388715,-0.00039572030227019717,-0.06824152806822803
2017-11-21,-0.015776803805438666,0.006543082399633748,0.010856321869215702,0.0016487064682373376,0.0031660134504112314,-0.08638498678377493
2017-11-22,0.02258507895370454,-0.0008848105418242103,0.0012219019861976488,0.009217308019892956,0.0032348701060513907,0.015416297971388548
2017-11-24,1.7038123392598692e-05,0.0023097543000880627,0.003661128673757119,-0.002527909692056296,-0.0027524133312680776,-0.02125506434357527
2017-11-27,0.18957085839561105,-0.0004994142970040638,-0.00044775123985896226,0.004169409233999888,-0.0014196795297375386,0.02068250338026756
2017-11-28,0.024489879142509663,0.01014512941884127,0.0025606689634052326,-0.0001628614521104188,0.0013424668050621147,0.016210724343189487
2017-11-29,-0.016919459222728528,-0.0006087536785236436,-0.017434050536761614,-0.0062698205225436565,-0.009858803612180389,0.06679961058139239
2017-11-30,0.034887536827456156,0.00875510050321271,0.008384245997157924,-0.007702412605330111,-0.003345316359254946,0.05420560131261243
2017-12-01,0.07250625667631683,-0.0020757254821407445,-0.004254071407218674,0.004046225185331043,0.013494684354528275,0.0132979233825814
2017-12-04,0.06210144413024121,-0.001209923433170279,-0.011521582814195908,-0.00337195530112111,0.0004739118442551593,0.021872265382774758
2017-12-05,0.02226091991663215,-0.0035966669470930412,0.0006548613445458429,-0.007096885692240984,0.004976020441183282,-0.02996578530178895
2017-12-06,0.19928333899191664,0.00019023658833705603,0.004515470066747129,-0.002077792558461522,0.0034577553855974497,-0.027360941573685515
2017-12-07,0.2524716942763181,0.0031529732218933404,0.0033879843789295094,-0.01315900587216201,-0.007831573363484612,-0.0780399795487926
2017-12-08,-0.07431961911021989,0.0054531584676114075,0.004414530799907057,-8.434894941455884e-05,7.880193436871075e-05,-0.05708660752133654
2017-12-11,0.022173427038004068,0.0030129772784457387,0.007756937002117326,-0.003966924437765251,-0.0020526017857397383,-0.025052168374686046
2017-12-12,0.028257970059188287,0.0017649511468345036,-0.0013469764584898014,0.0011863349471583629,-0.000395327143975166,0.06209849188764216
2017-12-13,-0.05783393716386753,-0.00011250116479299965,0.0019268771068741142,0.008633065001213636,0.007516647493690742,0.026209700290543703
2017-12-14,0.009495300439305021,-0.004085993830077239,-0.0007050042686007618,-0.002013911785324396,0.004240836908968593,0.030451813030375918
2017-12-15,0.06899905763251635,0.008327039566721428,0.011354674939364262,0.0021020768465358497,0.003754592328900852,-0.10200187971121033
2017-12-18,0.07947742389007284,0.0063413552820030805,0.008383966016750843,0.004614893860962033,-0.009115844150493713,0.01167724583719143
2017-12-19,-0.0699741582000456,-0.0038403941024611754,-0.005925245642119825,0.0007516606979649509,-0.01297397943398837,0.05246589863692619
2017-12-20,-0.06480953495347552,-0.0005241536125939472,-0.0010780035619034622,0.002670670135530351,-0.011072946013038654,-0.030907225742323297
2017-12-21,-0.04942670729264509,0.002059701533339897,0.0001271291319266954,0.0014150005810633637,0.005828040696373771,-0.010288104806842169
2017-12-22,-0.12473030502089644,-0.0002617727078892962,-0.001142892760180536,0.005236513137702126,0.0013647271701680008,0.029106001694605865
2017-12-26,0.16396998453024092,-0.0011961532076689707,-0.005400912598327312,0.006862859144246114,0.0029653304177568174,0.035353575248085356
2017-12-27,-0.016230003345223065,0.00048664522808272714,0.0001275380456788877,0.0037776687734956127,0.013025418971766456,0.021463440685737467
2017-12-28,-0.07778514379518264,0.002057532095420145,0.0012137194103269966,0.005072364396301321,-0.0008678976791254289,-0.02769818094143406
2017-12-29,0.0034026081068359026,-0.003770441990222917,-0.006188813031225204,0.006512031434223742,0.0015794709365861692,0.08447933505856575
2018-01-02,0.022236282919138484,0.007157012955648412,0.01752696199291015,0.012131014811884722,-0.010799542312575405,-0.11503618736210486
2018-01-03,0.014610795304552893,0.006325541607726803,0.009716749455228824,-0.002636850395774437,0.004780967030079131,-0.06345965303826762
2018-01-04,0.026195657872015055,0.004214490126893455,0.0017497902545313693,0.00512737855482448,-0.00015831495043927557,0.007650344417148736
2018-01-05,0.11733292616101543,0.006664279329688938,0.010042665133831008,-0.0010361649479244672,-0.0028557368558165264,0.0
2018-01-08,-0.12963082077081955,0.001828423528059675,0.0038908258176884036,-0.00015961279955856167,-0.000636254189644303,0.03253798069916325
2018-01-09,-0.03788368129071751,0.0022638610728651365,6.15024849084378e-05,-0.0046284750854691525,-0.013372932932354864,0.05882347048478298
2018-01-10,0.025891678470515656,-0.0015306278461071354,-0.0023372477934245905,0.002405158456580736,-0.0012102879641768816,-0.025793673695410413
2018-01-11,-0.10468634305373903,0.007296797689880119,0.00684403573375203,0.003279242310744168,0.004120090782086194,0.006110022554106864
2018-01-12,0.042876949757709726,0.006518287171994208,0.007348921500591299,0.012117319941670202,0.0016893082083915267,0.0283400536161873
2018-01-16,-0.1781110738415832,-0.0034176501291375283,-0.002857307278318677,0.0016540570729914883,0.004175875655995753,0.14763779749288775
2018-01-17,-0.02627391241677912,0.00953136329024784,0.01079131924361132,-0.008099385028916384,-0.0013593816845736129,0.021440823608199766
2018-01-18,0.02558861620270214,-0.0016807802938130223,0.00018090164174799916,-0.002219746160232239,-0.00928945376793855,0.026028583004898964
2018-01-19,0.01154694119247024,0.004549589007114108,0.0031360321669018365,0.004449368789751107,-0.005254412679525422,-0.07774139022143589
2018-01-22,-0.05823870782867002,0.008130873486405177,0.010700716636185437,0.0018193589642852004,0.0009748540773184544,-0.021295538158310312
2018-01-23,-0.005763214020962026,0.002122552995577509,0.008267911630069236,0.004974316982453653,0.004303118376899118,0.006346387143536081
2018-01-24,0.04517684133384825,-0.00038818575341714734,-0.006489204413357985,0.012177899643490031,-0.005416086915818519,0.03333332187778648
2018-01-25,-0.008803281560753051,0.0004234445257289554,-0.0003562702415410568,-0.006675468432262743,0.008208457808121628,0.00959020524118448
2018-01-26,-0.007815691506385392,0.011577922472325808,0.01532527150783558,0.0007814808358339587,-0.0037081609174820507,-0.04317789320329979
2018-01-29,0.011189286537872212,-0.006629838677200572,-0.004855949916064639,-0.005621994291566623,-0.006958588222182871,0.24909749529661251
2018-01-30,-0.10535219581320587,-0.010257056805506148,-0.008230160180584423,-0.004318770545372663,-0.005866671471850826,0.06864160395890595
2018-01-31,0.011359232053877344,0.0004970121593095289,0.004149085767812366,0.006703457836465088,0.005901292415713133,-0.08451656546477693
2018-02-01,-0.1027834196380305,-0.0011352168281405506,-0.008500326200944541,0.003290292152912322,-0.01449260930272589,-0.005169844536294876
2018-02-02,-0.037052347802326024,-0.021770047324418562,-0.01994515781290296,-0.013117887393550687,-0.00927950846320491,0.2850778858789582
2018-02-05,-0.2123805996624013,-0.04182231889160848,-0.03942663932354029,0.002531843471552664,0.009450203393029932,1.1559792516603906
2018-02-06,0.11483809805022926,0.019702158117889335,0.026499049325619417,-0.010496423649786535,-0.006213463745025183,-0.196677390477199
2018-02-07,-0.01711377293171268,-0.005425008629756145,-0.012938384376182777,-0.004705665583148222,-0.009502972402148813,-0.07505003450150693
2018-02-08,0.08453807822469184,-0.03750889679253133,-0.04219477883397982,0.0015225774502147793,-0.0010942206948317823,0.20663539981343337
2018-02-09,0.057030488314931294,0.015021621084821524,0.017269719759552382,-0.0016803225174144565,-0.006319130912966653,-0.1315002910616373
2018-02-12,0.021699698703472547,0.014684391269071506,0.0177449613515146,0.004808897328354433,0.004409049343566895,-0.11871985268389751
2018-02-13,-0.03677344497335466,0.0024874629548221616,0.005161440424507502,0.0056632293923437604,0.00447434787838219,-0.024990288236790614
2018-02-14,0.10424378247495736,0.013496290642049491,0.01872382869336442,0.017052616317100977,-0.01109349850963548,-0.22867437891433284
2018-02-15,0.07075267978887334,0.012760111097643634,0.018564149455282175,0.001169844500285011,0.003399554184338127,-0.006749795772083567
2018-02-16,0.006639518158486624,0.00029264228418091065,-0.0044659265070571275,-0.003271582663696204,0.005420185948080913,0.017250388822956486
2018-02-20,0.11430635046625248,-0.006260852741915346,0.0020002228975946057,-0.013441710167313103,-0.004380287207245592,0.058581775469182196
2018-02-21,-0.06254985596523333,-0.0049743778617450385,-0.002843381069747908,-0.004594377467322608,-0.01226823286145906,-0.02815533558085659
2018-02-22,-0.06411363144322124,0.0012962486088980985,-0.0001211155129436925,0.005093103382117992,0.002998130179659775,-0.06493512061359841
2018-02-23,0.02959516335582202,0.015939287085026344,0.020448924090449072,-0.0012668539845070992,0.00888219209971397,-0.11912391154018309
2018-02-26,0.006368309056811405,0.011611960705474322,0.013260160053546466,0.0024575674654647717,0.00033865609821459586,-0.04184351667437969
2018-02-27,0.03462041028492213,-0.012486377169997565,-0.012382599041094178,-0.01043890649807222,-0.0014392721514476792,0.17658227393497672
2018-02-28,-0.030552997565149287,-0.010130062157268416,-0.006417150051857168,-0.0010388975966705294,0.006356083576285254,0.06777838722644836
2018-03-01,0.05319339372337972,-0.01454066932928999,-0.016327250926504222,-0.0022399902343750444,0.006826365599166939,0.13198986808738677
2018-03-02,0.012364203326180156,0.005154675654799101,0.00918084086601234,0.005372018620811936,-0.008129184826806246,-0.12817086109366038
2018-03-05,0.04391862073412378,0.01155824392618432,0.011085130899628926,-0.0016747674096407872,-0.0027043210368293824,-0.04389997976788962
2018-03-06,-0.06855429544313296,0.0025348863761462948,0.004230448408538701,0.010784458146907872,0.0009321209077608472,-0.01975434815416921
2018-03-07,-0.0755415215926486,-0.00036675240995764913,0.002313730730571617,-0.006401624645603676,-0.001099939728993915,-0.03267975825291858
2018-03-08,-0.0572531755818666,0.004839428968918202,0.005504951559361482,-0.0023862794212923255,0.005762378800339807,-0.06869365414593254
2018-03-09,-0.006116008644050375,0.017402362106961666,0.019427975587296586,0.0009568071147663115,-0.006572226367624667,-0.114873063303214
2018-03-12,-0.014182487940628707,-0.0012551266482496715,0.005313113337152009,0.0,0.00576751360586103,0.07786880894223391
2018-03-13,-0.001115738597840088,-0.006462496266644413,-0.013614354679199803,0.0019117242474055995,0.0050593209659774985,0.03612171471128467
2018-03-14,-0.10060415105858134,-0.005131619443624391,-0.00017485223579760678,-0.0006360457292980959,0.008809202379453929,0.05382257738439855
2018-03-15,0.0037547153880626016,-0.0010897015000758126,-0.0008732888208903278,-0.006364323323672649,0.0,-0.03714448094322875
2018-03-16,0.0045163099033997955,0.0010840642803600087,-0.002973541645491129,-0.0024019459414951205,-0.0035758377839494315,-0.0476190448816719
2018-03-19,0.03505499228784559,-0.013529942246689353,-0.021336049629832154,0.0021669685053569143,-0.003172065569244764,0.20379748279477994
2018-03-20,0.03276917997335538,0.0017004388538981452,0.0032913553037239307,-0.004484705499084418,-0.004018667504846252,-0.04311249606145551
2018-03-21,0.0017737814072429359,-0.0019187471196591144,-0.004354487765520165,0.01745640608927701,0.001092692659460548,-0.018681326282152133
2018-03-22,-0.022488995834565095,-0.0249974265952293,-0.024682278350230513,-0.003953194075975608,0.009909246095971103,0.30683087093850103
2018-03-23,0.017316940467241304,-0.021314852403036322,-0.02635142679634328,0.012938539529958382,-0.0007483196745179388,0.06555272821949254
2018-03-26,-0.07547842336917254,0.027359234336978844,0.037158537543696024,0.005250357853935794,-0.003827761119474471,-0.15440289597940582
2018-03-27,-0.04584504758621555,-0.01701180369823352,-0.03235992589043368,-0.0061584106879087885,0.01069229162773122,0.06990010772029942
2018-03-28,0.015503551724572073,-0.0029547291177232093,-0.011503852281568916,-0.01380496145836152,0.0026451532855551463,0.016444481743706607
2018-03-29,-0.09916170347942321,0.012777786365208765,0.018314802663183416,0.0004771936450476133,0.00486314457708148,-0.12680373500047992
2018-04-02,-0.011429502824940374,-0.021584656279229564,-0.02885144266246764,0.011686153191860393,0.0019728195470400944,0.18277424393490338
2018-04-03,0.052557958843978625,0.012816844076802836,0.011253242977484756,-0.007543604183229413,-0.007712262602727504,-0.10668926199096018
2018-04-04,-0.08077536819799569,0.010699105741332593,0.015770303001624075,0.0011876001018218396,-0.002066971206109991,-0.04928914202488288
2018-04-05,-0.006181881962836755,0.007892092727770805,0.005696516226558979,-0.005140323544257752,-0.0074572435290632955,-0.05583245073292675
2018-04-06,-0.025714036045156208,-0.02228596945172745,-0.02502340594930308,0.004689954877408642,0.0109359595129217,0.1346356475795858
2018-04-09,0.0202537188999663,0.0049283920413589755,0.007022633182165006,0.0034021703240154633,0.0016516784475781865,0.013029348051544432
2018-04-10,0.009456851084145068,0.015900201908904954,0.022063368523123295,0.0023655815524343815,-0.0018139298624382239,-0.05971525572226477
2018-04-11,0.019541295257440083,-0.005242185428068202,-0.005768898693979452,0.007787899955785216,0.003551416928497586,-0.011235933070416815
2018-04-12,0.13215957347142848,0.008226945718343481,0.012041654177907368,-0.011630613197024187,-0.007324336157415567,-0.08646245157063659
2018-04-13,0.0008505194964667506,-0.002933005289825208,-0.005178855659871862,0.006555000660688037,0.0023209920033142595,-0.05840994792185128
2018-04-16,0.020606735817107813,0.008221817222176409,0.007622321532707144,0.0014123209845888773,0.00033088222689636737,-0.048822538134374205
2018-04-17,-0.01943001508226172,0.010698440965532852,0.02152511810732527,0.0009402393572395251,0.0027284370619502507,-0.07910625049454578
2018-04-18,0.03307100821331388,0.0007404152553220911,0.002046948407688154,0.0007827669207129961,-0.00799794350178118,0.022950844686539407
2018-04-19,0.016033678248838168,-0.005547469257662474,-0.009192837626774919,-0.001955416527053,-0.00814696165621931,0.02307690050475042
2018-04-20,0.06649384172813311,-0.008479518383803453,-0.015826142637225815,-0.007601890535287481,-0.007207442434011169,0.057644055164203234
2018-04-23,0.009614677643178027,-0.00014992862968676857,-0.0025264451326566517,-0.007975949843974872,0.00025315116648094715,-0.03199046416031859
2018-04-24,0.08583925965266448,-0.013467285330274303,-0.021186856730587733,0.004855919415812648,-0.004556788034308923,0.1028151951950691
2018-04-25,-0.0878329224671307,0.0024715327742559356,0.0011985921183008674,-0.006496075996334616,-0.006697913845460812,-0.009988917902509331
2018-04-26,0.049263206888732425,0.010165463847019218,0.021052623047743246,-0.0035085115107064135,0.006999120718439,-0.08968611927044345
2018-04-27,-0.031725437819185576,0.0009393936084571841,0.0006172427930131175,0.004241008034887361,0.007713179909651702,-0.05110837040663996
2018-04-30,0.028207254383721958,-0.007690784495608116,-0.007094756295864868,-0.007251025196090666,0.0017662157562596814,0.03374435190867309
2018-05-01,-0.013152901248456694,0.0017766453276375493,0.011433121919179445,-0.007063145351023148,-0.0036014736111810164,-0.027620874176295995
2018-05-02,0.012820488107240013,-0.006717144555020482,-0.005897798416583555,-0.0004849855228984401,-0.0010976362602550527,0.030987766494718016
2018-05-03,0.05499619247287524,-0.0022037416184810255,-0.0001233597351639748,0.005095004008440096,0.0044803462691198614,-0.004383259068758805
2018-05-04,-0.004423358338729533,0.012946317127486173,0.018974114404741282,0.002092067418605348,0.0015153104807867912,-0.07106913131303927
2018-05-07,-0.033786013458594666,0.003383250965195206,0.008309316844421044,0.0002408766587147504,-0.0015969216497988548,-0.00135412709165883
2018-05-08,-0.014743338221176572,0.0,-0.0010225155487431081,0.00016052535213439967,-0.0009259569611771434,-0.0027118618205442813
2018-05-09,0.009784638135047707,0.009665747212614484,0.010899059408705059,-0.0020868008225221057,-0.005981632739224585,-0.08769544245463712
2018-05-10,-0.030159124782280555,0.009350316124474345,0.01036422809496984,0.0068366320405601755,0.008051412427305893,-0.014158012889526561
2018-05-11,-0.06661368459868511,0.003051454181983937,-0.0009431071310194161,-0.0014379318160805399,0.002522997065278254,-0.04383975387560857
2018-05-14,0.032612701909721764,0.00047661611693383676,0.0017114873379813211,-0.004080017089843735,-0.005284016065177144,0.02213444229953576
2018-05-15,-0.023679606291423294,-0.006886904019019036,-0.01107540913199312,-0.01614583132241265,-0.011382923878683449,0.13147716698696743
2018-05-16,-0.016632607079429262,0.004204782022406484,0.006612454573124538,-0.0015512935679184991,-0.0038379408831102912,-0.08270676887778083
2018-05-17,-0.03280150885412081,-0.0008447861149084579,-0.003846828064648089,0.0005724073456552237,-0.005051300664012048,0.0007451735339034649
2018-05-18,0.019353065575076878,-0.0025000335718066147,-0.0051677847158349,0.0004086552101045804,0.008605340853336862,-0.0007446186637822816
2018-05-21,0.020363728553213445,0.007518834410632058,0.005612902544670728,0.0005718461950008358,0.0005118889868864773,-0.025335331643439485
2018-05-22,-0.04480471395234409,-0.0027800378338451726,-0.0013064171443007977,-0.0005715193738216051,-0.0015353733786924728,0.010703390224721554
2018-05-23,-0.060180703011888936,0.0027512101794013866,0.008443376765834065,0.001061982268841355,0.007259880559439491,-0.04841152272280502
2018-05-24,0.0039058908809461723,-0.002048816965258271,-0.00029491555909855194,0.00856859323093273,0.007970146142588286,-0.003974577983950622
2018-05-25,-0.014128760440268784,-0.0023825019875336473,0.00100245889183892,-0.003074660285441455,0.006224339828954539,0.0550678809866183
2018-05-29,-0.0010093785451541493,-0.011501220049005556,-0.004418618217521875,-0.000162297242228715,0.021902745538099566,0.28744327639782363
2018-05-30,-0.008841623265862797,0.013344961055988147,0.007160673898554126,0.001461160009810003,-0.006707504809312481,-0.12220921395049544
2018-05-31,0.011834154516914053,-0.006125830716368852,-0.000645998675702697,-0.00218857312515075,-0.0016478994292594695,0.03279790753380385
2018-06-01,0.006308940673935393,0.009817397681023854,0.015699126118930984,-0.004955325896935703,-0.005282966230577224,-0.12767337835813253
2018-06-04,-0.0035775586617968758,0.004751323947825625,0.009031186310983319,-0.000979631964080463,-0.007232523422484594,-0.05349184732453616
2018-06-05,0.015874645500039364,0.0007277293929812689,0.003097947651176325,0.003922495029546447,0.0023446286783417314,-0.026687610572700193
2018-06-06,0.002648788469189478,0.008360536741198077,0.0058340561094925025,0.0005697980927446,-0.008102316018140154,-0.061290266015153305
2018-06-07,0.0031696259943396754,-0.0001080882526853788,-0.008131673633769765,-0.00048810250152531154,0.009684905395976218,0.04209619902625272
2018-06-08,-0.006944340222814094,0.002956333554713586,5.758943524103444e-05,0.0012209142530825723,-0.0030025198819993992,0.004122027226969083
2018-06-11,-0.09416492335088555,0.0013299664745396456,0.002694108986106558,0.0017884823744616085,-0.0018413134017205568,0.013957312974918867
2018-06-12,-0.04699056341537011,0.001292154906950893,0.005259612866469698,-0.0033271415316106223,0.00025166105141072315,-0.0008097351071211234
2018-06-13,-0.03531559589050193,-0.003190840568325859,-5.63082209636967e-05,0.003012561044629436,-0.0005027130180076389,0.04862231931736094
2018-06-14,0.05125280718084646,0.0025181297621992282,0.010123618131244294,0.0015422908372948463,0.008299499922246323,-0.06336937568895418
2018-06-15,-0.03277281585696323,-0.0012759013945540243,-0.0034910672624117733,-0.01653429211330959,0.0009149927968652438,-0.011551183551541389
2018-06-18,0.04309398206589754,-0.002056749060383556,-0.0005776771946012227,-0.0018954650937899054,-0.0009141563503893835,0.027545984139392576
2018-06-19,0.005214707758210091,-0.0038328282179311834,-0.002832717808911811,-0.0025596363391253707,0.005820512689580948,0.0844841532414351
2018-06-20,0.0009763547887364776,0.001705529433519537,0.007102367866022696,-0.004470206141435118,-0.00876254513289021,-0.041947595776401614
2018-06-21,-0.006907581536569007,-0.006268689600320121,-0.008688311212392219,-0.001746208886931222,0.0052537952590760995,0.14464428357994286
2018-06-22,-0.09599929127557916,0.0018235936748234316,-0.0022194790595309044,0.0024156041546103957,-8.29514145126442e-05,-0.05942622029758937
2018-06-25,0.027202279532468454,-0.013612788314112945,-0.022530491954924736,-0.0037393797734436296,0.0022399536070458748,0.2585329954680733
2018-06-26,-0.02488490482462502,0.0022138637397774996,0.004084653066068089,-0.0052547940330739396,0.0014076157253555266,-0.08136179189956849
2018-06-27,0.010414079159373646,-0.008284284695117994,-0.013598958239640524,-0.005701830395735019,0.009423638802660506,0.1249999850239587
2018-06-28,-0.041202629509963784,0.005717200844952863,0.008602209061952415,-0.00303593021413906,0.00024589041208922247,-0.05918478363893154
2018-06-29,0.053334982045442514,0.0014400545102144502,0.002686647119295449,0.003637288959023266,-0.0034386340370402557,-0.045103870129143964
2018-07-02,0.06366376397537565,0.002137821545170171,0.0066996954751827875,-0.010029518972628937,-0.0007828426126855748,-0.03045368343513366
2018-07-03,-0.012789239147277698,-0.0035315356024343547,-0.01157413766859594,0.01013112932642235,0.005356929269314081,0.03461532019064184
2018-07-05,0.01677751521768389,0.008158481984521293,0.012412323982445406,0.003371272825408722,0.0028687442951775832,-0.0724906547003974
2018-07-06,0.005175348399594437,0.008458144753692443,0.015556361237025973,-0.0015959885471287238,0.0032690187638155788,-0.10688045109749944
2018-07-09,0.010227017307260056,0.009004311992796499,0.008997407002044211,0.0024398528860691826,-0.006435928257113255,-0.050860157890520896
2018-07-10,-0.06108203429191239,0.0035983461114941218,0.0007334355840715734,-0.001846422307055895,-8.172189043698097e-05,-0.00394005033206124
2018-07-11,0.010230691178732654,-0.007314435191004609,-0.005075655917977651,-0.010846724226159843,0.0038538043118141463,0.07832276457501397
2018-07-12,-0.025943303661489003,0.009066229132173032,0.01723201409892061,0.004165231777556899,-8.141481269396955e-05,-0.07703596345699171
2018-07-13,0.0014833886419449716,0.000787343431209786,0.0008355122278005389,-0.004401901762097649,0.0025326683003097372,-0.03179647225406612
2018-07-16,0.08074642093014406,-0.0008941642621541623,-0.0023939868336975145,-0.0005101399394812356,-0.004156046270664127,0.05336614139936113
2018-07-17,0.08592576690955611,0.004045108777734896,0.006083109665682818,-0.01080394929383155,-0.0018819470341041589,-0.06001555016899285
2018-07-18,0.006794081964906162,0.0021037199823104036,-0.0018858468779878734,0.00025798744076199753,-0.004016979662676667,0.0033167463069041503
2018-07-19,0.013035266406750123,-0.0037713392565058568,-0.005001851349060282,-0.004298856594405098,0.006338125845204212,0.06363632064578728
2018-07-20,-0.015097374603627811,-0.0011429970564594827,-0.00022386994723777587,0.006476124823511453,-0.012269389034920697,-0.0007770185680464614
2018-07-23,0.04854142993898658,0.0018595418306328604,0.00318470081983957,-0.004804371742649027,-0.012338470101062482,-0.01866250214039078
2018-07-24,0.09248469813206439,0.00503187035746766,0.004121555151077594,0.0003448354786839136,0.0034378056675710145,-0.016640256739405612
2018-07-25,-0.028830914494162863,0.008522734574861968,0.013976351722188252,0.005515334234738045,-0.0015874957430650483,-0.00966961217039064
2018-07-26,-0.02808936559110453,-0.00235960673666058,-0.01515145267947593,-0.0077991400388178755,-0.0019243054700321949,-0.01220501375068006
2018-07-27,0.026841166837664243,-0.006776048206642127,-0.013496043719374962,0.0005183138095208317,0.001676256033979806,0.0733113150312188
2018-07-30,0.0018946964287636092,-0.005223601908586284,-0.014131521462749319,-0.0015540041641225466,-0.003431856686562429,0.09439758412260324
2018-07-31,-0.04890178082675012,0.004929678954942673,0.007652373370535592,0.002939873181190933,0.005459615995668798,-0.10028052470009752
2018-08-01,-0.01998984457531061,-0.0016709820071558745,0.003796902397348534,-0.007328204929526905,-0.008146675349884225,0.024941519620195196
2018-08-02,-0.007575204523413981,0.00544786578007983,0.013606841080238352,-0.005384772884042377,0.0014351119872817453,-0.0730038073000544
2018-08-03,-0.017544223034868245,0.004284535800352929,0.0030635421687070785,0.003492853105171001,0.0049735783431799074,-0.04511888892478966
2018-08-06,-0.06491323742181854,0.0036672526257406357,0.005886340800189016,-0.0051339744804317355,0.000586859679719165,-0.031786930811503855
2018-08-07,-0.02857960428694062,0.003302254360773915,0.0036433451201143274,0.0022740706959851753,-0.005197196609774024,-0.030168601488713476
2018-08-08,-0.06623905761153515,-0.00041990207917308453,0.00121045146902099,0.002792628802213759,0.0010112369499959417,-0.007319297481462206
2018-08-09,0.04161727043509522,-0.001366371939579225,-0.0006044499677112514,-0.0014794690881722028,0.008418193462759627,0.03870968309008038
2018-08-10,-0.058390163053316124,-0.0067000424401515435,-0.007641042148325949,-0.0004357279352805721,0.0072625619913535555,0.16770180238515042
2018-08-13,0.018248206301357817,-0.003743065705870019,-0.0011078896133260852,-0.01508416880379293,-0.00207177388592672,0.12310029668257583
2018-08-14,-0.015539305797755087,0.006380258416472051,0.006266474455055571,0.0009738014451408095,-0.0022422848122988226,-0.0994586833499882
2018-08-15,0.017550830487124358,-0.007467407982443053,-0.012234811867007367,-0.016626844065553037,0.005826121548873298,0.09992485963755926
2018-08-16,0.0041546925200131035,0.008091417018464941,0.003291842946152368,-0.0008094609704913935,-8.253250191592176e-05,-0.08128418757861378
2018-08-17,0.03881774015655104,0.003520374781827096,0.00022244052035036432,0.009270916232611892,0.0012418055617267054,-0.060223009474275835
2018-08-20,-0.04134864025204177,0.002139675315410372,-0.0008894750358464654,0.0049942495470025605,0.006694922113275714,-0.011867133554614995
2018-08-21,0.028569252521058797,0.00234589672588581,0.003672719142880476,0.002928336094692563,-0.0033663787724397265,0.029623690339424025
2018-08-22,-0.017268292976586608,-0.0005939943553382454,0.0038811430831602323,0.002211997942183075,0.003954559438530847,-0.04743387814637445
2018-08-23,0.024804314896540447,-0.0013278114652256479,-0.0014358726518255427,-0.009446452957847074,0.001559303060282291,0.013061212033641523
2018-08-24,0.028321879123101024,0.006018614920749732,0.009292038067284514,0.01746886601762876,0.0019661510503370394,-0.03384368101999047
2018-08-27,0.02450612455111645,0.007894848525318965,0.010192794028955676,0.00376657902932398,-0.005724005224136075,0.014178488702180525
2018-08-28,0.03074084399978072,0.0004836379661750101,0.001464613921888791,-0.007941321771505638,-0.006003342531895606,0.027960539214994196
2018-08-29,-0.006921884479385465,0.0053805761640368654,0.011537925579863106,0.004574213948543848,0.0013233040868534385,-0.020000000000000018
2018-08-30,-0.009781269937524706,-0.004048394844259451,-0.0017674304117755169,-0.004903656511020316,0.0021482574723088455,0.10448977412009719
2018-08-31,0.008505036065358018,3.431406248455282e-05,0.0012875468537139056,-0.0011439392301669793,-0.0023085911032952877,-0.04951959272114581
2018-09-04,0.046049931159197977,-0.0017221743873427897,-0.004285759826799573,-0.005109698001402485,-0.005781793012694436,0.023328164754584213
2018-09-05,-0.07726926617796492,-0.002690953256706985,-0.012913828017790174,0.0034534613352918964,-0.002666147016150644,0.05699088211976577
2018-09-06,-0.03881447838641905,-0.003010424774173459,-0.008939686165478355,0.0019414156485668688,0.003676100584863784,0.053199121440381525
2018-09-07,-0.009511178051622271,-0.001943274006419582,-0.0038501010844502748,-0.0027302937827557994,-0.00848982767601325,0.015699692962430234
2018-09-10,-0.02124140184659984,0.0017384015478665304,0.003368011164302187,-0.000706542689065337,0.003693837752449136,-0.04838711434753651
2018-09-11,-0.0013428756082783933,0.0032974104900986845,0.007704016096795385,0.0006186451072049959,-0.007611028677808274,-0.06638415187236713
2018-09-12,0.004840791057003857,0.00024213153018770583,-0.0029488312227003988,0.008390716640166218,0.002359963895283368,-0.006051431323006673
2018-09-13,0.026057221416850407,0.005914960219509657,0.010680358307548099,-0.003591101333891067,0.0015135362809159947,-0.05859972889231746
2018-09-14,-0.000705827652036306,0.00017173164400285934,-0.002926385541864973,-0.006504970809317334,-0.004785234936919958,-0.024252238763970202
2018-09-17,-0.03554737843594591,-0.0052944460928694426,-0.01440299247096688,0.005220350246058381,0.0,0.1333886206345103
2018-09-18,0.014344330155602991,0.005426267566573273,0.008271865680353985,-0.0014963310274801467,-0.01045988335884962,-0.06505850317752004
2018-09-19,0.004275459515334479,0.0010657706689012336,-0.0007659455620769862,0.0038786565809445506,-0.00596691114218828,-0.08131352345229803
2018-09-20,0.018930862676956428,0.008103542983184608,0.011056698487897476,0.0034246522572403126,0.00463068124462529,0.004255335381690539
2018-09-21,0.033020118505568075,-0.000913545659613213,-0.005467762169753865,-0.006825928084458366,-0.0004266563566183157,-0.010169481662661628
2018-09-24,-0.020718793014923742,-0.003322137327074315,0.0027809075428122387,-0.00017619740455376842,-0.002561926171270268,0.04452050432386789
2018-09-25,-0.022582362260686772,-0.0009274508472274512,0.0013596093045089575,0.0015863250483771907,-0.0010277290167299835,0.01803280905477811
2018-09-26,0.00752811748738158,-0.0029925251190602298,0.0007059638732551665,-0.005279352979018381,0.007028406151511568,0.03784221128354881
2018-09-27,0.027983063895304028,0.002794596505789615,0.008466024478448242,-0.008845643281780058,0.0006801784087280272,-0.03723820660402799
2018-09-28,-0.004885628065675718,0.0001028129189686311,-0.00021520438817079768,0.006336448595585464,-0.0026361797183908076,-0.023368248623588994
2018-10-01,-0.008204199283642799,0.003474034852947172,0.0020451402628092197,-0.001685016298391906,-0.007341317882136544,-0.009900980750178201
2018-10-02,-0.005086790882500303,-0.0005825686017754128,-0.002256035572353654,0.011548397044346626,0.006112735993850649,0.004166682561238533
2018-10-03,-0.008161903129785819,0.0005487786937818928,0.0010767441112835563,-0.003951915050342092,-0.017371150108094646,-0.03651456656373575
2018-10-04,0.011395474639611658,-0.007815719020390355,-0.019198602779976093,0.0005290529796950771,-0.007053937544344913,0.22480626076939414
2018-10-05,0.0069624749639192185,-0.005596859660382925,-0.012227188541925393,0.002819877382429281,-0.008594805049436549,0.042194051795244825
2018-10-08,0.0044922748106055455,0.0,-0.0061063143696605815,-0.011072074713894375,-0.0033618892000066847,0.05870444692808752
2018-10-09,-0.0014415983479458827,-0.0014595159426112891,0.0032392515601438188,0.0005331220730910857,0.010119182381814085,0.016571079403144617
2018-10-10,-0.008597538085317824,-0.03166295807123187,-0.04397906543082253,0.00248666770063255,-0.002724115015701023,0.439498392415999
2018-10-11,-0.05000198336714945,-0.022026519708537307,-0.012403192554001241,0.025691013434101517,0.012160062801404914,0.0879791175222544
2018-10-12,0.002931448132255543,0.013888242768717696,0.02782998866883113,-0.004750349180877911,-0.003482935899126738,-0.14691753977371724
2018-10-15,0.05131179408482578,-0.00561692548310011,-0.012104112801143763,0.006682258271583086,-0.00043650439570064314,-0.0004692740090311842
2018-10-16,-6.521233536105342e-05,0.021865836350108525,0.02909253072656437,-0.0017241116227775244,0.002272160568119075,-0.1727698840206624
2018-10-17,-0.007834873671174969,0.00017823468729694092,0.00039494988102273254,-8.63742311474347e-05,-0.005929618628736644,-0.012485880262460669
2018-10-18,-0.010347763368972918,-0.014440982684218118,-0.023182225314112737,0.001122698440194414,-0.0003506265144387344,0.1528735578005025
2018-10-19,-0.001744682833668909,-0.000542938745498045,-0.000924066097904408,0.0007764317521294917,-0.002194041164121141,-0.008474580300092738
2018-10-22,0.003364055717172798,-0.004487966072705518,0.005143877183547696,-0.002586010225269386,-0.0013187673439484238,-0.0125691306018898
2018-10-23,-0.0017603884596555375,-0.005091125329097168,-0.0036801054294005597,0.005876763551604158,0.0031698743104764393,0.054480637885772065
2018-10-24,0.0031038319400622516,-0.030298684700775458,-0.0457665863718163,0.0023198236435848507,0.007549231331639206,0.21825208390050332
2018-10-25,-0.003009588468581126,0.017940523083120885,0.034595428563239716,-0.002228717024418514,-0.004181907681355401,-0.04003171808192241
2018-10-26,-0.00023779649354971344,-0.01758736239684433,-0.02572235712076343,0.0031786521678458524,0.006036862176244107,-0.0024772695145908186
2018-10-29,-0.02194990033398969,-0.005540361263134841,-0.020580603031159383,-0.003939360261170033,-0.002261228316490227,0.022351031412989997
2018-10-30,0.0002589977227631657,0.014819025311137102,0.016479867633003353,-0.0043847864976440665,-0.0049680554548185984,-0.05465588420123868
2018-10-31,-0.002630161991615365,0.010680146370992682,0.023505387246256726,-0.005613139108367582,-0.005080914676271697,-0.09079232567875262
2018-11-01,0.009524159164166601,0.010641901936547571,0.01319044113002743,0.01285276342099273,0.000926990400194283,-0.08902493784271404
2018-11-02,0.0016714525444749828,-0.005922774784953511,-0.01557597673419775,0.00017151910256396619,-0.012432720337365977,0.008790076264358015
2018-11-05,0.004886985732056148,0.005516986799263046,-0.0024794788226818465,-0.0024003324100665413,0.003928287055076529,0.02306503589501041
2018-11-06,0.006441090083988854,0.0063278195065952225,0.0075754611153333595,-0.002835798085983776,-0.0006222696600298727,-0.002504971911518883
2018-11-07,0.01069962337180641,0.021408948004987494,0.031367729372941744,-8.619558903444346e-05,0.0013349768667050288,-0.17830232366988052
2018-11-08,-0.011702646539741735,-0.0018148043589005791,-0.006378860104382822,-0.0021546152083956605,-8.869993217663907e-05,0.02200480987605502
2018-11-09,-0.01055206847976109,-0.0097684013976983,-0.016852153470918285,-0.011228151978489587,0.0074657058341400795,0.03827759110527551
2018-11-12,-0.002247252012005152,-0.018685225577700693,-0.03025877946934752,-0.007162820324765118,0.006528371116207632,0.177995394236643
2018-11-13,-0.0018488912132336166,-0.0018711249547906927,0.0008416162689892648,0.0003518677181439944,-0.0006134364281286109,-0.021026909004084215
2018-11-14,-0.09767137204823373,-0.006836572734919777,-0.007629052390121904,0.008267391966898296,0.0006138129633603828,0.061438537168431395
2018-11-15,-0.015739770310788437,0.010436599027652038,0.017493837550106806,0.0011339606953078007,-0.0004383114291264256,-0.059764727424172825
2018-11-16,-0.012832790057027754,0.00260062815994222,-0.00350960706001624,0.00740616997802257,0.005787565747467305,-0.09209210183905447
2018-11-19,-0.1262762588400843,-0.016914545346969123,-0.0324780119543705,0.0004324115306661991,0.002789993113313294,0.10804856988803202
2018-11-20,-0.08613793664749825,-0.018506240907303684,-0.01789433607973756,0.0,0.00034791287331237264,0.1184079161988838
2018-11-21,0.033761048892067214,0.003407469410431796,0.007602142537205259,0.0016426250921932617,-0.00034779187204292406,-0.07473311118264614
2018-11-23,-0.055421695183700326,-0.006678636068260024,-0.0072329239295140235,-0.0007768338236752159,0.0010429137909346853,0.03461544457272181
2018-11-26,-0.13065691881088826,0.016144421272158427,0.02311379973141725,-0.0011228924348919422,-0.002257759301814266,-0.12174724830399308
2018-11-27,0.01100520203864308,0.003364285659311461,0.003376526599373264,-0.00596681464067883,0.0011318057822928829,0.006349250881240609
2018-11-28,0.11429781677810569,0.0230257587888143,0.032183329787446535,0.0037407596049732206,-0.004869140658994908,-0.027865440267598407
2018-11-29,0.005032803483256965,-0.0021854623174111243,-0.0032603335948736545,0.0031201301691909933,0.003931564304854529,0.01622504857343432
2018-11-30,-0.061132857655723294,0.006095087879538719,0.007255301614286447,-0.0017279847238081958,0.0037421946441582588,-0.03831831748917813
2018-12-03,-0.030652094485647097,0.013241693156152534,0.017476856009119635,0.007529883500850154,0.007100788169389416,-0.09020471434946853
2018-12-04,0.016117316474361765,-0.032402463392156355,-0.03835701575065387,0.00609912432039339,0.016741626879066107,0.26155712271131226
2018-12-06,-0.11013487203436301,-0.0015166321345591038,0.007060378529416322,0.0001707363609755319,0.00314018355227641,0.021697240496892922
2018-12-07,-0.02873093603554966,-0.023236157259003076,-0.03301593081614462,0.00810992789134457,0.0018612502450594537,0.09627177710070955
2018-12-10,0.024187212750256704,0.0018970677986931417,0.010472267894191534,-0.003471894702593792,0.004138126519333429,-0.025398199062172333
2018-12-11,-0.02228819243544189,0.00022719889811462224,0.0033115378490780056,-0.001189661703648759,-0.00016789025947527847,-0.03886922192979203
2018-12-12,0.018210090700773618,0.005035109098577406,0.008801685931383307,0.0021269354947484054,-0.004458238864275765,-0.013786817153199848
2018-12-13,-0.04969183369802088,-0.00033891701923127737,0.00030282505121692616,-0.002207336227265433,-0.002366104554549331,-0.03774461791699035
2018-12-14,-0.021484404643338006,-0.01846469742823209,-0.024349285662685016,-0.0039989894119348834,0.003472718528783947,0.04745760582760128
2018-12-17,0.09356400896363581,-0.019618473654861246,-0.022659422489350156,0.0069195729103175285,0.005823649752408899,0.13361079099064765
2018-12-18,0.04235760433416402,-0.0010964034888460983,0.006288332827584675,0.0023754880187698557,0.005988814409182197,0.043229993725663274
2018-12-19,0.013498594166162725,-0.014975853858674504,-0.024554732000430457,-0.006093958623821227,0.0132107914079167,0.0
2018-12-20,0.10370951341077017,-0.016277889282329983,-0.014495986258432403,0.015413416962360094,-0.0036310988129849564,0.10946048652899609
2018-12-21,-0.05754047081632285,-0.020489839832023238,-0.030992974223611913,-0.004360924625816387,-0.0001655661250925533,0.06095847430385293
2018-12-24,0.04672228361435349,-0.02642252542206891,-0.024798103565946472,0.010950096100037499,0.004970309320444732,0.19794084900893893
2018-12-26,-0.054259197116810265,0.05052459494879247,0.06243912792982731,-0.002999441684935489,-0.010715872693788597,-0.15691710272524007
2018-12-27,-0.05248858966405945,0.0076774926509597385,0.0038696755836631347,0.007604847107346435,0.00016671674463175634,-0.014797789056146593
2018-12-28,0.0736244771111243,-0.0012901167485867004,-0.0005226668001756529,0.004064011487183938,0.008414291670272078,-0.05407206212914606
2018-12-31,-0.04618298071889948,0.00875883191340221,0.008432996509523338,0.0015694898830167503,0.003799671822058537,-0.10303458223613671
2019-01-02,0.05362678301988999,0.0010403284770794663,0.00401917921940087,0.0006598089159148834,0.005266951891572003,-0.08654605650419012
2019-01-03,-0.02704974336321264,-0.02386266745190302,-0.03267036040488536,0.009066170423806419,0.011379627109338708,0.09603796363173966
2019-01-04,0.005467222626216461,0.03349566791159031,0.04278448769035226,-0.00808623590052937,-0.011575139037799831,-0.15992147269793522
2019-01-07,0.04342743097348678,0.007884617555026452,0.01190529348839342,0.003458482876331992,-0.0029480688884427897,0.0009354751425985075
2019-01-08,0.0013911214837352137,0.00939539604874251,0.009046071814201806,-0.00270804061547536,-0.002628710689265401,-0.043457958960452236
2019-01-09,0.0011036105648376537,0.004673203265642245,0.008149175790607144,0.006418158373500793,-0.0015645242816594296,-0.0239374590891408
2019-01-10,-0.08831366819666353,0.0035280234810135536,0.002860206158386891,-0.005886691481276518,-0.006433565605693969,-0.024024001663345507
2019-01-11,0.0022943982214995717,0.0003862319828413785,-0.0036582518329119074,0.001727170986037363,0.0039016905365916177,-0.06717945979191708
2019-01-14,0.005067782862046899,-0.006101057683954636,-0.008836618963289466,0.002380897199235621,-0.003720673895727278,0.048378182239134926
2019-01-15,-0.020338880328643172,0.011460949125069897,0.019526701650445233,-0.0017200351443329431,-0.0036525086563091724,-0.024646005289767015
2019-01-16,0.006701657682214313,0.0024197456063410616,-0.00018472598274665852,0.003199863787636481,0.0009998190728663925,0.023655942206107117
2019-01-17,0.006445166852939055,0.007586865337012583,0.007884015880520012,-0.001308546962521917,0.00024958723018686513,-0.051470661894021164
2019-01-18,-0.005633885824214646,0.013309739725445358,0.009900075355185889,-0.008926410300850951,-0.005241595306668234,-0.01439646935605643
2019-01-22,-0.014561111589446618,-0.013510418392353896,-0.020030138333191116,0.0035531343340227117,0.006774805768998471,0.1685393330665903
2019-01-23,-0.005397055122244532,0.0020924369687918,0.0012967928553071495,-0.0013997379433262624,-0.0004156190876949406,-0.06153840510802655
2019-01-24,0.00439104360848841,0.0005314387082548944,0.006475271456942044,-0.0015666428373899421,0.006566105928362154,-0.03227464412607961
2019-01-25,-0.0003053736335224544,0.008461483101109613,0.011948821423932054,0.01461726258147622,-0.0047891656821785755,-0.0778189179910741
2019-01-28,-0.035923289010563186,-0.007600212861922362,-0.01235271265639526,0.0034999210730881636,-0.000995597684522398,0.08323770129672337
2019-01-29,-0.006435330653293936,-0.0013270599823869134,-0.009440916634972818,0.005596580714432919,0.005066077015036141,0.013778394804977001
2019-01-30,0.01103927096757329,0.0158309420102396,0.025437495177146552,0.005726722578225818,-0.000743830954915703,-0.07684262299233602
2019-01-31,-0.008143269325041613,0.00878223641274789,0.014968774985455457,0.00048117377030232333,0.008600285900552063,-0.06172141347711391
2019-02-01,0.008720183739189036,0.00048195182971388917,-0.00422208619568154,-0.002004008016032066,-0.006039704751007791,-0.02595053187056462
2019-02-04,-0.008254504353162773,0.007035305055435259,0.01242147204177324,-0.004337356751223598,-0.004464011014218117,-0.025402717652831308
2019-02-05,0.0020824077305636735,0.004191793542612121,0.008847980891382168,0.002581475453272253,0.004567117473985194,-0.010171637130852895
2019-02-06,-0.015171430181290635,-0.0013183367222356912,-0.0029817969073914208,-0.006758902044908588,0.0004957265489800022,-0.012202927688332643
2019-02-07,-0.004187789950119369,-0.009532659711309122,-0.01342956869899703,0.002430293392984062,0.006609941301273903,0.06436935743992156
2019-02-08,0.07863239318839477,0.001221274832361896,0.001961610992005536,0.0037982966608789415,0.004268573771111672,-0.03970681361522943
2019-02-11,-0.005004283869400661,0.0005545853849913129,-0.0009492422020411784,-0.004911042708701019,-0.003923545384359128,0.015903307617898044
2019-02-12,0.0013972858086190865,0.01285951410229047,0.014786339386587688,0.002103577179937588,-0.002543512454560304,-0.03381339717118825
2019-02-13,-0.005873228423961097,0.003246729405820048,0.0007019211565240102,-0.003956062177902009,-0.003784191125949743,0.014257894297040163
2019-02-14,-0.004182104127314679,-0.0022178549355645893,0.0012282938869088156,0.005592889654295163,0.005697887336216345,0.036421706627348005
2019-02-15,0.0010865526937218206,0.010897153124729497,0.004205181296523142,0.005964900110646543,0.0015598632729247885,-0.08076445877921923
2019-02-19,0.0901134332166329,0.001730476075860743,0.0019773122980804025,0.015224309695700766,0.002541604818065757,-0.002012054545821984
2019-02-20,0.013358199164869689,0.002015585318720481,-0.00017411080711993154,-0.0017363346220005127,-0.002862129930066959,-0.05779567540746344
2019-02-21,-0.011426110729454764,-0.003555973468107654,-0.003657612409302291,-0.011306137470128319,-0.00893863364149694,0.03138370656326539
2019-02-22,0.013001242029855531,0.006199878113803736,0.0074002154105716755,0.0035985360836492397,0.005957743522961412,-0.0656984651977136
2019-02-25,-0.030665211889554178,0.0013615485895090984,0.003643703388398478,-0.0010358346885893654,-0.002961617009562767,0.0991857979190276
2019-02-26,-0.007298633937987575,-0.0007158517626056904,0.0010372917182628338,0.001675034536747555,0.004949939017702798,0.021548800444713967
2019-02-27,-0.0008589100836423613,-0.00042941570884735825,-0.0006330342993754456,-0.0070871108191714605,-0.011328659202092473,-0.030982219160517688
2019-02-28,0.0009706546704713048,-0.0018624560961072456,-0.002304019693142534,-0.005613959130088775,-0.003404909741689055,0.005442171751297131
2019-03-01,0.0012447748305945971,0.006244069887163972,0.00692839007520063,-0.017017506627186707,-0.00924255553913167,-0.08186739242272834
2019-03-04,-0.025398234090957206,-0.0036376600121202918,0.0001720957537112433,-0.0026255308667169075,0.007837393089272782,0.0781135183091417
2019-03-05,0.035840973956695166,-0.0013598539965513634,0.0007452843580619817,0.0013162525939691694,0.0020906318341757935,0.007518773466629547
2019-03-06,0.0019422224383240927,-0.006056915936755725,-0.005671667562634375,-0.0009037184460104486,0.003671311513413933,0.0678426062094939
2019-03-07,0.0019318286070102442,-0.008365663985908212,-0.012272447450409785,-0.0008222882461903502,0.00648494997603466,0.05400256631702249
2019-03-08,-0.0026467658337827604,-0.0019999923091531535,-0.0015163802873915389,0.010945553273622899,0.00421296798577675,-0.03254978363837502
2019-03-11,0.0010498756652075336,0.014501564122043176,0.02079795777960003,-0.004884390198699684,-0.0029615609572303248,-0.10716507134672604
2019-03-12,0.0010060759032475275,0.003770730471978956,0.005494154101630455,0.006053709964792153,0.00701274380087602,-0.03907881848735939
2019-03-13,-0.0006239108103570645,0.006619242422910787,0.007513092439949576,0.006992949727453013,-0.001884801865114305,-0.026143834305291547
2019-03-14,0.004518334494236109,-0.0006396804495745201,-0.0016947633148315377,-0.011547098821608426,-0.007222537292043918,0.006711420851004624
2019-03-15,0.009311558336655423,0.004940479707675971,0.009281012426778368,0.004574769560006908,0.006614049959054791,-0.04592591744882091
2019-03-18,0.018075687387465456,0.003625764327190195,0.0023812639531379798,0.0005692420438265788,-0.0005747568904995726,0.017080765921899888
2019-03-19,0.009592756619634768,0.0002479982099377054,0.003362317929510805,0.002763299214570525,-0.002218602760852284,0.0351145057062483
2019-03-20,0.004000337019458566,-0.003009998711306361,0.003965656136318829,0.006484057947534483,0.010460236465771988,0.025811166442818223
2019-03-21,-0.014226238767748978,0.01129476236744753,0.015631897637770065,-0.004026413261163153,0.0022006712369142534,-0.020129384330890843
2019-03-22,-0.0013299101079167208,-0.019246594105477466,-0.021964358343705137,0.002344768069306058,0.015534589203929583,0.20909753513324247
2019-03-25,-0.01513374388597033,-0.0007515925503610577,-0.0019041158065081776,0.007663119616744263,0.001601657754554342,-0.009101918852961188
2019-03-26,0.00555383851780511,0.0074537207470748434,0.0046571162716175785,-0.004963137418149799,-0.0007194468513712637,-0.10104100589339193
2019-03-27,0.025591790081793686,-0.005228990013571466,-0.006423277191176302,-0.005229296137734152,0.0092026099891096,0.032016301334052644
2019-03-28,-0.00439410170099408,0.003790480361511417,0.002305204777262704,-0.014152850613865509,0.00348842756868617,-0.04752470834876099
2019-03-29,0.007192568960710188,0.006305368056637395,0.007571109907858142,0.0009023839948698598,-0.0009480415016644983,-0.049896067345927775
2019-04-01,0.014593247537282306,0.011859299092560782,0.013247290983983806,-0.003934131206699276,-0.014204076922379127,-0.022611263220579714
2019-04-02,0.1735601357404375,0.0004898041246925722,0.003790402024909101,0.0037028271386223555,0.0018492722087657398,-0.0029850718650553665
2019-04-03,0.01908737151027773,0.001573803248583694,0.005745930645254083,-0.0014756542074283452,-0.008667562855904865,0.028443123069318066
2019-04-04,-0.010099119772122078,0.0026532725908818833,-0.0003808099859615721,0.00254513588527594,0.0028332865371953897,-0.011644821694133722
2019-04-05,0.023133653881632465,0.004840245065938609,0.005171083255941067,-0.0010645913747292512,0.001291544367926667,-0.05596467107154646
2019-04-08,0.05024932809817195,0.0007623333638957508,0.0025457055144844087,0.004344964459018774,-0.0035472791423540873,0.02808117152271894
2019-04-09,-0.016033302776742198,-0.005124688924537435,-0.003511178351385813,0.0052240582686200465,0.0031555654365960084,0.08345974220982688
2019-04-10,0.02297679449480783,0.003411084707204637,0.005366216691986558,0.003085645543724258,0.0024195536435405174,-0.06862742020741086
2019-04-11,-0.04884241466188555,-0.00027780261664622774,-0.0023721215151679687,-0.012790430232882732,-0.0058734677274415725,-0.021052611199678495
2019-04-12,0.004946456691243162,0.006765866695703782,0.004323547851488474,-0.0009839698252590567,-0.00712234607132034,-0.07757297952163933
2019-04-15,-0.004407209334096773,-0.0006549147990376758,0.0001612935865691334,-0.0018879040751599296,0.0025266058733435237,0.025811778520777207
2019-04-16,0.03324404347200138,0.0006553439935175209,0.003443461397163672,-0.008963785785923273,-0.006261120296579437,-0.011363587103598194
2019-04-17,0.003128303240330199,-0.002447005160658433,0.003485472371048237,-0.0019085831288392363,0.00040944486599192587,0.03448276402057804
2019-04-18,0.008843926567657423,0.0019693292487812375,0.0012821841285886038,0.0007482870651696061,0.005234667274981231,-0.040476207415983234
2019-04-22,0.019058539166650013,0.0008619302506367443,0.002828179446323409,0.0,-0.004800949183002112,0.027295278704807746
2019-04-23,0.032040260809014454,0.008991691642287858,0.012718516158699567,-0.002076929420084306,0.0021256239619809048,-0.011272169280415079
2019-04-24,-0.019290850018550354,-0.002219018969800035,-0.0031528633408109963,0.0029137401441747812,0.00815864784986231,0.07003262451565884
2019-04-25,-0.04654296037177108,-0.0006162217887052401,0.00405897900433394,0.0008300695036758121,-0.0014564580534386362,0.008371358736922963
2019-04-26,0.013210308630683842,0.004656843447931935,0.0008921863299988786,0.006635175033447016,0.0034038911648908154,-0.039245317567069615
2019-04-29,-0.006060521979762479,0.0015679286418253113,0.0019408337001145526,-0.004449212353194509,-0.0063807617453433,0.029850756331933237
2019-04-30,0.019700224573813152,0.0005101515418215463,-0.007748046388008634,0.0030621129817147708,0.005121040593984549,0.0007627939850283205
2019-05-01,0.009712831055362026,-0.00751633552796116,-0.0032183008588805295,-0.0066006224629272525,0.004125212419154867,0.12804880486507653
2019-05-02,0.018988001869725712,-0.002159182408837945,-0.004339980457984893,-0.0038205903541769226,-0.004761897206336019,-0.02567568307727497
2019-05-03,0.047773352676729886,0.009787677238421777,0.01594800800471119,0.005919618726200282,0.0028383921770060994,-0.10748961043925498
2019-05-06,-0.0037242273789966918,-0.004115033340502783,-0.006122160553608369,0.001326117121353887,0.002749357022306498,0.19968917775266748
2019-05-07,0.014389613933892154,-0.016699696824673982,-0.019479877750549712,0.003310996887363693,0.007661359485524377,0.2512953510290572
2019-05-08,0.026238273651690402,-0.001389216719813624,-0.002523509346413322,-0.0024750055657883907,-0.004321354951071443,0.004140782865927672
2019-05-09,0.03210575059420551,-0.0030258708651491606,-0.005382993152114879,0.002398422606480155,0.004098796403696037,-0.015463878503069517
2019-05-10,0.03309083475578345,0.005023432336743294,0.0012449719467355624,0.001897717514232511,-0.0013607382428371118,-0.16020939292289793
2019-05-13,0.225129312624738,-0.025130198324916697,-0.03470286251069998,0.010211626950944463,0.007855579916328015,0.28117194913420174
2019-05-14,0.02296902470023965,0.009043836170229413,0.010975568623202925,-0.001711902564663248,-0.002942649604232961,-0.12116787657235606
2019-05-15,0.026362395040874453,0.005857277349665679,0.014123937498593309,-0.0005716127335255727,0.006142676502257416,-0.08970094018772068
2019-05-16,-0.03903135076359554,0.009261000140832643,0.010049687515475414,-0.007190107507202059,-0.0033301693421800005,-0.06995137073275715
2019-05-17,-0.06861381146516154,-0.006464663636208012,-0.01021991335127892,-0.007077611679961793,0.002227481304854839,0.043819494961774064
2019-05-20,0.08638651973518074,-0.0066121825282010604,-0.01688135665816104,-8.290208125960596e-05,-0.002064043834795637,0.021929788656569915
2019-05-21,-0.0018777719888342093,0.009015332362669382,0.010447129047400194,-0.002320944800343727,-0.0015901565608421597,-0.08338440841258887
2019-05-22,-0.03557071156568237,-0.0030712591878162554,-0.004454673226688244,-0.0009970317877491253,0.005734859347878096,-0.013377913833897748
2019-05-23,0.02627324592835456,-0.012218599430183219,-0.015302233975633683,0.007734533613593886,0.011248306336424374,0.1471186492402674
2019-05-24,0.013388347506898546,0.0022682170925241163,-0.0005049046281822012,0.0010729131367257505,0.0008607570247678442,-0.06323875236403576
2019-05-28,0.09171857406500505,-0.009300359712878237,-0.003760523899249635,-0.0038747008151563955,0.0072002868334284376,0.10410091979930125
2019-05-29,-0.006935191916087824,-0.0067105347065978815,-0.0082258255946136,0.00033105118696652447,0.003030328157895612,0.02285712105887283
2019-05-30,-0.039264986075266295,0.0027314093955308483,0.004203692710225804,0.0067841455794739325,0.008598751080246547,-0.03351957509812453
2019-05-31,0.030654502684543283,-0.013475665188122599,-0.015952920441286156,0.013476862164072179,0.012519331150983692,0.08150288494762292
2019-06-03,-0.042627179740076904,-0.0025429092414167576,-0.022017657803565682,0.014432812396575123,0.006688716454251065,0.008017185099885582
2019-06-04,-0.06105791439007158,0.02170678830155648,0.028156532565460024,0.0003197259638094696,-0.011401632807268025,-0.1002121546040522
2019-06-05,0.015109484866347334,0.008662019488075767,0.007432401839283287,0.00255692921232642,-0.005651544460086533,-0.05185616949754901
2019-06-06,-0.00028220123956368415,0.006502736490752392,0.007944927994935957,0.003267681746441209,0.0032260971873439015,-0.009944055058717649
2019-06-07,0.02837216433167966,0.010007294923737309,0.019311944520180813,0.0056402851919619135,0.008651938439054652,0.023226548951449155
2019-06-10,-0.005422904875873602,0.00458851057544174,0.011654854700493544,-0.00995334973762696,-0.009412875465140913,-0.02208586954156
2019-06-11,-0.009076530355347279,-0.0002422409438205264,0.0013649997498645927,-0.0011968524989021123,0.0006129327960924247,0.003136774909103357
2019-06-12,0.027516514423324256,-0.0017652251699594723,-0.0057795914735907505,0.00519253494403471,0.0007660186212565812,-0.00500312225460775
2019-06-13,0.010442903901259237,0.004126377844164475,0.005923038686547866,0.006119340633088832,0.003443623163394971,-0.005656829255251683
2019-06-14,0.05624024585256682,-0.001105087849323394,-0.004252470370882944,-0.00031596300165459557,0.0025162535201475045,-0.03413400583248416
2019-06-17,0.07206482235016409,0.0003803162225475276,0.006022454468645799,-0.0006320654488249922,0.001749899780857378,0.0045811943535238875
2019-06-18,-0.025598800340442818,0.010470976201889304,0.014531775765775246,0.005060083591572395,0.0050116743508414885,-0.013029365340009424
2019-06-19,0.021114710381221036,0.002257160403468683,0.0037548843372359197,0.006057242183997058,0.0014354553663802339,-0.05412539376048964
2019-06-20,0.027350847496536934,0.009554406981809871,0.009299464525187595,0.025177896911959374,0.0026413117281416376,0.029309147140966996
2019-06-21,0.06480383180815696,-0.0014535779749530464,-0.0014824301357652114,0.006635612181659978,-0.010986983103102976,0.044067770747815205
2019-06-24,0.08541979005443379,-0.0012242682643200942,3.160407496527462e-05,0.014850786310930397,0.00745661126257291,-0.009090869682878533
2019-06-25,0.07082074209722089,-0.009808338497777513,-0.0171662163791646,0.0019411266395166216,0.003096513896001296,0.06684144446034601
2019-06-26,0.10392020009443503,-0.0009970476833375264,0.004650618542067386,-0.009165393111099984,-0.0064001846771167825,-0.004299852531964188
2019-06-27,-0.14085680731712602,0.0035455711197116546,0.003821404331432632,-0.000977700846950591,0.007047233261360919,-0.024059186408098787
2019-06-28,0.1095007210601795,0.005146394659734321,0.001286713162709896,0.0027100317696175935,-0.0006772903661543817,-0.04677621905139906
2019-07-01,-0.14702574743953378,0.009078205040355725,0.013494786708874829,-0.019369383559800002,-0.0023384640404879864,-0.06763922475131423
2019-07-02,0.020650116774459715,0.0026039826827950474,0.003962876054019793,0.021359735486276676,0.007713007013715467,-0.08036984926859081
2019-07-03,0.1073529339969792,0.00799541809328641,0.007525784375876476,0.001649060899963084,0.007128934578701562,-0.027842273925349992
2019-07-05,-0.0821659914731302,-0.001138200658826083,-0.0020371101539410352,-0.011150231525253074,-0.01326269658342416,0.056483695734640404
2019-07-08,0.11909667216779174,-0.005494661676674117,-0.007013781058646695,-0.006432617734537516,0.0013589094535135793,0.0512048432868184
2019-07-09,0.023429552014133215,0.0012467990208715474,0.005007635072051375,0.0035037454291328984,-0.000376724315283572,0.009312329089232074
2019-07-10,-0.03318800918078746,0.004777861294626318,0.009965200437308752,0.015787490178783115,-0.005506552465442627,-0.0752306890090424
2019-07-11,-0.06563153479411477,0.002344179682561176,-0.0007268581989902101,-0.008443584154164463,-0.013350844291473818,-0.007674553326533884
2019-07-12,0.04026215537942113,0.004477063996403574,0.005768691294369521,0.006254723814186791,0.0011532460241219233,-0.041763337131312306
2019-07-15,-0.07793648865207603,0.00033254626221035366,0.003203489571467877,0.0,0.005759587898765073,0.023405968831091695
2019-07-16,-0.13009972955850602,-0.0032253456718904783,-0.005150588418734836,-0.008462554430785363,-0.0029777776543800094,0.014195532111145992
2019-07-17,0.022807481217359316,-0.0068049630284909846,-0.004918449230655764,0.01646531748539748,0.010797872085955174,0.0863142021761425
2019-07-18,0.10034036323545137,0.003660953623417784,0.001144652206729324,0.014117951186161548,7.565636666329034e-05,-0.03149610061898722
2019-07-19,-0.012726782329064878,-0.005554929694714161,-0.007327826081567679,-0.014727392803034478,-0.002348419173503702,0.0679970505876657
2019-07-22,-0.017816992118492525,0.0024568803340838663,0.007957936135737587,-0.00014876383044060137,0.0018981252817911187,-0.06366782618945466
2019-07-23,-0.04276653919461193,0.007149936263600276,0.006544227523908486,-0.005652618252780628,-0.0054570978418451155,-0.0679970505876657
2019-07-24,-0.00897322315406024,0.004699176334527655,0.0070175798444256365,0.005086339018351538,0.004344256942629077,-0.04282315436599449
2019-07-25,0.01018311979244002,-0.00477699132409215,-0.009479528264923931,-0.007070008058076338,-0.004780234575117559,0.05550953547921389
2019-07-26,-0.004190753523789725,0.0066998115769534294,0.010294818735188338,0.001648937368628589,0.002363316662040038,-0.04552589749812441
2019-07-29,-0.035577243964223126,-0.0018209923451395493,-0.0034308328147191203,0.006659678193005059,0.00030417706239704856,0.05509869117609689
2019-07-30,0.00927376519668166,-0.002454992825962954,-0.004316049419831991,0.003344956160896251,0.0024337400154232913,0.08651595193124617
2019-07-31,0.04977443590680308,-0.010940117258814719,-0.01383002177348247,-0.013112972808538625,0.008040692679148309,0.15638460003383692
2019-08-01,0.031137477786643997,-0.008707874872609822,-0.004971377472251959,0.02402219643390402,0.0198599656218148,0.10856078839281391
2019-08-02,0.01139515690337567,-0.0075297694892956235,-0.014725089410451253,-0.0038120684590625675,0.009241935372909404,-0.014549536467340696
2019-08-05,0.12240512632013179,-0.03007256429335925,-0.035335033812121996,0.013981852270352535,0.017287821613004573,0.39636566157376074
2019-08-06,-0.027739623222421628,0.014022859150358835,0.013999141196920917,0.008128386897085838,0.007992749227384133,-0.17974786697302148
2019-08-07,0.040407124768529146,0.000590499441797121,0.005401822002234713,0.015189695160357397,0.0003575765681849141,-0.03371345079839605
2019-08-08,0.002046436150864972,0.019619937149157662,0.021764228679901798,0.005034686098196239,0.0021420344117024648,-0.13237557485912876
2019-08-09,-0.008646764326666112,-0.006811317077573209,-0.009402407060124185,-0.0033161732510501585,-0.0019954849111885054,0.0626847708756546
2019-08-12,-0.04048915810609244,-0.012173378676454849,-0.011474982852704652,0.009698502260031328,0.02085027080914248,0.17362275784366643
2019-08-13,-0.0427657511938907,0.015551790236392637,0.021914825977678243,-0.005959518154781018,-0.003427890888059837,-0.16927452200071014
2019-08-14,-0.07747238810719048,-0.02956758114453495,-0.029884822517669996,0.0068415942238304606,0.022530121135027725,0.26141551392919693
2019-08-15,0.025850521886593203,0.0026414856228509365,-0.00114888140657321,0.0066549698650941735,0.011119554144801702,-0.041628962009672255
2019-08-16,0.006089578552864294,0.014754868625741713,0.016050233363320787,-0.006402214255277094,-0.008010596148978477,-0.12795094205730695
2019-08-19,0.052216806360872114,0.012048017952963841,0.015904701401960875,-0.011696303286335752,-0.014302230714976494,-0.08608555558733899
2019-08-20,-0.013999682770833077,-0.0076628702458407805,-0.00774802841855049,0.007795380191040424,0.010344109828619441,0.036729909363647284
2019-08-21,-0.0580850243386819,0.008135788649860531,0.00887813706237428,-0.003164420123660472,-0.006665424928112507,-0.09714284624372205
2019-08-22,-0.0006898901425563819,-0.000307891487667189,-0.0032337729123537162,-0.0025395077899371676,-0.0066410172563842185,0.05569620910238671
2019-08-23,0.027332707357414776,-0.025687492160164416,-0.03164546471916674,0.019589847185487175,0.01643473336585899,0.19124703091688589
2019-08-26,-0.0035688563333594603,0.011058499242662112,0.015104010797760914,0.00013875475282665306,-0.0040422500398614725,-0.02767997590232607
2019-08-27,-0.017869397686568034,-0.003923719779770352,-0.002110162545918115,0.00957073902105865,0.015409322881346998,0.051242224987373186
2019-08-28,-0.0423226300562074,0.007041926603818416,0.0035785426753498495,-0.002816539407023644,0.0012869027106214848,-0.04726731214751967
2019-08-29,-0.02503712008044423,0.012772673692462044,0.01528974150783724,-0.007164566813753437,-0.0037890723890182665,-0.07596905383582586
2019-08-30,0.009250450148868827,-0.00044418803351664593,-0.002394325501863692,-0.0025672712303844714,0.0002718805717505379,0.06152127701904009
2019-09-03,0.10682930204211627,-0.005847164468490207,-0.00970850730936823,0.013913043478260834,0.001292629641737042,0.035827203455014445
2019-09-04,-0.002734199230500889,0.011349824519429452,0.014435840973229475,0.006243592878966586,0.0014947735928170225,-0.11851474780213478
2019-09-05,-0.0017896052830365106,0.012855890887639054,0.018318895012344072,-0.024001119491110168,-0.01811074314368566,-0.061165578223251416
2019-09-06,-0.021013642005712985,0.0007723059375630559,-0.0009909658206743721,-0.008523132778435305,0.007115059629900333,-0.07805780098535009
2019-09-09,-0.001770268432231492,0.0005035109683739769,-0.0020874659346953317,-0.0037344897557421985,-0.017765327960925115,0.018000030517578036
2019-09-10,-0.02119008819226731,-0.00023474018761082682,-0.002876623209761342,-0.008557937047107611,-0.01752762016382392,-0.004584194263265062
2019-09-11,0.006168113381149309,0.007110749123995896,0.009389111439673803,0.006063676329913781,-0.0017775680850897757,-0.038815799999435296
2019-09-12,0.022769346729666573,0.003463741374277518,0.004157698393353559,0.002056360685188219,-0.006550278850173896,-0.02669400402553701
2019-09-13,-0.004762677568511009,-0.000663904101643964,-0.003571002462731898,-0.008279177519783909,-0.02135889726356499,-0.03375530850189912
2019-09-16,-0.008083832899747345,-0.0030883406189029516,-0.0044667236069121374,0.008348294532203537,0.01274313728238119,0.06768561285791774
2019-09-17,-0.003456475294145833,0.002531386432917282,0.004799895153156042,0.0019813102518067005,0.005423765930519631,-0.015678288664927487
2019-09-18,-0.004201080893668663,0.0005981137346120491,-0.0004154027235294677,-0.006285306153149484,0.00424372902964687,-0.033933503141082344
2019-09-19,0.0066841865263698175,-6.634252003245855e-05,0.001662053659102991,0.004050828215713009,0.003008360578540925,0.0071684862248750925
2019-09-20,-0.008257355384274523,-0.004724439680039438,-0.010578680757173164,0.011820485442912032,0.013211001117272803,0.09039142255149901
2019-09-23,-0.04442479911521202,-0.00023472645344568832,0.0004414877119254257,0.005596383832365381,-0.00021184713880340045,-0.026762392661836998
2019-09-24,-0.1139604136496184,-0.00784730014741264,-0.01328110007036698,0.005286918308423871,0.012054010989705377,0.1435277942018136
2019-09-25,-0.015494717619790932,0.005914939988080459,0.011224964933855386,-0.018545379403875573,-0.014626730806520216,-0.0639295746444557
2019-09-26,-0.043363460239767226,-0.00208331001776052,-0.0036823125366834963,-0.0002820880237280887,0.0064318678477257585,0.00689220904851684
2019-09-27,0.01636635757099958,-0.005387087528985868,-0.012409084975458007,-0.005148429100112373,0.002458131422152121,0.0715618942357954
2019-09-30,0.005092492328302445,0.004637794724053013,0.009517310807390933,-0.015525325955691782,0.002452949875439092,-0.056910544791736295
2019-10-01,0.005957196587605074,-0.011894560046163849,-0.00815648346521003,0.005472814807717441,0.003010529191460165,0.14285712607891754
2019-10-02,0.005964758065035269,-0.017664972126598122,-0.01719452895882312,0.011673634369571584,0.0024426452803703036,0.10775862379037249
2019-10-03,-0.015852393543526522,0.008193185811839587,0.010975385496351908,0.004530648552570016,0.009122264821775472,-0.07003884553082507
2019-10-04,-0.006543920762636879,0.013531942697074362,0.014725779567237973,0.0,0.007383549532263167,-0.10878660211342595
2019-10-07,0.004835959852821814,-0.004314520756380169,-0.0030192981449137513,-0.008527071931805796,-0.00828827029780188,0.04812204523281527
2019-10-08,-0.0020422766908295698,-0.015524938868092253,-0.014980701659148221,0.00874259511120079,0.0026931707977537744,0.13549831990998507
2019-10-09,0.0445943248463081,0.009496676827768002,0.00976168965973745,0.0009160434363713055,-0.005648388412183847,-0.08086791131506321
2019-10-10,-0.0010780457889411066,0.006763322076531075,0.007744449850489943,-0.008729359144837523,-0.01489414882727369,-0.05740341898393164
2019-10-11,-0.030829512579344187,0.01036687702705752,0.012879146186067336,-0.005539370732339566,-0.012377434142747612,-0.11326122969167607
2019-10-14,0.0063603982360338485,-0.0011133075454180519,-0.0001046157724218233,0.003999125640758994,0.007263470406915884,-0.06482671590678579
2019-10-15,-0.020217757684260373,0.009899972579654248,0.012716381131219201,-0.006970593591764218,-0.012088277007069714,-0.07069318836959781
2019-10-16,-0.019236463643636514,-0.001606128774875426,-0.002480412766397766,0.0057302703836425994,0.0012165659187302058,0.01033975950643895
2019-10-17,0.007006410585064904,0.002949080887078459,0.002641853084856649,0.0014243781997433924,-0.0024300428259592666,0.008040910396444056
2019-10-18,-0.016128460830725944,-0.0043773382977192465,-0.009609731818978173,-0.0010667370445437419,0.0,0.03335750829727768
2019-10-21,0.03392777410234182,0.006779487246655558,0.00886841533447158,-0.004770136663166058,-0.007522664587227723,-0.01754385964912286
2019-10-22,-0.020078018662405217,-0.0032666536869323526,-0.007963070493423707,0.002932997222985456,0.005847435339546347,0.03285714558192665
2019-10-23,-0.06975948008239763,0.0029095329680870474,0.0019283401825318514,0.0023537934253772264,0.0010041326557128638,-0.031120318677592684
2019-10-24,-0.002818899590176671,0.0016335332055452678,0.009728476681241549,0.007115918371069618,-0.002007048536403544,-0.02141328949562815
2019-10-25,0.15576341830619223,0.004095318475921372,0.007986183639057787,0.0023316740895991117,-0.004885290889205973,-0.07731585825436416
2019-10-28,0.06875289858316291,0.005636235309393944,0.009865071432794803,-0.008600036764796815,-0.009096050791309707,0.03636364047577878
2019-10-29,0.018532445072405368,-0.0002966219485599497,-0.007744318154894847,-0.0027730332148816483,0.0006559667301240246,0.0068650003771777435
2019-10-30,-0.02354351875791383,0.003067408419372475,0.004845983740527027,0.005490226541611021,0.014634266544875985,-0.06590908319168498
2019-10-31,-0.000667150118005666,-0.0026634403458832834,0.00045688001534971434,0.009998499224238566,0.013489402561983832,0.07218169901295868
2019-11-01,0.006687207250242189,0.00926391470024357,0.009082704054890645,0.000912763389017579,-0.003077510916313808,-0.06959153235332838
2019-11-04,0.016359583527840504,0.004017691116724231,0.006185052085992959,-0.002876007780098777,-0.013161681389832092,0.04308940851646659
2019-11-05,-0.007445856545328811,-0.0011058675231347959,0.0005494567364474623,-0.016180006273117664,-0.01124673883412508,0.021044462928233587
2019-11-06,0.001964408386214478,0.0002283657678836537,-0.002247422185275516,0.004290245395359271,0.00605162264126502,-0.036641258162833146
2019-11-07,-0.009968973060571096,0.003516402373190841,0.003353903858939411,-0.015521486102876958,-0.01811851804344855,0.008716296170740545
2019-11-08,-0.049924746967407674,0.0024660771109528135,0.003991233615378453,-0.006364394703267995,-0.004207334354187631,-0.051846022870803976
2019-11-11,-0.005348485026615446,-0.001909832429819347,-0.0013416814331791427,-0.002401934875323586,0.0006671227591643625,0.05136701750083272
2019-11-12,0.006608292284490114,0.002107814297610533,0.002886259929365087,0.0026995120660886496,0.004593104946349014,-0.0007879649754265472
2019-11-13,-0.0008393486468396549,0.0003234881583300542,0.00024808314241586693,0.004002059820052306,0.006488393234183043,0.025236568385065494
2019-11-14,-0.011372046022572246,0.0014560423143725743,-0.000793495993321458,0.004203521155341949,0.010329911865361252,0.0038461685180664062
2019-11-15,-0.024816282533459022,0.007236476711870221,0.007347380041540896,-0.0025259154943226836,-0.0010880866227297448,-0.07662835137044455
2019-11-18,-0.021515099243312852,0.0007375482751512674,0.0007883339401650868,0.0029664162029099383,0.0018150947100736836,0.03402488306409768
2019-11-19,-0.012412693864603863,-0.00028833219664603504,0.0014773622578676537,0.0005050304911609071,0.0083326447312011,0.032102698018110276
2019-11-20,-0.021797985575073398,-0.0037190912090373507,-0.005998962604773284,0.0005046655432805469,0.010347508694984464,-0.006220834046796964
2019-11-21,-0.04790148568918984,-0.001608445285037008,-0.0022260110398656385,-0.005477043362080103,-0.006258580093734811,0.02738657189223237
2019-11-22,-0.045294215208040334,0.0022235926147577967,0.0006446933360184648,-0.0018840181654777854,0.0012883786549304777,-0.06016755178731126
2019-11-25,-0.020618412514267992,0.007750051690453619,0.011841506832137583,-0.004791662812458131,0.002930073896299623,-0.0380875414276427
2019-11-26,0.010108585540066883,0.002265800128385287,0.0019095925226209065,0.004814733391401704,0.005844346735193406,-0.027801173284553227
2019-11-27,0.04340210227484875,0.004457940240077063,0.006988907675010481,-0.005299919828770094,-0.0029046041041330684,0.018197577022630362
2019-11-29,0.030481987925066623,-0.0037090205696592715,-0.004562039087767755,0.006203971517371398,-0.0021323230935208493,0.0740425434518368
2019-12-02,-0.05659600326567549,-0.00849456599112186,-0.010239177703103342,-0.0005078146228696401,-0.013332820911149512,0.1814580017923335
2019-12-03,-0.00025167664392733435,-0.006706767862141749,-0.007832244073426642,0.00957984896245434,0.020967458418481577,0.07042254872437903
2019-12-04,-0.00930457458407874,0.006170243059971048,0.005064288384445392,-0.0013658431498282386,-0.009984714709255549,-0.07268169452628592
2019-12-05,0.02706453543109233,0.001798024927139208,0.001975939286427808,0.0005758841931267078,-0.004864900522699167,-0.0189189006326147
2019-12-06,0.013249850827323328,0.009133898172584143,0.0106986912374043,-0.009928092682104261,-0.005534242105938558,-0.061983508528291376
2019-12-09,-0.019358319085050923,-0.003144015327715799,-0.004536650689971666,-0.00029060665275248976,0.0021680674390534005,0.16446400807192196
2019-12-10,-0.01658984648851669,-0.0011151951339589683,-0.0008331498304309237,0.0028347098739491816,7.251245458061994e-05,-0.011349265788015539
2019-12-11,-0.008339019679128423,0.0028386382305647384,0.005296916751808656,0.00688553265084435,0.007860766455718204,-0.04400513524415284
2019-12-12,0.0035617998454939848,0.008619038457381656,0.00746413021088177,-0.003527249493396556,-0.016457585056655066,-0.07004671159221365
2019-12-13,0.0036655806660659263,0.0005990936043707151,0.0032929156672125703,0.004478873140076667,0.011567607767054788,-0.09397413955347922
2019-12-16,-0.04638497011817455,0.006870554615978852,0.010038934059314109,-7.198680622300113e-05,-0.008990246189004791,-0.03879649775758176
2019-12-17,-0.04211556503438585,0.00021871554269314863,0.0005732247188754425,-0.00021575647831872935,-0.0013789581924582572,0.012355816662952268
2019-12-18,0.0958190117115909,6.274721190768773e-05,0.0007643922202802411,7.200752478642158e-05,-0.00821237692397836,0.023596416822877053
2019-12-19,-0.010163597776861044,0.004098946565679551,0.006251461435665906,0.002589559770448613,0.0015999017361858492,-0.00635929445081318
2019-12-20,0.0022174806840695727,0.004384374775240341,0.004031154171761919,0.0010044438566789715,0.0013186826559024034,0.0008000183105467684
2019-12-23,0.01895213896841863,0.0015276968782163003,0.0026412949652905304,0.003081942822633188,-0.0014632508528316102,0.00799355922988254
2019-12-24,-0.004499437644974069,3.105973631534198e-05,0.0005193024736946938,0.009431992518777577,0.0028581052920824135,0.004758161875518141
2019-12-26,-0.011412094491624947,0.0053233483898893486,0.00882408294903958,0.007857298625196796,0.002411520010701107,-0.0015785680854961681
2019-12-27,0.007061999794407026,-0.0002479838611439966,-0.000842059236978776,-0.0003511943393945671,0.0010936307309428184,0.061660135191065724
2019-12-30,0.00039872469717394665,-0.005513202453450772,-0.006553658547251762,0.0021077991140190377,-0.00364105025158612,0.10349957990043723
2019-12-31,-0.013628967865274233,0.002429242840970236,0.001884826379153104,0.0018929327941459295,-0.009793679327669724,-0.07017543746753518
2020-01-02,-0.028932513856617992,0.009352133784808148,0.016697015986192554,0.0073478173310379535,0.011292816832284336,-0.09506527513262342
2020-01-03,0.05145166344511276,-0.00757257610320472,-0.009159704041012295,0.013268521727000326,0.015400087471419521,0.12429832859211132
2020-01-06,0.057772858620307455,0.003815074940640928,0.006443070525959271,0.010489502076611812,-0.005678194527385827,-0.01212553999595678
2020-01-07,0.050773846435889336,-0.0028115092915944606,-0.00013904392282204636,0.003935150508558971,-0.004915683594419518,-0.004332160141813035
2020-01-08,-0.010268587535248286,0.00532941695412914,0.00751624792194816,-0.007501524641443713,-0.006610617282725939,-0.024655558631502927
2020-01-09,-0.024850855645838776,0.006780389291426214,0.008473312637966579,-0.005651653463197515,0.003509676743779888,-0.0676579821796911
2020-01-10,0.03648690303834745,-0.002877437696770735,-0.0025570031454623665,0.006026192495848015,0.008891017382393063,0.0015949328408704222
2020-01-13,-0.0027379801487620314,0.0068774057480256445,0.011536881611178051,-0.007419483430124996,-0.003033874432585515,-0.01910833732279482
2020-01-14,0.08393344808628167,-0.0015248947723581763,-0.003937561967800707,-0.0008915435213457945,0.0051440370480293485,0.005681870960430491
2020-01-15,-0.002350980919464507,0.0022601110189435225,0.00040878050745751793,0.005834242779070742,0.006631710657614809,0.0024212858869983034
2020-01-16,-0.009449813541879348,0.00831850903199327,0.009583647176575782,-0.0015695082440052577,-0.003150551282061431,-0.008051560455349493
2020-01-17,0.02352785247141642,0.0031122583135954063,0.004948703695208723,0.0018454259925253513,-0.008548397454653633,-0.017857087565263163
2020-01-21,-0.02051100610444656,-0.0019580625246661265,-0.0004478214316648854,0.0010915790702048511,0.010505787417680601,0.06198346912026298
2020-01-22,-0.007434180055016837,0.00012096420904517124,0.002642465060235466,0.0003406555206315609,0.0035140750536788445,0.004669219000873026
2020-01-23,-0.03160514587505292,0.0011467475071957889,0.0032160833447436588,0.002248122121045526,0.007001363846402819,0.005422129794854458
2020-01-24,0.004629616722148233,-0.0088931861867666,-0.008415533869153946,0.005845572586286041,0.008088413720303,0.12172580378289855
2020-01-27,0.05498648550986496,-0.016029660523745548,-0.020655228675804604,0.006825312844883635,0.015554698129999878,0.25206037203646203
2020-01-28,0.05036808165148732,0.010479367112751437,0.015359903638710204,-0.008926785569624784,-0.007831569120792303,-0.10696647858234709
2020-01-29,-0.004483577295090302,-0.0008260130720025849,0.0016257214326540481,0.005417872354848807,0.009779233541792776,0.006756676803653994
2020-01-30,0.02064730312029206,0.0032452812472867354,0.0035616737182515568,6.732120695107646e-05,0.0001388737048957367,-0.054911510191921864
2020-01-31,-0.016664631518128026,-0.018158006400702642,-0.01585812402553799,0.005792420039608892,0.009129359165786166,0.216268588183969
2020-02-03,-0.006096747113455092,0.007428683102100431,0.015109398681274921,-0.006495688802043542,-0.0008099072754815806,-0.046178388120336256
2020-02-04,-0.012111511652417528,0.015241558466241978,0.022888692142373657,-0.01300895070524588,-0.013467142170402124,-0.106844749563629
2020-02-05,0.047104093835473426,0.011547847426664148,0.003297087275921484,0.0012293105482077404,-0.010934757301657827,-0.05607474525307843
2020-02-06,0.012105773319493585,0.0033650892509056174,0.00863203160707493,0.005388399719282511,0.0045066536118736344,-0.012541226743722711
2020-02-07,0.006797836503646293,-0.00532973653556601,-0.00430088297138409,0.002645857569860688,0.012478389129454426,0.03409092430356764
2020-02-10,0.006193172676109748,0.0074650489353706995,0.012085688457532218,0.0025712490701368385,0.0027694314257225017,-0.02779575292524339
2020-02-11,0.03567402510806805,0.0017333163673001195,0.00017220863823919075,-0.0034419552752806837,-0.005040045438059693,0.009308533489218451
2020-02-12,0.011541499979814906,0.006442627857177863,0.00974111323030713,-0.0008127480224853212,-0.005066279271629837,-0.09486169335363148
2020-02-13,-0.010814856987217514,-0.0010671457428376163,-0.0012805404885180005,0.00569345014846645,0.0038360503027479176,0.02983987294337087
2020-02-14,0.009568503349817403,0.0016020809868875219,0.0028636105652044552,0.004178427664004669,0.004377790837659212,-0.03321550007245233
2020-02-18,-0.016497110167073448,-0.0025770404793498125,0.0003834821297530322,0.012818816524224008,0.006848663038157676,0.08406429772484536
2020-02-19,-0.05014884351152826,0.004781423617428837,0.009585536684018292,0.005831221275388376,-6.853845633925104e-05,-0.030343884799743148
2020-02-20,-0.0025859164113087862,-0.004108051603025742,-0.009283599430890965,0.004084659090851872,0.00783296989006188,0.08205843503372323
2020-02-21,0.008114275736580634,-0.010298731678836659,-0.019209545527961502,0.015025216397275942,0.009341041098395397,0.09768634081610128
2020-02-24,-0.0037440583225021307,-0.03316496998172802,-0.03856324423486568,0.008985128746405113,0.014928100468027505,0.46545672122078363
2020-02-25,-0.031965195740564556,-0.030302618092123645,-0.027191833974999136,-0.017874260693127697,0.005324130366804125,0.11266478695419302
2020-02-26,-0.05579095174048332,-0.0036775969421000143,0.005153794873318018,0.004370503298157802,-0.005295934123118684,-0.010412959122266252
2020-02-27,-0.0040846016176541156,-0.04491217412725501,-0.05007369533080541,0.00019483522153040944,0.010849147024059924,0.4208998768597427
2020-02-28,-0.012754184897438958,-0.004201221553584378,0.0007780333580358345,-0.03649347478693177,0.02258344456445216,0.024259467993900774
2020-03-02,0.022740370745470306,0.04330666483442225,0.0516034799253422,0.005526297603759334,-0.007357572171980631,-0.16679138218910172
2020-03-03,-0.009231886844013548,-0.02863289727546514,-0.0320673748480198,0.031434333360162325,0.015525014308741314,0.10173553896356191
2020-03-04,-0.0037028710724991143,0.04203332245734326,0.04172239375057485,0.0017545277375516921,-0.01061791360074471,-0.13117870623950623
2020-03-05,0.03695117168590434,-0.033241798489006213,-0.03038214302946407,0.021600945458936538,0.024891844135679575,0.23851201048320303
2020-03-06,0.004822595830994203,-0.016531076338078154,-0.016872241494212736,0.00038096105467699815,0.05204324527042559,0.05855627858074386
2020-03-09,-0.13142179612303695,-0.07809458089511523,-0.06946435776432236,0.0016502348575044845,0.027103578387065008,0.29852171835290564
2020-03-10,-0.0017561412564156553,0.051744784308066505,0.05445045235165202,-0.02110133630677158,-0.05125807404225613,-0.13147263987842284
2020-03-11,0.00021501160000858555,-0.04874807872433218,-0.04355499648521066,-0.0035603512879937016,-0.036798061148700545,0.13953493436099507
2020-03-12,-0.37169538560117077,-0.09567726627526241,-0.0916913738170495,-0.0398882588306293,0.006196845195441503,0.40018551176604067
2020-03-13,0.11928067241286833,0.0854859483868966,0.0847055480862926,-0.03051623730778741,-0.02260285139423457,-0.2337352471753954
2020-03-16,-0.09871602650829281,-0.10942337902697175,-0.11978768620139768,-0.011446115323986206,0.06476536651288511,0.4298806817087415
2020-03-17,0.04210793838741411,0.053991900195986764,0.07584134713177759,0.0135554799295321,-0.066682792744993,-0.08199296866753814
2020-03-18,0.0024512036855608432,-0.05063265825462038,-0.030416080041364202,-0.019921988429849713,-0.05641273085222065,0.00711359847295534
2020-03-19,0.18187755736638023,0.0021249270155749844,0.006002372653660437,-0.018905499074657994,0.027225301348366315,-0.05820794147650399
2020-03-20,0.001225199953657663,-0.04309435203016154,-0.03917605890182485,0.014995707221804766,0.07519538258068681,-0.0827777650621202
2020-03-23,0.03509346678536862,-0.025568375024266676,0.0007221882842991523,0.044179590424960224,0.04120982450246169,-0.06738341461611286
2020-03-24,0.04963733427047878,0.09060330444274856,0.07743740144971123,0.048530353360380474,-0.01861422544923319,0.0012988799506288284
2020-03-25,-0.007979552925792555,0.014970354966981958,-0.007405130582096797,-0.01368964099270864,-0.0022716212752648124,0.03697101770212585
2020-03-26,0.005295181540467819,0.058389871866222354,0.05266056252861673,0.012822223412266576,0.00492194296168269,-0.0461298002774857
2020-03-27,-0.03672214358569481,-0.0297857057207368,-0.03439282339250771,-0.006460489804721581,0.026692435307752893,0.07442624451684177
2020-03-30,-0.006175856011257808,0.032475716057396964,0.03637318136651113,0.004400644787818209,-0.008228297806949891,-0.1290814611885116
2020-03-31,0.0013690436954885143,-0.014905562738611877,-0.008539613888051356,-0.03184668568859872,-0.00811740161750818,-0.06201823409195106
2020-04-01,0.026112924097839496,-0.0450046087781405,-0.042489615771944655,0.009456223354449733,0.01401090330348187,0.06574524463152964
2020-04-02,0.028281287899985408,0.023075203714305825,0.020295214624375335,0.0163934225377782,0.006345941097060992,-0.10778130700777788
2020-04-03,-0.008866740365705117,-0.014454095075816631,-0.014192933864894841,0.0049374590529023266,0.002379581620644,-0.0807307134682792
2020-04-06,0.07995887157752324,0.06716600757225444,0.07149498402423493,0.027710521817620126,-0.0026118927507413625,-0.033333281709936435
2020-04-07,-0.013114627068677276,0.0010193486485916559,-0.0004072117981416268,-0.005354484768834378,-0.010472525985683268,0.032272303941305536
2020-04-08,0.02197254365887824,0.033568911691258085,0.02123230945902188,-0.008907968786563414,-0.0072757704198708195,-0.07173452321390283
2020-04-09,-0.004364445986660415,0.015217036424689745,0.0014458049992367439,0.026123560972308058,0.0018176156180766956,-0.03875433366344183
2020-04-13,-0.06259191521262342,-0.009130119319966545,0.010803340703210207,0.017140343933811808,-0.009130115811163408,-0.011999040604053213
2020-04-14,-0.0003812781513637953,0.02949307487117858,0.04349124985263053,0.007868093580683189,-0.00024422025147397,-0.08282730141057637
2020-04-15,-0.029275847531044064,-0.021248261550121383,-0.011469932694882723,-0.005101958505246418,0.026488731341986815,0.08156784872784995
2020-04-16,0.07146740203164859,0.004824205038510332,0.018240072181739952,-0.0008649946516461338,0.011357330524944587,-0.01787462143753371
2020-04-17,-0.002897315751431484,0.02701540445948436,0.009566125147345339,-0.019417471147623044,-0.013404541438899464,-0.048865595977249154
2020-04-20,-0.0301889095606368,-0.017617719113719232,-0.01184442526914442,0.007126124562213176,0.008044667838118968,0.14888597845331075
2020-04-21,-0.00023761461322069355,-0.030363730021692237,-0.036899634829145045,-0.006825274631933054,0.012591891884848883,0.03604832193362939
2020-04-22,0.034429236680519004,0.02219480504994742,0.02967478837844828,0.019670860003665247,-0.0102164941113293,-0.07553403031714068
2020-04-23,0.043910071328696176,-7.161287214241252e-05,-0.002133094044561412,0.00995486708021609,0.005308204559961949,-0.014292484055828392
2020-04-24,0.016309658285092787,0.013938795053670905,0.015770216206768106,-0.004285520778353313,0.002346373832430304,-0.13170615326877966
2020-04-27,0.032406755066283655,0.01441851728084842,0.008043636471105398,-0.006640444141094992,-0.018613301211306332,-0.07347618611815432
2020-04-28,0.001469741643032707,-0.004598677816353924,-0.01883472446821788,-0.004456556273727319,0.011511302715403682,0.00841089731440281
2020-04-29,0.1273180520232342,0.02617828431003666,0.03546116456442849,0.005533445721913166,-0.005188804511743972,-0.06970509901281496
2020-04-30,-0.01618949646720247,-0.009310401625012288,-0.0004110771216174758,-0.018116569301821484,-0.011677104972445451,0.0934999047852525
2020-05-01,0.023816089558295506,-0.02647334463965756,-0.028185158646620412,0.00617125761149806,0.008563356922276277,0.08901894480228245
2020-05-04,0.005402025508946862,0.002758164828184473,0.011657468698314855,0.003504803873276119,-0.004703835416548396,-0.03280444880494526
2020-05-05,0.010144678859214995,0.009239332588624638,0.011337040648596863,0.004241037483481591,-0.006400441232646492,-0.06561024548960048
2020-05-06,0.029511199738283755,-0.006778719570281755,0.006156719979611314,-0.012855591040204617,-0.016136150579038055,0.015174005125609291
2020-05-07,0.07366214135771076,0.012066613326107811,0.012876640935749473,0.015350754880484763,0.016706244318453578,-0.07854626265309517
2020-05-08,-0.010938284289408906,0.016546295716731718,0.013704847370988649,-0.006010293229887331,-0.013001254602906576,-0.11005092026233321
2020-05-11,-0.12607052959204834,0.00020509540293800477,0.008938492452453373,-0.006233636774804485,-0.0078054244987524335,-0.01465331858898733
2020-05-12,0.023562712138033515,-0.01993136743841606,-0.020936810440374543,0.0038890673962401756,0.010263801168067577,0.1984041088593127
2020-05-13,0.05287193516704303,-0.01768600017578481,-0.012515881717534372,0.00962264814750724,0.006996552446075999,0.0677965436349861
2020-05-14,0.05002535168149658,0.011967294980482768,0.011352505737012075,0.008850059782004704,0.009787605329300009,-0.07568022282676867
2020-05-15,-0.04166180495059313,0.0045969713576377025,0.006491330469902135,0.0056438144895878395,-0.0025724450190499626,-0.022079153855476208
2020-05-18,0.04270685088913684,0.0304600049156607,0.018632046848844785,-0.007564144999551381,-0.021954471141795384,-0.08121668868481102
2020-05-19,0.00025321252090737545,-0.010271157705946443,-0.0025061998504727345,0.00965020617044443,0.0037411961679909567,0.04197957275129127
2020-05-20,-0.02117954918100662,0.016987958441123663,0.01996813622696214,0.0023742810342795018,0.0029938841193899446,-0.08319688366854172
2020-05-21,-0.04633209978369557,-0.0069042274815895865,-0.010890698960167589,-0.0145763375976391,0.002497942128381281,0.055019683033953104
2020-05-22,0.01110086707949609,0.0018994379230434788,0.0034517839244840864,0.005916836449104457,0.006016106042201486,-0.04639352547841158
2020-05-26,-0.03784606526520007,0.01232057398749098,-0.0026996022591050384,-0.014214859559966153,-0.013410026428025912,-0.005326691027807584
2020-05-27,0.039158209254817056,0.01487860869751012,0.005457623040540982,0.0018024320171106112,-0.0018369550751274888,-0.013923576810481397
2020-05-28,0.037548495632866885,-0.0018446498246694754,-0.0013026456804435815,0.003350344766475555,-0.0036805588607561335,0.03511945271111783
2020-05-29,-0.009093976247976698,0.004455577376121234,0.014652874745118005,0.0073584122707384125,0.007141777824858364,-0.037775443089960836
2020-06-01,0.07714111282381775,0.004041963535049042,0.0029997226817111144,0.004603768848692402,-0.006732535422313224,0.02617227580385806
2020-06-02,-0.06269774820259899,0.008279923054776317,0.006707285873995827,-0.0064768271714218395,-0.0036360368643201246,-0.0492383780442075
2020-06-03,0.013317594606312655,0.01330816492180742,0.004498815921090582,-0.01845018380928054,-0.013297056308173238,-0.04396424360906748
2020-06-04,0.014903505382374727,-0.0026264421762643986,-0.007013378995348485,0.010526269495827023,-0.014478842399968439,0.005845659369534406
2020-06-05,-0.013785177382049874,0.02562911869825668,0.019827329482317912,-0.02027532426346157,-0.007123579190437823,-0.049980590270097824
2020-06-08,0.010962256552307315,0.012087642469354787,0.007759838783716777,0.010822142733466267,0.0038434700440290737,0.0526100727608374
2020-06-09,0.0024777121338637187,-0.007456399209212261,0.007245101808573962,0.00964183116931494,0.011358719712993626,0.06819063406817372
2020-06-10,0.007594610876882513,-0.005580149976452398,0.01200149566560893,0.014324773012967418,0.014827099245773967,0.0
2020-06-11,-0.05555301055894357,-0.05764883037921431,-0.0495492261057624,-0.007214084989501601,0.01890119928605527,0.47950675977645907
2020-06-12,0.01706353064227928,0.011975705792694136,0.007948053319369652,0.0014163170663434865,-0.009641118925616032,-0.11522433580407998
2020-06-15,-0.0031792108758780246,0.00933556591855944,0.012167229935199586,-0.0017832572551969017,0.0005541202435284109,-0.046827337754605125
2020-06-16,0.009239764861221245,0.019247806772455522,0.017172915495210495,-0.0004928345355281749,-0.015333376128173315,-0.021221026876537152
2020-06-17,-0.006056760681470541,-0.004154034611034807,0.003170581500547609,0.0019106166939522051,0.0041273672726722666,-0.005939915625735037
2020-06-18,-0.007216479234543938,0.00038532159668802635,0.0027090520159778197,-0.001968455156468263,0.010588187774086766,-0.01583515311216377
2020-06-19,-0.013156009327927487,-0.005715145857119741,-0.00016357087178553442,0.011032995719469696,0.0008010701710372548,0.06618094705711841
2020-06-22,0.03883489429163145,0.0064150797536526305,0.011992502066317634,0.006462217682632332,0.0001233078034661439,-0.095387203189226
2020-06-23,-0.0019753474772544743,0.0046037586249128015,0.008510905138548797,0.008419646377624934,-0.006834335579221418,-0.0125904819882533
2020-06-24,-0.03282025643027875,-0.02550862144126409,-0.02061558229119609,-0.0034839130582626776,0.010725420844311051,0.07873762343880286
2020-06-25,-0.005239308190707503,0.010720570874540147,0.009519389673889433,-0.0006027175913517757,0.0028828168764014617,-0.04787230864598202
2020-06-26,-0.010998117562784016,-0.023751683737561535,-0.023614867310010168,0.004463149702982783,0.01070312593666789,0.07790186922526843
2020-06-29,0.003048867569564351,0.014697504942866813,0.010906552966188032,0.0005404803669293301,-0.0031467465474367406,-0.0849409413899711
2020-06-30,-0.005751513982724221,0.012809848991133688,0.019601573680304796,0.004440918278166173,-0.004856464709889985,-0.04247955797046343
2020-07-01,0.00988532488788163,0.00700444728346894,0.011672014816631382,-0.004481089931769877,-0.001941985624143272,-0.05948075740355885
2020-07-02,-0.011368806022981404,0.005507230260706875,0.006786632429592876,0.0021606086958432247,0.0010401222482361305,-0.03284418261683031
2020-07-06,0.02762831537857835,0.015437145391632878,0.024584928459404853,0.005988741319838731,-0.004095763184887691,0.009393071749107529
2020-07-07,-0.01314037643510968,-0.010313392379986186,-0.006889220186958256,0.006310260659329048,0.014056500505315261,0.0533285519913258
2020-07-08,0.019028359994139876,0.00764817891198355,0.01317192457795513,0.006211565862881185,-0.003994903253074944,-0.04587157211929438
2020-07-09,-0.015948231171979632,-0.005692884413285526,0.00842306758309519,-0.0027044004055614135,0.015921603445384624,0.042022803005052234
2020-07-10,9.052022711308894e-05,0.010210403997431339,0.0068275948530058805,-0.0025938951172596036,-0.005024404500629909,-0.06732738543897732
2020-07-13,-0.0037928752084276374,-0.008658712861772222,-0.02057045570935201,0.0012411575864292868,0.0033070365618965702,0.1795528599045837
2020-07-14,-4.331537576462985e-05,0.012959049441656045,0.007078304671940927,0.004663568910189042,0.0014381943226851046,-0.08294496063538004
2020-07-15,-0.005450155524782674,0.009187132652631824,0.002035408881787548,0.0008813320073604025,-0.0046678568710762924,-0.05962060303488104
2020-07-16,-0.006593108913667822,-0.003293242977907118,-0.006822702588201834,-0.009451688651900159,0.004749592255617996,0.008645524824904882
2020-07-17,0.002098616025556055,0.0028989726172445884,0.0011580152428283252,0.008238009985450212,-0.002094065657049504,-0.08285713195800781
2020-07-20,0.0014029413641580835,0.008081361387558772,0.028371053326432305,0.004820170160796611,0.002457785307335092,-0.04750783513258894
2020-07-21,0.02298678850016933,0.0021276517480708357,-0.010420615414666767,0.012050997596656066,0.0005984652671247037,0.015535612524060216
2020-07-22,0.016050921443329758,0.00569207627214996,0.0035228611987190295,0.015202340363078104,0.002989114621776867,-0.020933995755611834
2020-07-23,0.00584848921034431,-0.011931774690411512,-0.02612025111103833,0.008825301770064575,0.01168057273358114,0.07236843137199545
2020-07-24,-0.004611142289210002,-0.006440308785132798,-0.009495800954592792,0.008578870839228259,-5.8642149648679975e-05,-0.009202445238506662
2020-07-27,0.1524585138019725,0.007292441216808054,0.01784295148982662,0.019753770786684832,-0.0037113817720023645,-0.04256967395410638
2020-07-28,-0.007101328925793737,-0.006342341684700048,-0.01272478948605038,0.00834113103275036,0.0069181496387056285,0.02829429140725548
2020-07-29,0.017194865809297744,0.012298551186405993,0.011526169209875592,0.0075102306547618625,-0.0017028514540972095,-0.052672960867039875
2020-07-30,0.0009680757576464583,-0.003567632899727613,0.005235398648758549,-0.007400261112960993,0.00658846411119729,0.02738588535125408
2020-07-31,0.0191025870102548,0.007901812451635237,0.01784528728922985,0.00908793109962347,-0.0006426100856097294,-0.012116362747817577
2020-08-03,-0.006810472927229583,0.006952337369876549,0.01350746237657896,0.0011325390830079218,-0.005034715125376121,-0.007358888166983268
2020-08-04,-0.00359726129861071,0.003862630491276997,0.0037118191309626347,0.021277725496816835,0.00953218420263835,-0.021416822201726027
2020-08-05,0.04828976175167332,0.006211207563006749,0.0024778782949808065,0.009283241730161151,-0.008742664197019967,-0.03240742636137206
2020-08-06,0.002788023660583505,0.006684445022732133,0.013244986869645592,0.013274069532868138,0.00558615326991907,-0.014789045496860997
2020-08-07,-0.01513618086086388,0.0007177184067861386,-0.01154230261431266,-0.01588530528005727,-0.006666658828903493,-0.019426072470996703
2020-08-10,0.023845134154237613,0.0029889593623553257,-0.004273064310233665,-0.003458957447482258,-0.0044734068679535,-0.0036019778029610094
2020-08-11,-0.03936534391564839,-0.008254518195283556,-0.018941029460296743,-0.05369440853432972,-0.01188484055968253,0.08585637586680717
2020-08-12,0.015284938573538076,0.01394240319753215,0.025151309909291264,-0.004668202325739945,-0.009095766527627336,-0.07282563254243057
2020-08-13,0.017195015111304723,-0.001807956876152983,0.002280827577116451,0.023618065792215592,-0.01068908243506117,-0.006732563790665225
2020-08-14,-0.0012955213149429268,2.9711673785515202e-05,-0.0011745747289308994,-0.0043092158240957135,-0.003906722018775732,-0.0036149989489328016
2020-08-17,0.041255550012596176,0.0031764967573426617,0.011611087505450257,0.02169391289315903,0.0025121291131535717,-0.0317459809438132
2020-08-18,-0.021475461465219614,0.00216035292923511,0.00962482698031275,0.009008003623491856,0.007152582695208132,0.007494137918188315
2020-08-19,-0.019426708460436926,-0.0041637252428669,-0.00672714515415751,-0.03156545548841261,-0.006252434426763265,0.04788473620109546
2020-08-20,0.01021312934149976,0.0031135688613634915,0.013871708631053137,0.006913929262821528,0.009039951683324832,0.00798573161117977
2020-08-21,-0.024067507803910648,0.003547571489727286,0.006930206063761268,-0.008010905834894388,0.005992556767427049,-0.007922464932529683
2020-08-24,0.01570900272258391,0.010133123474032946,0.0062439463298602504,-0.005658401286623649,-0.001625038079956398,-0.007542150372178313
2020-08-25,-0.034690018052305094,0.00349937587763427,0.007862546459212805,0.0012154763574758753,-0.0076537238539077235,-0.015198933385446534
2020-08-26,0.010753745063331488,0.010025574078206034,0.02133900378330389,0.011808847672626355,-0.003825850695357902,0.0562868693812546
2020-08-27,-0.01435938403704018,0.0021866906574965483,-0.0031167201822298596,-0.011561927956646234,-0.01700882405806381,0.05156849299461275
2020-08-28,0.01934954061432026,0.006459280778074339,0.005085016163930867,0.0173802350530341,-0.000744670431471306,-0.061708225224908486
2020-08-31,0.011983566168507709,-0.003622646260620921,0.008033528172451065,0.002386259791001155,0.00664111640638243,0.15026136326253647
2020-09-01,0.024797762089964426,0.009418403905982808,0.017091432365004655,0.0011902895553947967,0.011437541493755976,-0.010980651641583683
2020-09-02,-0.04648471948812871,0.014464433451999215,0.009469486817656136,-0.013131628719242117,0.009520533689173716,0.01722813327459405
2020-09-03,-0.10239476124641311,-0.03441459265590541,-0.050700452242782856,-0.00810423703378893,0.0028411997584616433,0.2645840745216983
2020-09-04,0.02601355576262887,-0.008164609707343562,-0.013325837897069204,0.0027602959130217375,-0.018988115671155104,-0.0848213870103649
2020-09-08,-0.03617804633310162,-0.027323154989340348,-0.048063795105310336,-0.0019269219593246456,0.006144181959153228,0.02308940112106206
2020-09-09,0.010939236349907233,0.019747563279740143,0.02937559894071118,0.00970825655471863,-0.0026868151038347277,-0.08423393819608227
2020-09-10,0.011793293850096198,-0.01736362308237105,-0.019936866061057934,-0.0032231430104036063,0.005082320351988967,0.03123914041005804
2020-09-11,0.0036452631180188266,0.0005090497007782524,-0.006939763111015407,-5.486005292487661e-05,0.0021329091394499677,-0.09559065408128964
2020-09-14,0.026913290850968385,0.013171122115124945,0.017415539328863527,0.007892586821005798,-6.071858390499507e-05,-0.03796056665075909
2020-09-15,0.010871177190313608,0.005052704052394663,0.014173481998124515,-0.0023927480714920346,-0.0024323321337261783,-0.010058035785106334
2020-09-16,0.01648188444401355,-0.003968866690365003,-0.015946438270457164,0.0028345831622316187,-0.002986429589166506,0.017585023847447978
2020-09-17,-0.0023612995663134795,-0.008795131961700231,-0.015622230571947116,-0.005489995652194879,0.0030566509503511252,0.01612896137399411
2020-09-18,-0.00040225598714782596,-0.011512775049852042,-0.012762407516946905,0.0013117087099276947,-0.003108536736670664,-0.02380949291628287
2020-09-21,-0.0440698418952864,-0.01112928430928728,0.0023980591418026886,-0.020087296599797022,0.00507415562730773,0.0754936418389145
2020-09-22,0.0072833400259153525,0.010184110861012563,0.018578820519587147,-0.004846314367596194,-0.0007908366454222326,-0.03311735253974313
2020-09-23,-0.027733979972724532,-0.023190900232742395,-0.030534543795916247,-0.021606497297661065,0.0013391844434538225,0.0640357138596499
2020-09-24,0.050153282066164984,0.0026653367603994838,0.004656410320097448,0.003718800733685912,0.003830257480146093,-0.0024492545490231166
2020-09-25,-0.006259218747560857,0.016166728512967632,0.02324890624985132,-0.0028499771605223767,0.0,-0.0747106647146728
2020-09-28,0.0015838394672482714,0.016609750239767962,0.020768847889760078,0.01006056066236427,-0.002846030617137174,-0.007202374251457866
2020-09-29,0.012604356977915954,-0.005445894191826395,-0.0045092824009510535,0.008432402483858015,0.0011537926289229006,0.0030545980173624088
2020-09-30,-0.00554646448346463,0.007581689584593487,0.006848745859779681,-0.006004867330144381,-0.00958488074971564,0.0038066379797176975
2020-10-01,-0.015303370300178809,0.006419997267960387,0.015872613998872298,0.008920516455577454,0.0016489686313492236,0.012514217413868156
2020-10-02,-0.00409414143543152,-0.009494383975564569,-0.02813100465670504,-0.0008953758525005462,-0.003733965351963464,0.03483139967239324
2020-10-05,0.020552737918103414,0.017733334888863084,0.02132592857847615,0.004872915921881216,-0.019538948459833172,0.011943537232336876
2020-10-06,-0.017504646058134066,-0.014216106620119628,-0.01784667766707937,-0.011760774579356315,0.005388789886000556,0.05436339440396454
2020-10-07,0.0060882710901424275,0.017406589360766445,0.0172990193718201,-0.0004512229536247636,-0.007292251327840504,-0.048168252996730776
2020-10-08,0.023124708925124526,0.008862360268854008,0.005322813168852081,0.0035549310375408982,0.005399508423475918,-0.06058442223615079
2020-10-09,0.013629236597062944,0.008930347609088285,0.015280492467699913,0.018161347296547614,-0.00018680828253248016,-0.051593345176839334
2020-10-12,0.04436776506276918,0.016087835675520967,0.030870229000891092,-0.002871682500567352,0.0031857902566747587,0.00279998779296875
2020-10-13,-0.011203790312466544,-0.0065265089320867276,-3.405791366151156e-05,-0.015728823528417535,0.007160283994654737,0.03988831320993014
2020-10-14,0.0003157232305546209,-0.006283279141507947,-0.008352505842791236,0.003094772946095059,0.0022875536199997715,0.012658225069775098
2020-10-15,0.005760771167350187,-0.0012358956539029187,-0.00671106870550553,0.003646120384284801,-0.0017269091712152074,0.02159089784320045
2020-10-16,-0.01506927308750361,-0.000604180251065789,-0.005480613592113048,-0.0034652086045857677,-0.0027809073065082623,0.016314443650717658
2020-10-19,0.037087926068415156,-0.01520363993227869,-0.016325477425311874,0.0005047466985432791,-0.0037796568010598497,0.06457498969781228
2020-10-20,0.014843919324981414,0.004005990359759348,0.0021495231846511142,0.0048209014703402,-0.009516017824581557,0.005825910709938986
2020-10-21,0.07614375520341321,-0.0018932104720222886,-0.0007732732283092236,0.007531414803434444,-0.003453873602221713,-0.02385011086341937
2020-10-22,0.011089019970212055,0.005485373557030604,-3.540806855539813e-05,-0.009800687777642758,-0.010396843009796708,-0.018848133171682435
2020-10-23,-0.0026494544392426933,0.003395252546391614,0.001970600938380418,-0.001062475196895396,0.006112719310572112,-0.01992178445861703
2020-10-26,0.011113061150759718,-0.018480262507297507,-0.014996100448891547,-0.0005037860400700644,0.009303309139896854,0.17822141500487332
2020-10-27,0.04427990207523247,-0.0034471822839376998,0.007808293823804435,0.0026323226696718383,0.0067089685951466915,0.02741834302990398
2020-10-28,-0.02804507535445777,-0.034179047745447444,-0.03898673111966966,-0.01614344386479838,0.0009348342484007954,0.2077961206071215
2020-10-29,0.012553242153156674,0.010163973285822303,0.017486257446677422,-0.004144728133141373,-0.0097080205233111,-0.06678249027384753
2020-10-30,0.00808458072996765,-0.010424896841803255,-0.025362327110837635,0.004561020978312902,-0.009865537356038234,0.011439220628632452
2020-11-02,0.00029282768964788985,0.011208106184335431,0.002227114898472493,0.009704919089013941,0.007490818350635475,-0.023408715910909428
2020-11-03,0.02950532012761009,0.01765603566752305,0.01729746819839817,0.005676996717700833,-0.005801728363119429,-0.04255323957993329
2020-11-04,0.013147117963686394,0.022349509690049008,0.04463861169851846,-0.0005588578456844351,0.021692132395596753,-0.1682137741370816
2020-11-05,0.10231863433740651,0.019502339517892375,0.026070774556834486,0.022983923404670703,0.0017385704067289787,-0.0672979300526162
2020-11-06,-0.0008965281862933772,-0.0002281524046754413,0.0007474874627622086,0.0014213621387162423,-0.012084850714324968,-0.09862216536906332
2020-11-09,-0.015004960644217524,0.012565761958324373,-0.020433908441648385,-0.04427097823171633,-0.02101511249826138,0.03580045727262959
2020-11-10,-0.0027010327388199418,-0.0014667364722511511,-0.01791461765731417,0.0033127817282887495,-0.005766877224950284,-0.03689323351221174
2020-11-11,0.02684194109497806,0.0074286390850288875,0.022369695422308267,-0.004326595410341194,0.003608985369606632,-0.054435424018226874
2020-11-12,0.03662132734990031,-0.009700963609310054,-0.004693646360663162,0.006060679556170845,0.017018059831432897,0.08102343525434108
2020-11-13,0.002547552717421464,0.01384446936558148,0.008772456560184994,0.006819714153532219,-0.0013264412077080845,-0.08875739511407266
2020-11-16,0.024409082389136305,0.012482364341031671,0.007802525688473061,-5.650127239831271e-05,-0.0024026305100552925,-0.028138511160012314
2020-11-17,0.05559276937282975,-0.0053781128884812235,-0.0031717485542835933,-0.0036691725592956637,0.006528372543098904,0.011581216601222133
2020-11-18,0.008988152900985202,-0.01203489057476348,-0.007390405068668393,-0.005722348480656891,0.002896663267398125,0.04975786497886037
2020-11-19,0.0007348899162549216,0.0042103605366707875,0.007824578606069776,-0.0018804594035273237,0.005148921907655479,-0.03062078597164286
2020-11-20,0.045137820846602006,-0.0068479293800709495,-0.006840093607867748,0.0030257979459697992,0.008869399139008083,0.025530079489639368
2020-11-23,-0.013811772526715393,0.0059944026975695675,3.41101207226302e-05,-0.0196938167555728,-0.00458172937271395,-0.043881893757304447
2020-11-24,0.040478046632625775,0.016113737336654,0.014050066083389101,-0.015328336846880064,-0.009952223209033328,-0.04501325969250447
2020-11-25,-0.01964382784787766,-0.0015417204586195554,0.006146777738083031,-0.0004717367343725076,-0.0030785206480654637,-0.01802215344955116
2020-11-27,-0.08668098726639961,0.0027849517589018102,0.00921414453805558,-0.010146901518740647,0.009705326769424039,-0.01929411046645224
2020-11-30,0.14714603638426027,-0.00442693889931256,0.002040075703709121,-0.006674981596057172,-0.0012483551232593815,-0.01295587599744541
2020-12-01,-0.04192625951044282,0.010937106577670441,0.012816055928589254,0.0210595460814611,-0.014744174936246135,0.009722934657591553
2020-12-02,0.021171823185194727,0.0021038972281688384,0.0012850138199795857,0.00752153069206285,-0.007936676691131517,0.019258527188946495
2020-12-03,0.012723580680175761,-0.0002726597581462764,0.001415417734060842,0.007873502810363364,0.008064238068701712,0.005196060933166491
2020-12-04,-0.038344949058079725,0.00861758814645297,0.004075314794768303,-0.002835427586930339,-0.014665972424921292,-0.023026304290754473
2020-12-07,0.02630328338005583,-0.00205480185552398,0.005662418742695907,0.014914066598165077,0.009020624299441504,0.024530942716423976
2020-12-08,-0.0453576006387062,0.002925928029092084,0.0033851182922872702,0.003487910186290799,0.004725335034238443,-0.029107932117012014
2020-12-09,0.012705073309037251,-0.008968490312304178,-0.022641695926800987,-0.017094017094017144,-0.0033047983256335733,0.07688588632128535
2020-12-10,-0.015572121156616547,-0.0003272281044405245,0.00401613531199696,-0.001913054093070632,0.00886418433139502,0.011225864160808507
2020-12-11,-0.011283218109780502,-0.0011727186931359546,-0.0022145221056499853,0.0018586706605219216,0.0035389091918109905,0.03507988419717645
2020-12-14,0.06577033771536911,-0.004476971507412553,0.007255128568611546,-0.005507636250083436,-0.0027714374573483136,0.06048905532890392
2020-12-15,0.008855135259981495,0.013519283062727094,0.010689713916600008,0.013990959829817351,-0.0033471297876388473,-0.07402912518356886
2020-12-16,0.09751836309514528,0.0015691779199136224,0.0054995349303206265,0.005519095329445722,-0.002662059811455064,-0.017037981653455492
2020-12-17,0.07013245133867341,0.00559207657781613,0.006537435714194517,0.010520363984510617,-0.002645226068354267,-0.025333319769965224
2020-12-18,0.014593135822884129,-0.003992863900718846,-0.0030224684455876227,-0.0016974258370123785,-0.002998136021173381,-0.016415896276417152
2020-12-21,-0.014473138197206414,-0.0035755876141374543,-0.0018704166018523871,-0.003173869592184575,0.003965728052100381,0.16643487266480217
2020-12-22,0.042974334095805755,-0.0016851199556853214,0.0027188936146618214,-0.007903112071065643,0.0051611007861549485,-0.03696344637583293
2020-12-23,-0.022776055438033516,0.0008983503752613142,-0.005036263229911242,0.00664787877129025,-0.006909329329100933,-0.03796946321399031
2020-12-24,0.021281190940612982,0.0038904305958269436,0.004412906848372922,0.003985267471422693,0.003958050651350353,-0.07636202574339757
2020-12-28,0.14108807463889406,0.008590887155860871,0.010078422995941638,-0.003629142996869339,0.00044468981180623146,0.007895962418588809
2020-12-29,0.010250355112868093,-0.0019076609782127107,0.0008957357540251287,0.003642361648136694,-0.0012710834805248483,0.06359442913584812
2020-12-30,0.054034499850387885,0.0014266232639572607,3.169243966283375e-05,0.007655178894261816,0.002163511040257582,-0.013431519365993294
2020-12-31,0.005574281038085438,0.005080958448224315,0.002460261455347279,0.003714145601823482,0.0014603139201625481,-0.0008783687905835613
2021-01-04,0.10241438395256863,-0.013613933734153427,-0.014119462290827944,0.022258360658879317,-0.0012048177494138335,0.18549447531228536
2021-01-05,0.06319658000613337,0.006887191175454888,0.008243919774504782,0.0029616260665272787,-0.007426438179934047,-0.06043749359531836
2021-01-06,0.08331071417326141,0.005978621833316655,-0.013852103682990058,-0.01624105266038789,-0.02052806791707007,-0.010655108766291721
2021-01-07,0.0691574669750421,0.014857549892642874,0.02419181116125202,-0.00233462025122122,-0.008814763654787616,-0.10769840001825937
2021-01-08,0.0362338992996023,0.005697604578613014,0.012857685956411125,-0.03420993723985433,-0.0032273526007573494,-0.03620926879315989
2021-01-11,-0.12821714814019047,-0.00674089289396429,-0.01444978481164827,-0.0019614419353504164,-0.0016525443126630401,0.11688314101048247
2021-01-12,-0.046214502171538774,0.0002110708940441519,-0.0015902823732620863,0.006473960214956609,-0.0007940913728615717,-0.03114617950067544
2021-01-13,0.10003249550509552,0.0026930155743869477,0.006753216323589495,-0.004307374345463466,0.011262161508970525,-0.048006894251865995
2021-01-14,0.050138030111625875,-0.0035019193619613143,-0.005347463051065815,-0.0005190998467168306,-0.00936793059267571,0.046825797316417894
2021-01-15,-0.06027358971670127,-0.007292537617249462,-0.0079210306925791,-0.012407628760563338,0.0039677195952445565,0.046881726993027506
2021-01-19,-0.02051744646979292,0.007852092090600005,0.014590062703799367,0.00847307255811236,0.003227438647588343,-0.04519311317065755
2021-01-20,-0.014473454791977813,0.013838492905985378,0.02326057442001561,0.016282289539807593,0.000985010330879943,-0.07142856556629995
2021-01-21,-0.1328368400602007,0.000911525987993711,0.00799973469721782,-0.0006271772092728556,-0.007018216714661296,-0.012048203419881442
2021-01-22,0.07072224005462169,-0.0035391145028765836,-0.0028802156210862018,-0.007873145210082533,0.0032367854280643815,0.02767355351938039
2021-01-25,-0.01937144023741122,0.003943626282052026,0.008266282831652871,0.0008626173693986328,0.011785349764443787,0.05842084416064908
2021-01-26,0.006286058316783416,-0.001560754422208821,0.0014627998005456444,-0.0024705999829396363,-0.0018870380164389688,-0.007330749132337333
2021-01-27,-0.06562212475675022,-0.024440516239441545,-0.02787669331468956,-0.006335623059913753,0.0025426980646214847,0.6164204319953999
2021-01-28,0.09968113394222766,0.008599916555265041,0.005917045441887758,0.0009273614616172043,-0.005527722503837151,-0.1881214773509905
2021-01-29,0.02540747568580648,-0.020019336913914554,-0.02103846175706181,-0.0004053281700162614,-0.00601667819772167,0.0953327095463401
2021-02-01,-0.022706672001520767,0.01664541133507158,0.024987455071739495,0.009385291185094458,0.0011593875945468124,-0.08612875093162653
2021-02-02,0.05883361479570781,0.014140133442284375,0.016313922646322254,-0.012167796413785958,-0.006447535604431676,-0.15476191602506528
2021-02-03,0.055245981743407446,0.0007863582139460146,-0.003967321272594693,-0.0015106298641213156,-0.008872626032145892,-0.1036776085250426
2021-02-04,-0.014571470120209207,0.011365735317483416,0.011826945256675492,-0.021530474690833024,-0.0026726036018360766,-0.049759903851645415
2021-02-05,0.032991388091470286,0.003935868357764605,0.003391280096681326,0.009872160109213546,-0.008373180057191454,-0.0413412769685686
2021-02-08,0.21109718715203973,0.007221801528078942,0.006699581124141041,0.010070118005137685,0.004391365910538347,0.017728745424351322
2021-02-09,0.006161523959955284,-0.0006658063056595998,-0.0002098328444942732,0.0032649110578624185,0.0007395348399754642,0.01836155338281853
2021-02-10,-0.03362488605290981,-0.00043549212842297624,-0.00227890607976422,0.0036611162023989507,0.006653153028073122,0.016643579487721327
2021-02-11,0.0665910372634968,0.0016151656046061724,0.005499732867414231,-0.008685078696598514,-0.005474469038461716,-0.033651649787194926
2021-02-12,-0.008442623839676311,0.0049397194900842045,0.005589264576592257,-0.0030372306060941767,-0.012419236225475805,-0.06023532643037688
2021-02-16,0.03568097732123077,-0.0008660171956227369,-0.002704744659881686,-0.014353488272303538,-0.015226932777002045,0.07461190898097625
2021-02-17,0.05994196027730325,0.00022955189041429236,-0.004798245110260502,-0.011352850687983307,0.006350737914991633,0.0018639756399749796
2021-02-18,-0.008997504596578998,-0.004255786416310414,-0.004372168387321573,-6.0088418961767864e-05,-0.004046767686896713,0.04604650098224017
2021-02-19,0.08143096900475189,-0.001766369069774787,-0.00436125140355581,0.004148551901348441,-0.013292032291307931,-0.019564274723678277
2021-02-22,-0.030074586775675316,-0.007691769688461414,-0.025920003013456094,0.014969164015496528,-0.007608183795041357,0.0634921348897759
2021-02-23,-0.09930198541853996,0.0012145092328006424,-0.002977338769474036,-0.0023007456922117253,-0.0028837075155601077,-0.014498939937146127
2021-02-24,0.018042326886684945,0.011019272531240132,0.008243204806645865,-0.0007095264939214196,-0.0065598676471859685,-0.07659023846891821
2021-02-25,-0.052539242009451814,-0.02409554157440008,-0.03486255037630559,-0.018816524708764826,-0.016330594245911323,0.3537956505658677
2021-02-26,-0.016012490351298148,-0.005152691720732183,0.004187556302622575,-0.024182906697045592,0.0330591593961187,-0.03253716325953937
2021-03-01,0.07102929205219022,0.02424011112754787,0.030082128916880224,-0.0017304170540851649,-0.013207761448949307,-0.1645796155959014
2021-03-02,-0.025231161886280384,-0.007803239184516975,-0.01603882347125718,0.005447934683729505,7.130312275527295e-05,0.03211991382215107
2021-03-03,0.04463205996986197,-0.013245678975920772,-0.029020138059089318,-0.011021541189334294,-0.01084572396600969,0.10663898979853403
2021-03-04,-0.039120359814156846,-0.012374819693828476,-0.016366905485653005,-0.009836893780889033,-0.006450199360108155,0.0712410803560184
2021-03-05,0.007539701660092213,0.01839665800211776,0.015060840386113217,0.0006288110395962221,0.0019474719008325536,-0.1368568389631607
2021-03-08,0.06783980379054055,-0.00497879503650589,-0.02831419871778529,-0.010368190918767173,-0.007774811793091696,0.03284669387487393
2021-03-09,0.049335220420617,0.01427746343586933,0.039441301160136444,0.02127113294736649,0.013857708018609305,-0.05653705007969756
2021-03-10,0.021604243798385436,0.006224590864748469,-0.0028547233066554822,0.005098279923459348,0.002003729027142853,-0.06117358213477153
2021-03-11,0.032076714848716215,0.01013908167003974,0.023031394320332632,-0.000866011298261804,-0.00721332733539759,-0.028812040510530323
2021-03-12,-0.008183206626845796,0.0013467824502035874,-0.008112279918060405,-0.00018572795011984056,-0.02122118071691903,-0.05568230588091916
2021-03-15,-0.024853282496474893,0.005963544661821807,0.010682850844333291,0.004396503999798185,0.005879409023506144,-0.0318994601438356
2021-03-16,0.01605702194966918,-0.0012613844004705221,0.005489100903818711,0.0009248406787658592,-0.0040182976776814705,-0.011982015121855594
2021-03-17,0.036369962842253134,0.003410055854420335,0.004117457495288246,0.00714498527693741,-0.007483174517671332,-0.028297187841544558
2021-03-18,-0.017189693893861602,-0.014549670871247034,-0.030630514660570207,-0.005810023730399405,-0.010126354861513143,0.12220491094179375
2021-03-19,0.008429650137686817,-0.0018502520705041547,0.003525003173542096,0.004183119739068708,0.006197591381694956,-0.029193659082201173
2021-03-22,-0.06542805215300285,0.007984987523667275,0.018753252264078535,-0.0014702614866924923,0.01120600248775494,-0.09880675545533557
2021-03-23,0.0038474981233158623,-0.007870832435279418,-0.004362929225851686,-0.007300628474884996,0.009026716933570711,0.07521187179100952
2021-03-24,-0.035891807492523076,-0.005083549335609505,-0.016865178794747027,0.0034608341081703298,0.005381971986885059,0.04433505220216083
2021-03-25,-0.020277031922222966,0.005625607486653195,-0.0017311391991000624,-0.003633653726877295,-0.00788483954818997,-0.06556609655538248
2021-03-26,0.06639992475218648,0.01611504547821263,0.015000099494939523,0.0028434090575977233,-0.003500406947934187,-0.04795552151447913
2021-03-29,0.04738872099995817,-0.0005051402947335859,-0.0002845200209942167,-0.011896005111092234,-0.008488091685194155,0.09968181865989645
2021-03-30,0.020216245195582738,-0.0026530371535286035,-0.005033226842721783,-0.017091823816998808,0.005239597760923864,-0.054484048854243516
2021-03-31,1.9359634988669328e-05,0.004053504970964905,0.015302727411613759,0.015167857324082767,-0.005579366849662537,-0.01070887227359063
2021-04-01,0.0030037350775407035,0.010798852576969775,0.01704606202995196,0.012628087827510459,0.016597191142593726,-0.10670101729522818
2021-04-05,-0.0006418338017970537,0.01435326530305181,0.019965086773910068,-0.0003704010382533651,-0.004363538835923775,0.033467970355421706
2021-04-06,-0.014655445594718208,-0.0005906684065600798,-0.000694684763871356,0.00802867506459215,0.00679263111984274,0.011725348610297948
2021-04-07,-0.036833390122360865,0.001157352138342782,0.0024182101423568803,-0.002818323186048577,-0.0069640301724265274,-0.05298018473281174
2021-04-08,0.04058980823677527,0.004746683992377543,0.010433464391344627,0.01075202788807239,0.008254905107001775,-0.012237708994171426
2021-04-09,-0.0013536328475677317,0.007270182508741119,0.006058247849459075,-0.00753747660190629,-0.003622628205902312,-0.015339245851263672
2021-04-12,0.028301984860423568,0.00036469477531153593,-0.0013051576254657915,-0.006063609158189043,-0.00043648561306663947,0.01318150427290643
2021-04-13,0.06027376479221824,0.002963606687055309,0.011673219353233844,0.007086479573175097,0.007494001714812404,-0.015375531119335095
2021-04-14,-0.00620063437737306,-0.0034150571966538035,-0.0120083008040619,-0.004344315528953313,-0.003177818736272209,0.020420430052712657
2021-04-15,0.003237480473297971,0.010742302728430131,0.015155832343288989,0.016162763416190717,0.016734503870936113,-0.024720428602236777
2021-04-16,-0.027501379378466195,0.003342525218605674,0.0011709605107377286,0.006047777218550321,-0.0077664211569831165,-0.019311991594313294
2021-04-19,-0.09498552082094913,-0.004912962108373442,-0.00915232515511566,-0.0027652942409929215,-0.0028724919757271428,0.06400005634014416
2021-04-20,0.013436976092944253,-0.0073216445802315455,-0.007288378127070616,0.0035565515706876827,0.0046090184109621735,0.08039325136184017
2021-04-21,-0.045454287638402646,0.00946220728300573,0.008560956184237023,0.009911155680072392,0.002007226821630015,-0.06316918018726325
2021-04-22,-0.0397694659817468,-0.009133374605670874,-0.012054479794006978,-0.006483147356353358,0.004363951338605565,0.06914280482700885
2021-04-23,-0.012917150838772984,0.010842671568163986,0.012589684403216728,-0.003831414124593202,-0.002350036395339483,-0.07375730776554967
2021-04-26,0.057308519320564466,0.002087418787775297,0.006510743115272666,0.002644245538133694,-0.0014285913825132779,0.017888024657076285
2021-04-27,0.018721407731506323,-0.00021532775944288485,-0.004332117335925534,-0.002517371003141977,-0.0087229761356169,-0.004535143224154603
2021-04-28,-0.003787066282106566,-0.0002876362771014884,-0.0033808695793665633,0.002944390689552989,0.0006490982036062576,-0.015945261264952326
2021-04-29,-0.02315733013830157,0.006373062968480392,0.003598834458160338,-0.004133978948338446,-0.0029552153583977114,0.019097217048208215
2021-04-30,0.07833176806484676,-0.00657079577003461,-0.0065545001171123385,-0.0033690142851713345,0.0023133747304964203,0.05678591512439679
2021-05-03,-0.009521751320426874,0.00215707540830401,-0.005325759416168752,0.012978352341882271,0.0005999716084863493,-0.016120426360561657
2021-05-04,-0.06760024652955021,-0.006169502136217586,-0.017995471316043177,-0.007329692780131181,0.006785785986749726,0.06389951449590203
2021-05-05,0.07669599321369813,0.0003127546353185462,-0.0033624997642439647,0.004142168530566259,0.0016487781532517065,-0.016940448226939298
2021-05-06,-0.01789307689659958,0.007985750790112434,0.00753724466067629,0.01667957921247054,0.0016467115781595432,-0.03968669681572368
2021-05-07,0.017020319573156195,0.007277969516545468,0.008114723019610803,0.00899681760120985,-0.004931496047214989,-0.09244148515566208
2021-05-10,-0.02609308477509631,-0.00990238546144584,-0.025254708510558666,0.0030305045955998366,-0.010126746394771846,0.1779508219483823
2021-05-11,0.01512317249631967,-0.008924772716655593,-0.0013812333367249074,0.000174300035968189,-0.0056600847907015694,0.11088506216152072
2021-05-12,-0.1332174549686006,-0.02124527877201765,-0.025882807855344137,-0.009933813872024522,-0.010506822581211384,0.26327838643896095
2021-05-13,0.011508648851976444,0.012012436416168004,0.0077313203670528186,0.004107329913244362,0.0015485163208803776,-0.1616528077982975
2021-05-14,0.00330563837155351,0.015355567741690335,0.022076945370478773,0.009115862292308208,0.009350449576061681,-0.18677042159827906
2021-05-17,-0.12716430201942652,-0.002544790186724155,-0.006066733879981023,0.011639321781340195,-0.0021148169797603478,0.048378515324243754
2021-05-18,-0.014426855146374762,-0.008615595076964966,-0.0067506274276774025,0.001946172546249958,-0.002558960046042058,0.08215014683780053
2021-05-19,-0.13766122609163733,-0.0026216456462646587,0.0011482203657888768,0.000685616890880425,-0.0024185733280835953,0.0393627060253805
2021-05-20,0.10216344466291027,0.010757809047215128,0.019343528637394858,0.004567270124640199,0.008228720462306827,-0.06807936014903804
2021-05-21,-0.08528232829817228,-0.0008186555007252405,-0.005534843790211297,0.0004545724551812125,0.0032062876241396587,-0.02515725475782904
2021-05-24,0.037563346852005575,0.010194130109292265,0.01681917425870849,0.001761036294059215,0.0037042980933530423,-0.08684863687990696
2021-05-25,-0.007847826326095597,-0.0022184919553388527,0.0013832689711943402,0.009072814229376336,0.009263317122822912,0.023913072998898333
2021-05-26,0.023227211885217036,0.001984531976443993,0.0034839013121297224,-0.0017420486873281904,-0.0017210844518112944,-0.07855623833596592
2021-05-27,-0.021815700174415475,0.0005249918722409763,-0.003740981897630613,0.00039409662496781017,-0.004022094365521034,-0.035714332801561
2021-05-28,-0.07126897282320166,0.0017887703971195545,0.003154194460793125,0.003770176937892389,-0.0015868715307160164,0.0011947704920629576
2021-06-01,0.027657886279355948,-0.0008811287307394222,-0.0033238663492128895,-0.0026909461441234628,-0.0002242658673490272,0.06801905573270361
2021-06-02,0.02426756732611457,0.0015728803271466418,0.0019528764155589684,0.004890446350902078,0.002315363710739593,-0.023463691913108042
2021-06-03,0.043475133082156336,-0.0037114678605213447,-0.01040594845488474,-0.019578228541437537,-0.00375384801527745,0.03203669267484277
2021-06-04,-0.05902658087058821,0.009145831084326428,0.016970014158990354,0.010783359066451448,0.013695068813320166,-0.089800485422317
2021-06-07,-0.09035784980954942,-0.0009702848801989017,0.0029795448999809793,0.0040076283608136976,-0.0030737634149144988,0.0
2021-06-08,-0.0026243254847995168,0.0002133022052297484,0.0004756360990514352,-0.0030920774052216604,0.007026372238571055,0.039585847473210256
2021-06-09,0.11569117681725527,-0.0014918661064327043,0.00023728476749451666,-0.0019175027218333307,0.008828966463545918,0.048037475658119
2021-06-10,-0.01720501684509279,0.0046482354279306914,0.010420314525188656,0.004294325821970535,0.0059987350889672,-0.10005584512285925
2021-06-11,0.01721406171757467,0.0016525966531244496,0.002615033234908415,-0.011252390785353672,-0.0016133672593454662,-0.02795035728430051
2021-06-14,0.07724988872736538,0.0022389439596186556,0.00958298363789356,-0.005860923791407013,-0.0076592681923564054,0.047284331575444316
2021-06-15,0.004669320789865594,-0.001834220683455401,-0.00653111634358261,-0.0037777095572453234,-0.0012035736692792565,0.0384381385952417
2021-06-16,-0.05096256237308472,-0.005583465120880815,-0.0036521185282811786,-0.016891711518855712,-0.0008506428416670264,0.06639242834163106
2021-06-17,-0.007655308506355651,-0.00033138344828920197,0.012697211807154662,-0.030740427140865334,0.014971461966269528,-0.022038546938694892
2021-06-18,-0.0595545108824469,-0.01349061280068753,-0.007847117930509184,-0.005547261946798776,0.01880627638126775,0.166197226081096
2021-06-21,-0.11486082845287393,0.014315988148888126,0.006214875371616246,0.012247646651096789,-0.016743692539667565,-0.13574885360979994
2021-06-22,0.02616961270137308,0.005346238558972649,0.009321698100815956,-0.0041928539145718036,0.0024428352291880895,-0.06875347032979973
2021-06-23,0.0374509295196066,-0.0012051867248416004,0.0004889194230064398,-0.0006616578066259704,-0.0025758902432223563,-0.020408172611160347
2021-06-24,0.027856637741157764,0.0059156853356694405,0.006183208396127071,-0.0006019387497473438,0.0016052723176471773,-0.021446043770847023
2021-06-25,-0.0872604012088013,0.0035521643000804293,-0.00122918589326948,0.0033124733437563947,-0.01038271397882895,-0.021916116193956947
2021-06-28,0.08839294990913693,0.002015789702090709,0.012161823030351737,-5.999463986816611e-05,0.010280136518198368,0.008962890163154658
2021-06-29,0.04162825758718758,0.0005380513192798642,0.0036187826095606113,-0.010505462725200698,0.0016734082431895114,0.01649747621230091
2021-06-30,-0.02305527321430456,0.0008417608666242415,-0.001577674638539528,0.004853503869870712,0.004453437886390077,-0.011860207779553322
2021-07-01,-0.04191448950075438,0.005536486638426208,0.00039499759518513144,0.0034413575356286863,5.492926668249076e-05,-0.02210994208190664
2021-07-02,0.00967855812266083,0.007643559489438179,0.011478490122757812,0.006558341503640763,0.006034630687596021,-0.026485779039815083
2021-07-06,0.00997574917800259,-0.00182163802124502,0.004322084073416166,0.004961455343207799,0.011720896046303997,0.09090914843906228
2021-07-07,-0.011095808977648836,0.003534304459426263,0.002110057148398514,0.003806801143447114,0.00885942092897829,-0.014598525749495717
2021-07-08,-0.028886355129662422,-0.008148122873665842,-0.006039673544518953,-0.0006518168637834609,0.003917713039125692,0.17283945093793274
2021-07-09,0.02800225791699673,0.01067479698760665,0.006243597211328167,0.003320562334123478,-0.014062891988663506,-0.14842103656969574
2021-07-12,-0.019000054436449254,0.0035820355720468378,0.003905736784194147,-0.001241101031467462,-0.0012963216803076882,-0.000618061105884915
2021-07-13,-0.013687548281983153,-0.003409157803927143,0.0,0.001301782371024407,-0.007653547666852556,0.058750819941689736
2021-07-14,0.003679352094793975,0.0014924624648688933,0.0017934677144175737,0.010755182911599048,0.011362051248163585,-0.04614491102809537
2021-07-15,-0.031734999531688124,-0.003415796930588022,-0.007023641808110215,0.00017547964957964624,0.011030161307358455,0.041641170137951544
2021-07-16,-0.011302175908234458,-0.007843244464008525,-0.008099243284160007,-0.00970365108457183,-0.0018855009031794046,0.08465611491366087
2021-07-19,-0.019213159166047822,-0.014768119181727046,-0.008193221452298505,0.0011805498135817327,0.02192847485035765,0.21951214469301195
2021-07-20,-0.03278895069501786,0.014330406251251038,0.011615978628420232,-0.001297100524211059,-0.00963981733741559,-0.12311113145616315
2021-07-21,0.07727442675168827,0.008096269893842711,0.0077206083196410535,-0.0037192566567244567,-0.012666519275520982,-0.09224529838067741
2021-07-22,0.006303573302191001,0.0020941473653079967,0.006610252598386657,0.001955450591350383,0.009453303793598655,-0.012283602190330645
2021-07-23,0.03925482537500802,0.01028801724364814,0.011677275964528944,-0.0031344183025339145,-0.006689530576371894,-0.027699251346815612
2021-07-26,0.11184666245661079,0.0024546531534199723,0.0007874940720404844,-0.0023730060647713103,-0.002962375415004992,0.02209297348319761
2021-07-27,0.055424286615063156,-0.004557304922080285,-0.011017690907615396,0.0016650735799190741,0.010670921601577454,0.10125146156828113
2021-07-28,0.014945713184850051,-0.0004101862141284718,0.00384158797818257,0.005046252863966982,6.684118504307612e-05,-0.05423559459227267
2021-07-29,0.00031292265067750513,0.004147371074640693,0.0017767504056782624,0.011105233370970247,-0.005546543547285565,-0.0333150584814359
2021-07-30,0.055666404612466414,-0.004856418183554756,-0.005211859946948838,-0.007886842666167015,0.004704240634486823,0.03050841722613762
2021-08-02,-0.07182579099729014,-0.0020980211318144537,8.228199063475827e-05,-0.0012366429443513294,0.008919207297119813,0.0668859281065497
2021-08-03,-0.02675797936526192,0.00813535854092895,0.006061573052254854,-0.0007074766626713469,0.0005309655573686456,-0.07297010461209863
2021-08-04,0.041792893187100555,-0.004918638623503613,0.0014449711254109765,0.0002359625041987723,0.0020564668817406595,-0.003880354690702914
2021-08-05,0.02822946527400849,0.006332621625913637,0.00634283331748553,-0.0039520921003340925,-0.0050976097693969935,-0.03839725392733928
2021-08-06,0.04763803587748594,0.0016525575689916305,-0.004382267578331933,-0.024991124040327772,-0.016700607482259544,-0.06539357773223542
2021-08-09,0.08288632521924955,-0.0008136992507945529,0.0018475373721358324,-0.017735654639032372,-0.0035863383762527734,0.035294099584386895
2021-08-10,-0.016830892309838696,0.0012440306652636846,-0.0051258779914620245,0.00030919522248562537,-0.004618059291919607,0.004186698866484928
2021-08-11,0.00018877838873909702,0.0024850437115728763,-0.0017171439103427222,0.01378497662510525,-0.0006142220742834104,-0.03692679007897037
2021-08-12,-0.02555943636254754,0.0029968658394303738,0.003604536755184462,0.0002438615008097944,-0.0016382762332979306,-0.0358688881242718
2021-08-13,0.07574073458615982,0.0018199183827969367,0.003509885976566318,0.014325811995228088,0.015795577698995533,-0.0089801373927193
2021-08-16,-0.03742857633249941,0.002354442008447366,0.00043392231794059377,0.004988291568599701,0.002423535325941195,0.04336576299285588
2021-08-17,-0.028456465011732934,-0.006555168485866569,-0.008808165063794227,-0.0014950364679763295,-0.0004027645204988106,0.1110421163144204
2021-08-18,0.002367765389513554,-0.010945087784833718,-0.009624884912946108,0.0007786122169375354,0.003359095110394339,0.20435510209906327
2021-08-19,0.04277544261522093,0.0015483651090428818,0.004831808121447567,-0.002932408589264246,0.007365135911912013,0.004636086364605774
2021-08-20,0.056115872471717454,0.007957157604010057,0.010358150173500391,0.0005401616803368814,0.0006650815994291293,-0.1435164097555205
2021-08-23,0.004194894887738609,0.008796439975625958,0.014956567553293443,0.012177557387281546,-0.0006646395598874921,-0.07596982155088206
2021-08-24,-0.037137725293038826,0.0015874840986949135,0.0030545033684201695,-0.00047414113127741686,-0.007776808482484743,0.004081614949343004
2021-08-25,0.02630002081428562,0.002098397028467369,0.0011486419930424319,-0.006937433805443538,-0.008306569029456257,-0.024970871949668183
2021-08-26,-0.04122830434622349,-0.005903198713383628,-0.006350342671942788,0.0011344784228162208,0.002769595469049868,0.12209643390577263
2021-08-27,0.04508626296557394,0.008940927698898538,0.009720454180670801,0.015029547921398434,0.0068037101437314895,-0.13004250228750225
2021-08-30,-0.04084260084326652,0.004397597652738838,0.01122232071467888,-0.0049356385559711224,0.002609721616836369,-0.012202493168921968
2021-08-31,0.0023738850726162664,-0.0014814454338476502,-0.0008151372339043617,0.0020076547129428413,-0.006806989170133448,0.01791222968576589
2021-09-01,0.03562556399047523,0.0005314737680817139,0.0016578113104348535,5.8898619200498104e-05,0.001675233794618869,-0.022451392121492608
2021-09-02,0.009840830417728652,0.0030765019040863706,-0.0004730061318299894,-0.0026517204262498373,0.0043652543806174116,0.018621925865588196
2021-09-03,0.014143210068944922,-0.00024295019348119506,0.0030757058132970805,0.01069422486613747,-0.009094325197388398,0.0
2021-09-07,-0.06425231382573349,-0.0035751616314076973,0.0014151721169850529,-0.01958371853465668,-0.00843616789400281,0.1054234953274027
2021-09-08,-0.015375366885328479,-0.0012183208551578284,-0.003480689824683081,-0.0025044029033459703,0.006805912998178121,-0.009922839648963677
2021-09-09,0.006509485739778498,-0.0042803674729148256,-0.003440052900031798,0.004423489287242344,0.012101138532514488,0.04677061221646239
2021-09-10,-0.032495484247323514,-0.007884540813640206,-0.0075899035046229635,-0.005058656845151166,-0.00881694959863144,0.11436178793244811
2021-09-13,0.0017637514696116074,0.0025593687042022584,-0.00069004380147486,0.0033497597913456634,0.006065505593182863,-0.07541765470963968
2021-09-14,0.0473592610325122,-0.005396670646842239,-0.002843043894905084,0.006438546534438316,0.01212253160279353,0.004646269558077121
2021-09-15,0.023015462091804384,0.008352703246992776,0.007434401246396716,-0.005864266379652205,-0.0035069615902448836,-0.06577589103373593
2021-09-16,-0.008157286726135138,-0.001585213538703445,0.0006877942526390957,-0.02264197706190263,-0.004582849835356728,0.0280528173993837
2021-09-17,-0.010795386730801604,-0.009741059158730692,-0.011842139567616816,-0.0015850424237688898,-0.004803460503483126,0.11342958112931156
2021-09-20,-0.09358897597906202,-0.01667419281006044,-0.020662908007231806,0.0071441542310690664,0.01240215412310297,0.2354637070774368
2021-09-21,-0.050185206746199196,-0.0009445474319760283,0.0012302541801745281,0.006669036185550814,-0.0008611186834218687,-0.05250869397877245
2021-09-22,0.07079311406361999,0.009754714648644969,0.009340379757617479,-0.0037340107339023376,0.005964935649015235,-0.14326763890289562
2021-09-23,0.0303064775724482,0.012150063049827686,0.00922694640889743,-0.011546389089901132,-0.022596991493307295,-0.10733117337761822
2021-09-24,-0.04578111561282838,0.0016472163336529455,0.0009383937559086508,-0.00128427290155253,-0.009773484809987298,-0.04723559851896364
2021-09-27,-0.014099511114093799,-0.002860896033312188,-0.007982274051772431,0.00208203509820426,-0.003676115086916232,0.056901421345455505
2021-09-28,-0.02844007873591181,-0.02015189288893182,-0.02829759481754246,-0.009716428402719801,-0.015576690479413013,0.23933900406917985
2021-09-29,0.012911568502261384,0.0016829941942815285,-0.0016396528497621965,-0.004504756024632184,0.00173463884334768,-0.029677442325058756
2021-09-30,0.05356827518164842,-0.012222205407488529,-0.0036738381382090957,0.01797665363761114,-0.00013787260820319336,0.02570921708494045
2021-10-01,0.09878873042688929,0.011884165713622163,0.006201797990240232,0.0022530453929923144,0.008415565445407447,-0.0881589914428128
2021-10-04,0.020698758241741277,-0.012896024481564461,-0.020989285049429096,0.0046783175745395145,-0.0025462732148068268,0.08815159570501252
2021-10-05,0.048905889117254686,0.010404889997605915,0.013498941178386348,-0.004656532835140448,-0.009655792083898995,-0.07229964780507026
2021-10-06,0.0746704982911468,0.004155981183780577,0.006407732860971738,0.0026733243283083574,0.005641069832003964,-0.014084471727988102
2021-10-07,-0.02809653406297008,0.008645771894685295,0.009174894568489966,-0.005271739220885419,-0.010457484208669321,-0.06952376592726939
2021-10-08,0.0030082765538104184,-0.0018237155137355021,-0.004986557231994815,0.00042636491147840516,-0.006998943382481526,-0.039406367537669684
2021-10-11,0.06516734609560992,-0.00723980312873429,-0.007669702472917206,-0.0018875818465466931,-0.002537745898755772,0.06553007523916032
2021-10-12,-0.025114999851183484,-0.002461465935719498,-0.0034877288203731815,0.004514430828637339,0.01710028857193313,-0.007499980926513716
2021-10-13,0.02426861834211813,0.0035976509658564026,0.008007822538028897,0.017794197805277356,0.00972636487654488,-0.060957227635665134
2021-10-14,-0.001386283921372633,0.016820672237532808,0.01841681683691765,0.0024464685904206362,0.0037156268811280313,-0.09549349987025113
2021-10-15,0.07453440740995654,0.007615803947993438,0.00630066773059923,-0.015892846243722114,-0.005826959313837365,-0.033214789621489715
2021-10-18,0.007015768784613963,0.002960445225266506,0.01005555520120427,-0.0024799108302698825,0.0046886292114505235,0.0006135110030618396
2021-10-19,0.036047967727284025,0.007714905075203671,0.0075676018838048975,0.003213671993580469,-0.013794222775069809,-0.037400348047283094
2021-10-20,0.026934175102288238,0.0039276279301292405,-0.001304788215089947,0.008763958748792211,-0.006750225161740064,-0.013375798770586256
2021-10-21,-0.057319313661295834,0.0026084384714781805,0.00610672894054165,-0.0008987052245035265,-0.0011916908740022825,-0.03098770492762115
2021-10-22,-0.024399647264276236,-0.0010363698882560612,-0.00840248564939916,0.006116967151190034,0.011013192813692507,0.02798135042568428
2021-10-25,0.03867969945717453,0.005362922246354707,0.010237918569182325,0.006914158513320778,-0.0015263579779509762,-0.012313709027853004
2021-10-26,-0.04244985266320056,0.0009000910379426408,0.0031487503295946073,-0.00739951491266011,0.008269068650876843,0.04855641615694517
2021-10-27,-0.03116779376295975,-0.00443037884325459,0.002321107888315632,0.002624060476058121,0.018194344901160786,0.0625782245710913
2021-10-28,0.03658793903693369,0.009649029407620802,0.011105378063654081,-0.00023788536339730548,-0.0033842641387569206,-0.026501700101433157
2021-10-29,0.02648913766352501,0.002029049668042404,0.004919086229326908,-0.008507900517562339,0.0030564003348034774,-0.01633396530841069
2021-11-01,-0.01966251984653955,0.0017203351854186977,0.003418630753423413,0.005220584505493342,-0.007199728369072456,0.009225068660444258
2021-11-02,0.03642353446805324,0.004042997485198319,0.004181610873386754,-0.0021490007233168074,0.00443804631836664,-0.023156560895795986
2021-11-03,-0.004054563588107407,0.006105291492207288,0.010615341400266987,-0.008315382622616663,-0.010333601975219486,-0.05801623614093532
2021-11-04,-0.024103783966732184,0.004712530789279246,0.012818554620604106,0.011340951773961994,0.010510543554869134,0.022516502670477445
2021-11-05,-0.005313959884109654,0.0034694074869632274,0.0009544773251752847,0.0130629437586407,0.014955335491675603,0.06735751231330078
2021-11-08,0.1053755604568023,0.0008536897716795444,-0.001354861984258826,0.003591619309376348,-0.0018749367763313263,0.044902899980162614
2021-11-09,-0.008806096371717143,-0.0033053043120474523,-0.006883290447095458,0.0049281100201232775,0.013018356373267759,0.03252040624976815
2021-11-10,-0.029513867421399387,-0.008044525884608467,-0.014696961483455562,0.010858781500706183,-0.018283174671413382,0.05343075471894454
2021-11-11,-0.0006965054346836919,0.0003232168018820758,0.00277271926501399,0.005602086369596027,-0.0014844879007211986,-0.057127587879079234
2021-11-12,-0.01222509636324598,0.007546961652443285,0.010522639194099792,0.0018952552280546708,-0.004392165804441017,-0.07757638412921752
2021-11-15,-0.009322134464723741,0.0003422155436905161,-0.0002283065094382808,-0.0015477459282561279,-0.012557131442731628,0.012277399898743102
2021-11-16,-0.05344145330150951,0.003958050775406896,0.007121100370621525,-0.007233864736584827,-0.002543289619379996,-0.007277072986680122
2021-11-17,0.003436857419438999,-0.0024293592718371837,0.0005285692676011422,0.009137183945092442,0.007925444251706049,0.04520462633970257
2021-11-18,-0.05674983989800575,0.0033963286834106654,0.010361033958672383,-0.0032091550635745536,0.0037599529972129897,0.028053741970408108
2021-11-19,0.020677857806173483,-0.001788175577264628,0.005575797070164423,-0.007646325240812324,0.010557956074276786,0.01819213712611245
2021-11-22,-0.031491781625866744,-0.002815033866272132,-0.011609267158457559,-0.022420457120115533,-0.011728028297032456,0.07035177217290145
2021-11-23,0.022735855747423095,0.0013259391297320011,-0.004557846675967703,-0.008652404091134991,-0.014459025620241261,0.010954568786483598
2021-11-24,-0.02238438701660228,0.0026697783028721833,0.003220193964705853,-0.0009565020521100642,0.016055228759793483,-0.04127963218285824
2021-11-26,-0.04816346213843081,-0.022303012268012234,-0.018958806670089423,-0.001615539860939763,0.02526879607486321,0.540366036423789
2021-11-29,0.07908940298355094,0.012266477749790061,0.02170254991406817,-0.0013785494630753625,-0.008038424192246874,-0.19776385705068866
2021-11-30,-0.013858989986877734,-0.019457609996626823,-0.014686367812641543,-0.006721853018899604,0.015202416020777543,0.1842335199588756
2021-12-01,0.003936508510805847,-0.0111072141521672,-0.017012743942333097,0.003987937535404162,0.0061691085906843135,0.14453844163236207
2021-12-02,-0.013140205787574133,0.0153163687699156,0.00720668089047849,-0.005536820827328315,0.0012475314421578343,-0.10186375291794603
2021-12-03,-0.05098586481791345,-0.008701362152198522,-0.017388390615464266,0.008412002804647267,0.01193197543537794,0.09731660962818656
2021-12-06,-0.05626342862927458,0.011843223563124283,0.008012970127824204,-0.002460563224478851,-0.01373541695652547,-0.11379197138690988
2021-12-07,0.002322159783127109,0.020684656900758602,0.03011380674423636,0.003549490636251651,-0.008079960010574316,-0.1946284347362568
2021-12-08,-0.00385184874717448,0.002648205981368834,0.004474288633772083,0.0005395140531609943,-0.0172849513297596,-0.0909090829878787
2021-12-09,-0.05608726213196957,-0.006751549695377834,-0.01471435643583796,-0.006111378376110088,0.005593664479913496,0.08442212750654599
2021-12-10,-0.00899511908452133,0.009413615767862149,0.01087048164975668,0.004219899491422874,-0.002412386197304439,-0.13392026876115581
2021-12-13,-0.010706791620439637,-0.00885835931561385,-0.014446823794141639,0.00252130006200435,0.014779181115595064,0.08667730795045947
2021-12-14,-0.00267125345649466,-0.006880320347280033,-0.010350418775260883,-0.009341302746070368,-0.002383416405808081,0.07779418834331042
2021-12-15,0.04900151967252708,0.01562518219252529,0.02279765290750868,0.004291534360497673,-0.009621448777634156,-0.11877563027025972
2021-12-16,-0.025181582897818466,-0.008818599161933616,-0.025714774756378733,0.012097561477355745,0.0003882413029294707,0.0663555582450257
2021-12-17,-0.030699007215741814,-0.010642823764258402,-0.0049891033945872465,-0.002140821851282393,0.01133176616353948,0.04861448783840361
2021-12-20,0.014677518097484077,-0.010633534968722214,-0.009700463613051546,-0.0042312675861405635,-0.007491311638398002,0.06026894588789067
2021-12-21,0.04386356169401262,0.01775903520669231,0.022380518114208936,-0.0004188884251822289,-0.0038083152951831067,-0.08132927599900819
2021-12-22,-0.006295931447672265,0.009998962673112288,0.012178465704296704,0.009400024100517657,0.004627383097792759,-0.11327944037066295
2021-12-23,0.04433669194360079,0.006221914991133337,0.0075390698640041,0.0022540179789249937,-0.008676894713495975,-0.035963505446898525
2021-12-27,-0.0028378931149228848,0.014152190459859604,0.016527152867696904,0.002367247994286892,0.0024239808454153966,-0.015590133272275541
2021-12-28,-0.06025942562091624,-0.0008171310463721548,-0.00463449734890875,-0.004310065233419702,-0.003962788431031927,-0.007918517377369816
2021-12-29,-0.02404227880624954,0.0012792056845485344,-0.00014934273979316792,-0.0002965076609273698,-0.010924890329991443,-0.03363740717171748
2021-12-30,0.01579112126431248,-0.0027646297481497273,-0.0029884715000332296,0.0071772153754725565,0.008386703989196276,0.02241882853465449
2021-12-31,-0.018476352917798256,-0.002520131146540483,-0.006244781209190919,0.00683158799329231,0.001960109670742005,-0.006347409742402221
2022-01-03,0.0032753944721179984,0.0057899544277022486,0.009626844011557889,-0.015383743445999576,-0.026250069854024005,-0.03600458516882421
2022-01-04,-0.012065555013512697,-0.00033492269416623976,-0.012970428655270205,0.007366515057776857,-0.004157558248687132,0.018674666193889244
2022-01-05,-0.050734060615097554,-0.019202057289542496,-0.03072115372835671,-0.00300766493835114,-0.005428119347850591,0.16676521113368237
2022-01-06,-0.009366159015892994,-0.000939470654300778,-0.0007026575983037908,-0.012244126909514819,0.0025884290125801623,-0.0060820544687738565
2022-01-07,-0.03714070469186992,-0.003953548850726074,-0.010832795313910681,0.004551137683908024,-0.007188165141294722,-0.04334525012819401
2022-01-10,0.006337167184753412,-0.00124435440816828,0.0006581384202533069,0.0030402057039400354,0.0024600989892329395,0.03411510564179698
2022-01-11,0.021869109453241498,0.009108161561002692,0.015021952097798774,0.0120646549718888,0.0066615807972101315,-0.05103091704045948
2022-01-12,0.028389418684672707,0.002703518551097517,0.0039658828006057245,0.002642622730480104,-0.0038308186076706496,-0.04291140764402346
2022-01-13,-0.030888714484173407,-0.013778409012660586,-0.025016232382020553,-0.0033969884760131075,0.008879860486433078,0.15266733817170586
2022-01-14,0.011930269358978673,0.0004090094632835939,0.006222604864674075,-0.0028796749096049457,-0.015108932743065906,-0.05514519750543956
2022-01-18,-0.016799801840264417,-0.01770975062228397,-0.02489424302746135,-0.001650255097062403,-0.014074785873261497,0.18759772179685963
2022-01-19,-0.014897823244158781,-0.010383519432108357,-0.010983705583717751,0.015880526897095182,0.006923750115424676,0.04651160260463971
2022-01-20,-0.02548634039729203,-0.011068127703654063,-0.012988357762818259,-0.0024988838330701757,0.006167000474008644,0.07295596407914773
2022-01-21,-0.10381165615712484,-0.019630598079265704,-0.02772873250191088,-0.0032624385581478954,0.011906763018435296,0.12739352127562054
2022-01-24,0.005403900730231115,0.004246799885810004,0.004577964166976534,0.005494198734739664,-0.008215774566416312,0.03639512038741466
2022-01-25,0.008175727030871549,-0.01220898237120227,-0.023181447675238553,0.0031971345443269072,-0.0016144568045445284,0.04214047641997154
2022-01-26,-0.002757016878562668,-0.002508809799042111,-0.0015647684568539377,-0.016166464916677392,-0.012094264811546296,0.025673916591080648
2022-01-27,0.007763821260712289,-0.004937887984931555,-0.010070300761247486,-0.012898211138547944,0.018363171524986788,-0.04599497357522364
2022-01-28,0.017397102127314046,0.024835273865659424,0.03136883718631389,-0.0029832934474428585,0.0003495268903876969,-0.09281731534766324
2022-01-31,0.01849425227822099,0.018011233931528148,0.03197818827232157,0.005924537392067553,-0.0051703273164531716,-0.10231380836290327
2022-02-01,0.00676006528835682,0.006756733863465092,0.006803688155704535,0.0008328835308379912,-0.0033191801329558457,-0.11558601885025821
2022-02-02,-0.046209029430310355,0.009714171554351836,0.008125284571852687,0.0036259919505645666,0.0033865682884024473,0.0059199031664420865
2022-02-03,0.005456046132945147,-0.02350501722143461,-0.04054364103772101,-0.0014214062993387344,-0.0078056396236679815,0.10230874663969036
2022-02-04,0.116978066100073,0.004702247060859532,0.012615059045591792,0.0015420788696549614,-0.014742285333038119,-0.04640661397998014
2022-02-07,0.056370140539205416,-0.003209406162276718,-0.00804460683196384,0.007402581993851909,0.0006476459420607927,-0.015503820570566651
2022-02-08,0.0063448528050995545,0.008228102598017983,0.011235264017851021,0.003056870675416823,-0.006686231725565039,-0.062117237024522876
2022-02-09,0.004994545046617338,0.014635988319403825,0.02119087273827369,0.0033991784238243117,0.0018819566396155452,-0.06902991663801339
2022-02-10,-0.01744935921313273,-0.017965689106528848,-0.022632524853096192,-0.0037965605384254753,-0.015892731377325053,0.19789583888369267
2022-02-11,-0.026561982607033352,-0.019718842598774988,-0.03172177717838276,0.019054878321533186,0.014827795805472999,0.14429112442310887
2022-02-14,0.004220447380870684,-0.003269005725656804,0.00123905690099968,0.005350715998122091,-0.012441081825217082,0.03545319048668061
2022-02-15,0.04668769779745485,0.01612691363591967,0.02486391569653823,-0.009499848975192515,-0.011352725318725332,-0.09283442173841527
2022-02-16,-0.013759752216496501,0.0011206052795318389,-0.00025262213149368495,0.010284254451501385,0.005926670500765896,-0.05486380566359328
2022-02-17,-0.07788223029977337,-0.021361425001345302,-0.029743804947205743,0.013668073780773726,0.007438501545992349,0.15726634626770597
2022-02-18,-0.012507647384577658,-0.006475108918448602,-0.011405316155269518,-0.0007334549100845855,0.010526915020773409,-0.012806851744392778
2022-02-22,-0.04358997378007068,-0.010731469830807638,-0.01004390613171835,0.0020890378623359407,0.0026046205869609818,0.03819817895287869
2022-02-23,-0.025843815613622922,-0.01773880954076168,-0.02561501573531566,0.0045072272703239324,-0.013781574078613579,0.07670951172469942
2022-02-24,0.027778400368163814,0.015049221046925743,0.033604301344484,-0.006450131470019049,0.0006583593684537092,-0.02256611065794678
2022-02-25,0.022998939789759643,0.022063993555344608,0.015507242655487197,-0.003330678220184624,0.0007315302821244707,-0.09003956364492816
2022-02-28,0.10146869558634264,-0.002558472707895665,0.0029786498225425895,0.010365345791119474,0.021917847232188148,0.09278722188416721
2022-03-01,0.026888524570001016,-0.015230356599403971,-0.015311291769332436,0.018163415997793697,0.011562304547739544,0.10514096571814391
2022-03-02,-0.009706302725009275,0.018396249151118926,0.016779367219050823,-0.010406339832951472,-0.034182511415770334,-0.07743097080840666
2022-03-03,-0.03351981142193561,-0.004978430922474741,-0.014284869813676604,0.005953415398956663,0.010185195907576494,-0.008458042642086161
2022-03-04,-0.07806935036049167,-0.008124564950851343,-0.01449188449707206,0.015929145881701023,0.017263918687138613,0.04921259916429599
2022-03-07,-0.027481661010375302,-0.029479350465598353,-0.03688096664600815,0.014862865283030269,-0.007629923346783585,0.1397748994586303
2022-03-08,0.017740259990833174,-0.007581573599507618,-0.004648344792221759,0.027358997610294145,-0.010059517050284406,-0.036213982639098585
2022-03-09,0.08378639716414904,0.026810768035371524,0.03599833584123302,-0.029711176156992036,-0.009798688051474769,-0.07628807923971881
2022-03-10,-0.060630954045771346,-0.004515735069287485,-0.011104953852992594,0.0031212277978962533,-0.014367568214271875,-0.0684129789987108
2022-03-11,-0.016291319622939393,-0.012714952639469423,-0.02073845926820017,-0.007027884128157469,0.003346567407788159,0.01720147091094537
2022-03-14,0.02247150056592595,-0.007308124478395128,-0.01920445384059133,-0.015073711931138378,-0.02334909418975817,0.03317074659394059
2022-03-15,-0.008268101563720931,0.02199018881678172,0.03136685404186279,-0.01870545038411886,-0.0017452494215874914,-0.06106391268822087
2022-03-16,0.04588714481344902,0.022174423015219213,0.03708637186009889,0.006260803404375848,0.00980765774009451,-0.10593361902427767
2022-03-17,-0.00467993171076464,0.012510858232783306,0.01210651189090961,0.004888644573449508,-0.007453517692911804,-0.03749531297860276
2022-03-18,0.020750884742987363,0.010952647041672758,0.020467803537398188,-0.008789852082788041,0.012212351992553216,-0.07012073360774285
2022-03-21,-0.01730000366317619,-0.0002923327286165067,-0.002780311691609194,0.007640798069546317,-0.02315640693199439,-0.014243826587096553
2022-03-22,0.031180014163224357,0.01170138505388607,0.019652869749181567,-0.007250775291250955,-0.01281172243628903,-0.025074378893781613
2022-03-23,0.012610091153007819,-0.012878395275083387,-0.014371300536501708,0.013659661796972422,0.021914560980233144,0.02746290959458708
2022-03-24,0.024898646221148013,0.015074422804526977,0.022226472362130822,0.007260367097212672,-0.00783265601047034,-0.08061093097712246
2022-03-25,0.008821397620525806,0.0048834846778156304,-0.0008340209539062782,-0.004095451209537915,-0.013872843129432044,-0.03968623014876527
2022-03-28,0.0626686132415537,0.007113065805072427,0.015472488737328316,-0.018203790082975457,0.008549755926473779,-0.056703524048953846
2022-03-29,0.0071661546110000085,0.012370940707510991,0.017209655569311755,0.00044678784846130526,0.007552429595015564,-0.03718795585561396
2022-03-30,-0.008491735032190584,-0.0061749653373625035,-0.011045579192446198,0.008038419372069505,0.007801562047030863,0.02275133935739304
2022-03-31,-0.03238210822970233,-0.015391225093556615,-0.012394707903580882,0.000387595883929448,0.002428915560760414,0.06363163720077791
2022-04-01,0.016315115388267687,0.0028340719493600286,-0.0019032844541362337,-0.006365867342034592,0.0038065856209339444,-0.04523347905316466
2022-04-04,0.007368607002928185,0.008566638596647635,0.02058856320480551,0.004846769455083555,-0.006949862748275026,-0.05399895625369899
2022-04-05,-0.02287907280900814,-0.012631382545144287,-0.0222040484251651,-0.006264842571455875,-0.02259259819354964,0.13247178418139316
2022-04-06,-0.05156849392240015,-0.009999230072976761,-0.02171161371683139,0.002343216670796844,-0.008093941283436878,0.05087967950013872
2022-04-07,0.006876459247305178,0.005038924637421172,0.0023781027432170365,0.003784886240234764,-0.0075322049097164,-0.02488692918169999
2022-04-08,-0.02795577079433975,-0.002673947824262557,-0.013979417165878916,0.006265969312183373,-0.010831112898453732,-0.018097420113952323
2022-04-11,-0.06540351140375789,-0.017092454938155477,-0.02365714136144803,0.004959463770487282,-0.015824529320769387,0.15170137121782057
2022-04-12,0.015315083892861292,-0.0037051205867513204,-0.004224418612230885,0.007676751619003053,-0.0013805949024700004,-0.0045137712992801005
2022-04-13,0.025906300465151855,0.011453555547129124,0.020327034148661216,0.004788537865617837,0.002032939978320769,-0.10057710268084685
2022-04-14,-0.029908006531745968,-0.012451815604716643,-0.022867036929738238,-0.003303550666205468,-0.020045279006628447,0.04033002201755176
2022-04-18,0.02230343604709617,0.00041115551242709714,0.0007682198357190639,0.0030971927027434454,-0.004969141282684553,-0.023348047085126056
2022-04-19,0.016571096753378534,0.01614275665581144,0.022350816670852813,-0.015112904376299419,-0.007490490253785453,-0.03608476474097866
2022-04-20,-0.003093074404708074,-0.0007414206083833363,-0.01458436713912159,0.004894947496407287,0.02012591301664357,-0.04913435204370564
2022-04-21,-0.020471984048854197,-0.014953563756987864,-0.02069108292173205,-0.0035576001936850066,-0.007398346928652044,0.1161417640647251
2022-04-22,-0.019420038833716236,-0.02743927957590364,-0.02618587130928607,-0.0097220932450649,-0.006293856791483421,0.2438271033900683
2022-04-25,0.01806699784007937,0.005797675374500377,0.0128456483149344,-0.017970993150090764,0.010000560197201303,-0.042183575516809735
2022-04-26,-0.057858267871623625,-0.02896079727872003,-0.03774488297846079,0.001525017044941901,0.010066978080054856,0.2405625421864992
2022-04-27,0.029478882606909007,0.002811781149324899,-0.0011980579224490917,-0.00755702425744631,-0.012825721882912977,-0.05727923777069188
2022-04-28,0.013575224570606004,0.025259328527641234,0.03551572257321123,0.005398323510093839,0.0014895730257071804,-0.050949385788478296
2022-04-29,-0.02926557389929385,-0.03695567229955188,-0.04499866321615498,-0.00011297696546286318,-0.01297332863256373,0.11370462756871169
2022-05-02,-0.0020848604048010477,0.006019496853815864,0.01669594930448537,-0.018540493535693647,-0.01733379764769949,-0.031736566612720285
2022-05-03,-0.020215120218891713,0.0045839901402320304,0.001067622547865854,0.00264926246698316,0.006741925642337554,-0.09554731410044925
2022-05-04,0.051599856624237495,0.030452972089402452,0.03381227271321707,0.009822544372671826,0.005509946752596306,-0.13094016833183098
2022-05-05,-0.07867402068901796,-0.0355429472286507,-0.05036414715841009,-0.003811138551277793,-0.027398392874707245,0.2273800420652159
2022-05-06,-0.014606061408683924,-0.005968633653426814,-0.011981055892795633,0.0016558743678838361,-0.01473532397787325,-0.032371801416157364
2022-05-09,-0.15937352462630372,-0.03201743205450214,-0.03912673333219985,-0.014479496708730832,0.008797540305911511,0.15104337148978209
2022-05-10,0.02396125848050934,0.0023106038151679,0.012148794052214917,-0.008445202872691127,0.009069449505362481,-0.0506474337131857
2022-05-11,-0.06725839173272163,-0.015886190891927,-0.02965846082860213,0.008167128516088473,0.019272560131713634,-0.01303426139127628
2022-05-12,0.003849706798608521,-0.0010439699804912772,-0.002364367130974987,-0.015333925720196762,-0.0018655890022083454,-0.02426292635771765
2022-05-13,0.008102229834508146,0.023907923212204807,0.037060311973570625,-0.00810956630229509,-0.014780691462081164,-0.09128106946002879
2022-05-16,0.019800307464528766,-0.004057605065675984,-0.011591716985892342,0.009538483763206873,-0.0010350001634452655,-0.04849329702742333
2022-05-17,0.018850785235190015,0.020570456664833037,0.025901214567426223,-0.006279296383541522,-0.012083671764735349,-0.04987255064177387
2022-05-18,-0.05605711989808215,-0.0403116044030114,-0.049090222711664744,0.0005314848929158789,0.021317565455602372,0.18620684413680677
2022-05-19,0.05550304428240649,-0.006124655768139808,-0.005358441878707598,0.014697234801531733,0.002395234015703185,-0.05200254362444057
2022-05-20,-0.036734890846488066,0.0004367733796213358,-0.003107813738687515,0.0006980112537449124,0.011350137274200423,0.002725721385562929
2022-05-23,-0.0034872430393091403,0.018709987353956237,0.016627112892506624,0.004650369455528214,-0.016454371933283807,-0.03228001199756625
2022-05-24,0.019130468401079792,-0.007633836520941295,-0.021262024247597378,0.007521859850632806,0.019732690908668804,0.03405903217324835
2022-05-25,-0.003143576713387941,0.008834722249584592,0.013995309073562723,-0.006029994959596108,0.003953880232605567,-0.03667232243556173
2022-05-26,-0.009983529917456657,0.01998179626561436,0.027707122688480634,-0.0018488983177334939,-0.004524960446123827,-0.030666225361201227
2022-05-27,-0.02185551924250806,0.024548880055918598,0.03263997005440178,0.00052102106703944,0.0024411089855556067,-0.06472729769620034
2022-05-31,0.11054853282162536,-0.005610956306688619,-0.002652746573345799,-0.009893009276743081,-0.021162381293859056,0.018273764900883505
2022-06-01,-0.06269536357891181,-0.008088622487231856,-0.007396258672606404,0.006369033199590923,-0.0011426238950945633,-0.019091255815355868
2022-06-02,0.02243049790035867,0.019043672008983492,0.027385652247331915,0.012309182073779512,0.0005159728767965,-0.03775792917626375
2022-06-03,-0.02504629358369581,-0.016411772748628595,-0.02601952437460675,-0.010152017266979896,-0.0021499242904237104,0.0028317801018318267
2022-06-06,0.056095453060653444,0.003044945832538559,0.003331215144819488,-0.0044037229040009285,-0.01844335518796747,0.011294827307630095
2022-06-07,-0.006859698773187373,0.00959235438333983,0.008625821965283942,0.006518420844169315,0.01079969203911757,-0.041882698438058696
2022-06-08,-0.03020730515832104,-0.010872430983080217,-0.007196402707665417,-0.0009251975242893229,-0.008860063002285812,-0.0024979755265417403
2022-06-09,-0.003387708269364409,-0.023782649927422517,-0.026784902228285556,-0.0031832564859568535,0.003330102373591437,0.08889821158196898
2022-06-10,-0.03414563715680452,-0.028995786452373995,-0.03527057162542424,0.013412283666592417,-0.0062019743727775856,0.06362590408982616
2022-06-13,-0.2268071899980847,-0.03796829440501992,-0.04649609268337085,-0.026412288230091452,-0.03137908930597355,0.2259459624419342
2022-06-14,-0.012477914053041661,-0.0030132960784126084,0.0018156228568246835,-0.008003209616781914,-0.012613135819253274,-0.03909470350260291
2022-06-15,0.01648355417709846,0.01425652878673267,0.024971550794762765,0.013050939388113303,0.01865587741335517,-0.09391244773461938
2022-06-16,-0.09707194434960298,-0.03309614539977601,-0.040346490768885857,0.011243181594596585,0.007939574657513715,0.11242403205118334
2022-06-17,0.004407495444594733,0.0021557036196331314,0.012159668533709311,-0.008222816311715064,0.0032224448324107424,-0.05523525220126546
2022-06-21,0.011680406403763444,0.025173682455234214,0.025229558757026593,-0.0037367862070599722,-0.01695219009978466,-0.030195909156774836
2022-06-22,-0.034937106663198714,-0.0018131866669837127,-0.001458631218242079,0.003985188163408093,0.027500445687091535,-0.041073194739407515
2022-06-23,0.05497803800296652,0.009802922552018867,0.014892982633237795,-0.006129257292171064,0.008215084595666777,0.003454178635086791
2022-06-24,0.006913598955313738,0.03179361261379254,0.03426363694285617,-0.0009984622015154487,-0.01384290663601484,-0.06265059354983915
2022-06-27,-0.02336971400311738,-0.003819522191218394,-0.00733186616134196,-0.0011170700540719114,-0.00852889941901791,-0.01028273169313021
2022-06-28,-0.02193553187871977,-0.020433038241918666,-0.030466836292999844,-0.0016480211262837052,0.004659594618293239,0.05231910231895376
2022-06-29,-0.008708372798288844,-0.0008143085549423557,0.0009171621361978577,-0.0007663579045243951,0.015608247836013112,-0.007052212927895818
2022-06-30,-0.01588223750298734,-0.008124328121958069,-0.012403088659107109,-0.006077047294322124,0.008781705342266521,0.019531223012811516
2022-07-01,-0.02604834458398897,0.010576535767439887,0.006600574730578401,-0.0008310541616338707,0.010266961255413376,-0.07001039309054802
2022-07-05,0.04778299348991011,0.0018887243594858383,0.017119777992722574,-0.02120964335120412,0.007857079482309848,0.031460678973232126
2022-07-06,0.017737930428710857,0.0033772128823290615,0.006411979972999138,-0.015842188833696924,-0.016791076377244973,-0.029411813593453018
2022-07-07,0.053013857820514154,0.014977122951232102,0.021399086952388124,0.000555053276362516,-0.008800147584577256,-0.024317232684692103
2022-07-08,0.004322538045727464,-0.0008225063833630086,0.0012543494527563759,0.0004315313201161963,-0.011075770921058714,-0.05521474456557396
2022-07-11,-0.08101564828372909,-0.011423596307784445,-0.021364704150307112,-0.005360507452973451,0.017244383678631126,0.062094185249382816
2022-07-12,-0.03237979740682695,-0.008848964325125053,-0.009687253322819944,-0.0037167247224720867,0.005941865892939768,0.04279712785511025
2022-07-13,0.04596171114078618,-0.005251700887301869,-0.0020613644707152545,0.004787690503602615,0.011466261570659997,-0.01722246994999932
2022-07-14,0.017704551212910147,-0.002428657031186443,0.0035711243278579996,-0.014047055610919013,-0.008158735440551679,-0.01565995828012623
2022-07-15,0.012951348577769028,0.019105383782943797,0.018139033890280265,-0.0020084561635671516,0.0056282036793871,-0.08219697377460611
2022-07-18,0.0791579647925611,-0.008257008501267982,-0.008462603034661509,0.0009433945063559435,-0.010418308813700428,0.04416012030702099
2022-07-19,0.0401919693193753,0.02701916990267117,0.03075327907321146,0.0023874693093759447,-0.0053944882503284,-0.031620524157513485
2022-07-20,-0.006742410894342465,0.006373116320349981,0.015856352353053493,-0.009402031234323593,0.0026240707434146415,-0.02530615670340397
2022-07-21,-0.0028884421706671937,0.010183152728289402,0.014355147146520641,0.014110421925231709,0.017276278498374875,-0.03224449654420847
2022-07-22,-0.01941107679491816,-0.009278207615203815,-0.01753539446456731,0.00249575020790771,0.016810858638381054,-0.003461701496893066
2022-07-25,-0.05957643071593122,0.0012150370264016885,-0.00569523937196903,-0.0027385476219622396,-0.009784849387540984,0.014329132169649261
2022-07-26,-0.005708686992848544,-0.0118309932517916,-0.019649333278820902,-0.0011858106875901608,0.0007667707305667459,0.056934926753241966
2022-07-27,0.0796052030234431,0.025966351381424335,0.042260237849401694,0.010184984698782484,-0.005617771466375987,-0.058728259683077266
2022-07-28,0.0398306162434614,0.012542395277273188,0.009777583743354468,0.012185323455280006,0.007960665038512671,-0.0391566203259186
2022-07-29,-0.0016462880701044735,0.014578799360348116,0.018237148876857567,0.0028110896821249565,-0.002717584255766625,-0.04478280355650055
2022-08-01,-0.020602443129997372,-0.0029611641608958683,-0.0006021530163796696,0.0056672312077465925,0.024083590006805933,0.07079232228236565
2022-08-02,-0.014415336683737068,-0.006597408908151858,-0.0029817647065234487,-0.005938288400823777,-0.021159768754624553,0.04772329883125637
2022-08-03,-0.0057275961266136655,0.015659582310677544,0.02723275833540617,0.002438243761313297,0.015744745819828543,-0.08274130869142016
2022-08-04,-0.009434736504108754,-0.0006757340927696642,0.00467628728503966,0.016539989487255546,-0.00033532404486225076,-0.02323463376561352
2022-08-05,0.029091011085651708,-0.001690050019013234,-0.00816873947275265,-0.011246066300201418,-0.023803308685944158,-0.013526161767891565
2022-08-08,0.02233521626611057,-0.0011610246418155556,-0.0032323882702771645,0.008470017618367853,0.016141352046534774,0.006619446785919081
2022-08-09,-0.02709709734425869,-0.003970905955735349,-0.011318586165349975,0.0030595386607856767,-0.003886865785687643,0.02254577367755073
2022-08-10,0.033815983988709775,0.021003722592797924,0.02791079642000338,-0.0025119508170524663,-0.0065313643773271535,-0.09324761800459969
2022-08-11,0.00041284726535173455,0.0,-0.00567609385374801,-0.0026382206776995876,-0.023309492059277126,0.023302988710988792
2022-08-12,0.018586602023192844,0.016929308021788048,0.019470709162818123,0.00919802099904432,0.010140868564529892,-0.033168319355867615
2022-08-15,-0.01089405736706095,0.004120731469598127,0.008081242616445605,-0.012867030834262327,-0.0008657257321444956,0.021505379494489052
2022-08-16,-0.010510085263709001,0.0019585615225161668,-0.0023419208140017522,-0.001750096754401964,0.004158056910821495,-0.013032592428007916
2022-08-17,-0.02291530796119967,-0.007097951156547877,-0.01140598979921259,-0.006468335614034371,-0.010437409287217814,0.010665265554941072
2022-08-18,-0.005281958173694035,0.002906351581009714,0.0024050270590505463,-0.0026164156896926194,0.0014819111029231724,-0.017085435130927973
2022-08-19,-0.10059931398792521,-0.013437871260496892,-0.019497151220532083,-0.007320625681104476,-0.016102653578836112,0.05316978240915504
2022-08-22,0.024972058525402963,-0.02082248312629953,-0.026327303012541603,-0.006637179344595956,-0.0033616786330118442,0.1553397473948257
2022-08-23,0.006036741981122917,-0.0024194580379724995,-0.0008270442988894677,0.0069908740848763085,-0.005503179177333117,0.013025268202878415
2022-08-24,-0.006181150878381003,0.0032013147852836266,0.0028972996626133174,0.0029489200401788818,-0.0073188526116911845,-0.05350480642350064
2022-08-25,0.009623023027591993,0.014117478954684959,0.017681740374548394,0.003062787136294043,0.013936433528065395,-0.04557401499065716
2022-08-26,-0.06207539958496022,-0.03384892578808485,-0.04098798099948098,-0.012152705301765265,0.007537367420547225,0.17355365748976292
2022-08-29,0.0018743619331869077,-0.006612333050425745,-0.009855800957953686,0.0006182375550920494,-0.00827331435689127,0.02543034554427015
2022-08-30,-0.024691382971281484,-0.010977863164356338,-0.011136252157512239,-0.008340578885610683,0.0024852711436944563,0.0
2022-08-31,0.012777568511970205,-0.007609042857014692,-0.005813523316615998,-0.007725314789180926,-0.009561206482384232,-0.01297208153817453
2022-09-01,0.0038592451457939436,0.003137797762270189,0.0004342164663024839,-0.008790162100319021,-0.018308072717791668,-0.011983044578061208
2022-09-02,-0.007818752974256604,-0.010544313346625644,-0.01412792453755407,0.008804709144487166,0.005656980213824658,-0.003521132803927185
2022-09-06,-0.056690859808325555,-0.003773208275991591,-0.007182600391312577,-0.0058394619355668365,-0.02476847090599088,0.056537124965786445
2022-09-07,0.024029314602578067,0.017965142911754883,0.02020134833415299,0.010168638866495439,0.015815623709541926,-0.08435527575753499
2022-09-08,0.0020481649337233954,0.006536138676405567,0.00518458614525108,-0.006002292729855863,-0.010257321536622288,-0.041801899545889976
2022-09-09,0.10612188190716765,0.01553531974882394,0.021862085833249,0.005283756568463582,0.0022205256922145367,-0.03473103234333241
2022-09-12,0.04626957701319512,0.010747551738482963,0.011885789733607988,0.005068186218703863,-0.008217197217788685,0.047389200540585596
2022-09-13,-0.09270006906083372,-0.043482371874841164,-0.054836402764790404,-0.01301133993119441,0.002327441953923204,0.14243818596528657
2022-09-14,-0.0027402074343571003,0.003815730151196739,0.007932851231758464,-0.003847613448870524,0.003436343246511875,-0.04070409210556314
2022-09-15,-0.026672422800232853,-0.01135333784346959,-0.016653803612502793,-0.018679143196684067,-0.0006480649359758006,0.004204916322369412
2022-09-16,0.003622774615297697,-0.007628853047778161,-0.006114757810177784,0.005549107201315628,-0.008335505038929547,0.001141940570009048
2022-09-19,-0.011554133658278176,0.007754941358323553,0.0077875634572299735,0.0007700871329356929,0.0023348850567934676,-0.02053228227542203
2022-09-20,-0.033428956945789956,-0.011478491835328342,-0.007971116580914539,-0.005706587274526553,-0.009970114754864645,0.054347810795459806
2022-09-21,-0.018177571658806957,-0.017443877980755085,-0.017906141815822396,0.004642973675810236,0.016752944829880878,0.030559643901659994
2022-09-22,0.04669928789927913,-0.008399783797046534,-0.01230774542886981,-0.0005776772692025478,-0.02554844954427693,-0.02286528741986016
2022-09-23,-0.005970680514919002,-0.016754668380463134,-0.01628155692833466,-0.01727683040546535,0.004084416246857403,0.09396708076704297
2022-09-26,-0.003884765289146941,-0.009892732659463221,-0.004137984735112177,-0.011633219026207842,-0.019110354190763124,0.07820849730188573
2022-09-27,-0.005832956039052206,-0.002552789793698884,0.00040117556943064514,0.002049841746687875,-0.026331169187934766,0.010539372916239298
2022-09-28,0.016544467837213528,0.019676330230869343,0.019892032758242584,0.02078665233491006,0.03348213934212385,-0.07423307614159502
2022-09-29,0.007532412719634118,-0.020888998418720717,-0.028827527717619983,-0.00019392836526865853,-0.0051758781931593445,0.05500330784050478
2022-09-30,-0.0072171538473359,-0.015463634625808131,-0.016956827220108495,6.462244018679009e-05,-0.012910950427059253,-0.0069095261400811125
2022-10-03,0.009869961793436799,0.026401310366315656,0.023460411241471357,0.024309785681440932,0.01588947126414597,-0.048070854440891986
2022-10-04,0.036347275524413414,0.030986503301847712,0.03144090845149261,0.014328122056449066,-0.002792941022731976,-0.03421929148145797
2022-10-05,-0.008660486125090072,-0.0023281144097091477,-0.000531829768497083,-0.005538266375543777,-0.009561602328699403,-0.01788787283187543
2022-10-06,-0.01018185214187517,-0.010315647434989916,-0.007872880340092148,-0.00112629171222689,-0.0055581759587883806,0.06900179591409161
2022-10-07,-0.02047530303595302,-0.02789400314886703,-0.038103990191707515,-0.010962851258976669,-0.0097078672031915,0.027522940366608406
2022-10-10,-0.020738136450417,-0.007635397169242442,-0.009996256140260229,-0.015201476317757034,-0.015546086891279898,0.03475765725043045
2022-10-11,-0.00470529894576166,-0.006332897187805386,-0.013738400737277834,-0.002058091550185215,0.004425578298812294,0.036363644913174786
2022-10-12,0.005565325579645286,-0.0032983919958112784,-0.00034261031559668087,0.00534932850905423,0.004906867885747346,-0.0017841620988797713
2022-10-13,0.011768739552548313,0.02639092162439316,0.02345269170078912,-0.006923532232980256,-0.009566250434931312,-0.04855523311243615
2022-10-14,-0.010176392755898878,-0.02278880868402744,-0.030057583951657474,-0.012458897998479546,-0.00825058781438004,0.0025046938750283854
2022-10-17,0.019029923070783772,0.025697038028797525,0.03302156261028277,0.0028762090057179446,-0.004869544666870285,-0.02029980041342172
2022-10-18,-0.011065647631146036,0.011749837467006197,0.007907945082672896,0.0021509701146735782,0.0023450538119249575,-0.02773352935793738
2022-10-19,-0.010079479991405349,-0.007086541454513706,-0.0036468331898000805,-0.013398358104674823,-0.018206024592161807,0.008524597668256861
2022-10-20,-0.004482602172654282,-0.00838534038483607,-0.005101843785617177,-0.0015822103586343728,-0.017093304853771363,-0.02535762941617703
2022-10-21,0.006231244583192241,0.024301427622664296,0.023447908278247276,0.017827646105301076,-0.0180227589042653,-0.009673082475206707
2022-10-24,0.009028754610696632,0.01223644150968961,0.011001134858916961,-0.003243594030472474,-0.00826455424826511,0.005389014635704514
2022-10-25,0.03878330120960949,0.015968577038605547,0.02068592037144068,0.002277944142005106,0.029112927194654414,-0.04656620700949654
2022-10-26,0.03356831063305088,-0.007534187468909548,-0.022096254933781756,0.006363608620383543,0.01440730151300107,-0.041461645670640146
2022-10-27,-0.0233314959115013,-0.005339985661561464,-0.018205916970696956,-0.001548523944967184,0.010470564336692023,0.004032210419143256
2022-10-28,0.015257721000682789,0.023790837738723702,0.0306004911875577,-0.010210687443231947,-0.006873816421627321,-0.05987584615530317
2022-10-31,-0.004834980587624993,-0.007223432725760981,-0.01162790439815753,-0.008161399648159207,-0.007128277317356879,0.005048511097732078
2022-11-01,-0.0005123007449325812,-0.004375739072191909,-0.010217690200710061,0.010203429757038585,0.00934565731330883,-0.0027047796404234825
2022-11-02,-0.015902620594443806,-0.025096224401307432,-0.03427727388541957,-0.006972548399621914,-0.004340245926682695,0.0019372780102207
2022-11-03,0.0025042468919260763,-0.01029693736461701,-0.01953471225926151,-0.003806036048150885,-0.0053965063915214495,-0.02165511833231948
2022-11-04,0.0463751969796804,0.014393114216766145,0.016085162042366763,0.030696289684813083,-0.016800862256188154,-0.029644269668647527
2022-11-07,-0.02574398871306105,0.009565696326924833,0.010994443108631291,-0.003962389674382338,-0.009976679757096374,-0.00814659314892785
2022-11-08,-0.10006131594948431,0.005395405858787727,0.007287596962095133,0.023099074133724695,0.010934910542357734,0.04887065771724597
2022-11-09,-0.14349022466876316,-0.020602131707665894,-0.023076627637998226,-0.0050172660211307285,0.003287042158822917,0.021534816654065425
2022-11-10,0.10742489862358795,0.0549542341567808,0.07378832611544861,0.030444387121793204,0.03847400445401439,-0.09812186473630413
2022-11-11,-0.03141443647663533,0.00967847828995505,0.018426339360792854,0.006606324071935177,-0.0036642471829120282,-0.04292393537646866
2022-11-14,-0.02442682832585641,-0.008506706218896154,-0.008751185844859122,0.002187655661719301,-0.0024515461620171486,0.05372997601585361
2022-11-15,0.016031463998783302,0.008528893477808497,0.013838298653289893,0.0035168677995043307,0.016180006703530037,0.03413406611531178
2022-11-16,-0.0127437818409466,-0.007628590042458083,-0.01364941398610775,-0.0022961020109516506,0.021868619818387947,-0.017522424170070217
2022-11-17,0.0010845070736082985,-0.0030599097740118264,-0.002207083992414427,-0.007267423593311895,-0.01055226654354069,-0.007465794301908857
2022-11-18,0.0006148167681003791,0.004540272871806472,3.4924626306498396e-05,-0.006893636502166456,-0.0068777581485092165,-0.03384870270006601
2022-11-21,-0.05452780602583007,-0.0036361549068539833,-0.010287078065856381,-0.005589952950737276,0.0042154965431711044,-0.03287198102485167
2022-11-22,0.025494274188105903,0.013457035504800485,0.01440282468189702,0.00117372396636517,0.014191501963456199,-0.0478532945266944
2022-11-23,0.02600021570334854,0.006301871679941895,0.010036621712453231,0.006231840940288613,0.017441807090698314,-0.04415220731024261
2022-11-25,-0.005349876691450706,-0.00022372567789952225,-0.006578313094321553,0.000858470616118101,-0.00338976212164277,0.007370988487393815
2022-11-28,-0.0184313307798164,-0.015957170853018288,-0.014673386494233331,-0.007903495498554403,0.0028182668034972824,0.08341458948647107
2022-11-29,0.014038085481754337,-0.0017174382788784914,-0.007569425648362826,0.004940425418036076,-0.011725931425535352,-0.014407911211844038
2022-11-30,0.044000289316970864,0.03150046220299041,0.045585579958695055,0.012781920270785507,0.007354160411223498,-0.05984465520642579
2022-12-01,-0.011732697360023692,-0.0007356586669619025,0.0012273394730422105,0.01838479961277617,0.03194627909682635,-0.03595722905060661
2022-12-02,0.007162515027905547,-0.0011536480005717165,-0.00398345934935096,-0.0034556830535615868,0.012575396083855717,-0.039314550435815665
2022-12-05,-0.006661375633558175,-0.01798934436382471,-0.016783308014055143,-0.017158885635801036,-0.014007033114588952,0.08866739671621793
2022-12-06,0.006755753090715411,-0.014414957001301243,-0.020720531745425208,0.0027373742314797944,0.012880137824367033,0.06843373861657565
2022-12-07,-0.01412428087141393,-0.001701108378555083,-0.004082437360893976,0.009039101712364994,0.02356258971478442,0.02300406978469849
2022-12-08,0.022871839541696026,0.007834191915316202,0.01183479044249025,0.0008416965556858891,-0.0027404683922233053,-0.017195740052941555
2022-12-09,-0.005821360340788395,-0.007470421993637011,-0.006376570620626687,0.003544160110315664,-0.02601463334671128,0.024226064872098885
2022-12-12,0.004277388934601722,0.014417232131443525,0.01255118504758701,-0.008260534556326027,0.003197583040514873,0.09505037597659727
2022-12-13,0.033410801008343594,0.007569804300587624,0.01075005713178867,0.017081132038632596,0.009656043372257672,-0.09800003051757811
2022-12-14,0.0019307922256450727,-0.006393450834678127,-0.007413872911671615,-0.0024330212847030186,0.0042711106255346465,-0.06252771153512049
2022-12-15,-0.02530276169357326,-0.024461557147516633,-0.033576413232491054,-0.01635930934057528,0.0039018506065937597,0.07994326314338274
2022-12-16,-0.04131220425223303,-0.011806360966733709,-0.009534504555089085,0.008708721678036602,-0.011170707706678829,-0.009198383056260973
2022-12-19,-0.012482647997679841,-0.008479598757734519,-0.014053655069098281,-0.0028178306902848504,-0.01680530148223658,-0.008841766380156879
2022-12-20,0.028384068842582266,0.0013682850144740577,-0.0007780493897034946,0.016594482836064905,-0.017756932652429946,-0.041926874703784645
2022-12-21,-0.005250676176186131,0.014952485782302238,0.014505930162924452,-0.0016560135809358112,0.002513634475639348,-0.06564245239575606
2022-12-22,0.0007615052090579333,-0.014266225474321326,-0.024465135157517692,-0.012085358459954287,-0.0001929041307801027,0.09466864212360981
2022-12-23,-0.001983838015767403,0.005752461247801266,0.0022490638520971107,0.002998321039039853,-0.01466058984372598,-0.05006820703232606
2022-12-27,-0.004749629071492678,-0.003943512221412093,-0.014138109368919016,0.008430011409881644,-0.019772481271992493,0.03737416137667604
2022-12-28,-0.009846255365429935,-0.012427830192429101,-0.013202940044893752,-0.004505807286929064,-0.005892407057891291,0.02263278428415183
2022-12-29,0.0054232979508825885,0.018000184890168747,0.02437514852357836,0.005598251568726287,0.011351291413573161,-0.03161693201844007
2022-12-30,-0.002388838052975517,-0.0026339200694653897,-0.0006005642081244877,0.0046786689817972515,-0.011124583994440496,0.010727590322163083
2023-01-03,0.004654183671500611,-0.004210012227946591,-0.0067597064765917425,0.008370656531798915,0.01908407911747312,0.05676047706072218
2023-01-04,0.010994150293785143,0.007720117982470853,0.004764374130158844,0.0094119059589024,0.013700375601231052,-0.03886460281546322
2023-01-05,-0.0015715814888571655,-0.011413534432385464,-0.01565462480066493,-0.012451461859522062,0.004180821730475737,0.02044519995053551
2023-01-06,0.006844106816741524,0.022932287783251626,0.027601588527591314,0.01870749684189077,0.018396265325069106,-0.05921638370081361
2023-01-09,0.014428172981383103,-0.0005669681587425757,0.006473098250371345,0.0022451175785793698,0.005324316435242782,0.03975391320164223
2023-01-10,0.014522576515372032,0.007012867044272841,0.008464562198613024,0.0036760446135073455,-0.016549873131067705,-0.06326806705012156
2023-01-11,0.02800615102017323,0.01264808388278782,0.01730010147422667,-0.000686793935011365,0.016251366308668302,0.024781352321307182
2023-01-12,0.052115795988246116,0.003640661827890357,0.005404579064412163,0.011568000967502767,0.019682098832361605,-0.10715980144763149
2023-01-13,0.05511441660269112,0.0038794324712942974,0.006880321795864175,0.012001783992939385,-0.009372884755450062,-0.025491213180093064
2023-01-17,0.06288157138594008,-0.0018319071239987217,0.0020287018577722638,-0.00654507834469964,-0.006463448478616685,0.055040883263509865
2023-01-18,-0.022339524368838015,-0.015787904410342835,-0.012999766537420743,-0.0028717524486322477,0.024231535039679786,0.0506198094700645
2023-01-19,0.019238045679950355,-0.00728005291263667,-0.009824534615524128,0.015868520044824974,-0.006259714248606052,0.008849572459461275
2023-01-20,0.07539125404137925,0.018629283274196995,0.027366795922028953,-0.003335405556458948,-0.016211541596672596,-0.03265107511439913
2023-01-23,0.011372050649439469,0.011998575276008117,0.022216162515180438,0.0018964337632443318,-0.004708007888025834,-0.0020151594336836887
2023-01-24,-0.012991945703908492,-0.0010734002122582131,-0.0020420413566931694,0.003618515163479552,0.014380253881923766,-0.030792464384042373
2023-01-25,0.021266153759075257,0.00037498524622070484,-0.002219246159629762,0.004603959599926544,0.002425262606935874,-0.006250043461718424
2023-01-26,-0.003680359408276712,0.010990235702529327,0.019497405967679793,-0.009055266877154966,-0.004651937619666646,-0.018343835580149404
2023-01-27,0.0019950339114214177,0.0022977952047837924,0.009954467835067815,-0.0013929904624704337,-0.0025239928536744394,-0.011745825879941552
2023-01-30,-0.010338084422132132,-0.012546906732210594,-0.020218800937598314,-0.002566715270248765,-0.0036546647550429467,0.07725555307905929
2023-01-31,0.013097316769725253,0.014703243786738929,0.014985940934994835,0.0036362115419990015,0.007994626152750595,-0.02708128891997874
2023-02-01,0.025259482888651652,0.010627888384401762,0.02138359666715406,0.012596814339808304,0.012021131308702637,-0.07886591800937293
2023-02-02,-0.01061797692681965,0.01455713580045881,0.0358898387826887,-0.02075193653580043,0.0012938291374546829,0.04812527490848306
2023-02-03,-0.0009606745041729203,-0.010629275566059637,-0.01777225421147255,-0.024957770292002968,-0.014955534823691718,-0.021356093342568938
2023-02-06,-0.029391591058277045,-0.006111295280818774,-0.008459172266610526,0.0020754098721176284,-0.0074037685073771176,0.06001093213574449
2023-02-07,0.022151986720186922,0.013078454842304632,0.020718896219034777,0.000920425708082595,-0.008025905643093911,-0.039629461949033495
2023-02-08,-0.013965290320121615,-0.010934573742186982,-0.017781209570364775,0.002471594120761589,0.0047591722644309,0.05198281464557564
2023-02-09,-0.04883996317743455,-0.008669123729276085,-0.008837951805997557,-0.007912418174625069,-0.009473177004988731,0.055017828317822426
2023-02-10,-0.007693073387383564,0.0023335087672395893,-0.006563111457202564,0.0019071943211166342,-0.01118976601919397,-0.008691376426090858
2023-02-13,0.007247546909874059,0.011739013618119243,0.016015786610070082,-0.005076170279846859,0.00841493612767974,-0.009254774851576553
2023-02-14,0.018924303145655852,-0.0004601509437346385,0.007389467021384988,0.0007537389032514774,-0.002301863624203482,-0.07030483256873721
2023-02-15,0.09392266116037784,0.0032473674937161245,0.007660682363850313,-0.00996466725346834,-0.00932515148066193,-0.03595982605303094
2023-02-16,-0.028154173176657027,-0.013768723711866548,-0.018764023176766842,-0.0008192368783922488,-0.014168242867811487,0.10641802428809233
2023-02-17,0.03988096453648349,-0.0024985291963322,-0.007055633496792835,0.002986790669610162,0.007776695796570365,-0.007436768367024893
2023-02-21,-0.005261342635805799,-0.02006079136927441,-0.023675223977782656,-0.003737004613899475,-0.019437348522530873,0.14235765815702117
2023-02-22,-0.01012875204423358,-0.0013781569835403795,0.0007480783083844145,-0.005626488586046308,0.009164109686351507,-0.025360730320178493
2023-02-23,-0.00997780485063493,0.0053194692655200715,0.00873427075393618,-0.0005304511136865475,0.009771975750302309,-0.051592708777226104
2023-02-24,-0.03129201289670536,-0.01068229738258586,-0.016744446342503716,-0.00719467575637045,-0.013000718083246432,0.025070988739244404
2023-02-27,0.013998722452083667,0.0034057003389516005,0.007161588789589057,0.003920334893926292,0.0027728674945897147,-0.03322562578770549
2023-02-28,-0.01596393470118429,-0.003695863725286519,-0.0012930021365542554,0.00455596886271592,0.004543351667758211,-0.011933173789771434
2023-03-01,0.02156606219747892,-0.0038358653937848874,-0.00803911452119499,0.005772150633673867,-0.010743319029037135,-0.0057971417782864965
2023-03-02,-0.007235050302163204,0.007777354735619246,0.008275930877982729,-0.0005855636445488699,-0.008867151834031528,-0.04810494532498932
2023-03-03,-0.047402129167592566,0.016037671817011878,0.02067368061503272,0.010723085619275707,0.024225917142753017,-0.05615111653403504
2023-03-06,0.0029995566692972986,0.0006928204409035743,0.0011347489461377425,-0.005043830646819902,-0.00775344434762093,0.006490040060511015
2023-03-07,-0.00936203961743065,-0.015328869758027941,-0.012265804687530024,-0.017480480627863337,0.0061324808342220205,0.052659833965358116
2023-03-08,-0.022578517406286358,0.0016321427380827647,0.004994184630629617,-0.00047445044105887124,0.0009829817277822173,-0.02450227353229084
2023-03-09,-0.06239311158608585,-0.01844995481658418,-0.017325883896450622,0.009849316056938173,0.0024554256941617947,0.1831501773005757
2023-03-10,-0.008632183779056501,-0.014429453505447443,-0.014043845684042155,0.021562856843419187,0.03448590755009073,0.09685973319727981
2023-03-13,0.19865460756129938,-0.0014249772628047719,0.007416518085120449,0.022948211912439564,0.0022733830952181844,0.06935489006518969
2023-03-14,0.022669294883089997,0.016529803114759378,0.022979830488396358,-0.005791064746217711,-0.016441723098896466,-0.10520365261572151
2023-03-15,-0.014956444322371198,-0.006254310511639605,0.005245936279693941,0.007804133170404848,0.01931033583225461,0.10155920328285806
2023-03-16,0.027766213062754286,0.01754528220069651,0.02636086162173612,0.002020092008242713,-0.007822866739019552,-0.12050496144149447
2023-03-17,0.0946457745317153,-0.011692681603456823,-0.004726220868574216,0.02912021467748982,0.015009160607889704,0.10961289616581449
2023-03-20,0.012518506448092381,0.009615606462570536,0.0035489426161914306,0.0003808677357699519,-0.008797493207212903,-0.05331244994705253
2023-03-21,0.014714466837708162,0.013130663783769148,0.014282505131565149,-0.018875115806276432,-0.00859248779988353,-0.11469981372746085
2023-03-22,-0.030820008681536337,-0.017046502017105225,-0.013598100237150135,0.01702060989813825,0.013333680348743826,0.041160014156131464
2023-03-23,0.03759177902540278,0.0027031668657599983,0.011858225637046305,0.012538176085624908,0.0,0.015723287415586373
2023-03-24,-0.02967065403073854,0.006562073196560103,0.003680441608873819,-0.011252350246951037,0.004229385192808577,-0.038478585393539766
2023-03-27,-0.012853919870491115,0.0018698398938543637,-0.006851358977742916,-0.009256722051406152,-0.023491041763779696,-0.052437874960925224
2023-03-28,0.004725228944394866,-0.0022446079810725106,-0.005311779475799083,0.008189093257242153,0.0018211765447742057,-0.030582575555772262
2023-03-29,0.0396180637553154,0.014534647748678742,0.01823395873186806,-0.00496077000653139,-0.002009277160605727,-0.04256377082360119
2023-03-30,-0.0111074503792854,0.005855496192996634,0.009465655193154232,0.009039576549164652,0.004601367487540697,-0.005230145244791484
2023-03-31,0.015871042968584437,0.014094638003109061,0.016630694642626453,-0.005212246135594234,0.014981054756806111,-0.01682437892337696
2023-04-03,-0.024167847656920816,0.0038105603585694148,-0.0024305740374239715,0.007204410308019105,0.0047029963816684894,-0.008021471644866773
2023-04-04,0.0135971982612757,-0.00554826398570718,-0.003373259273164564,0.018640958960437715,0.004971950022512717,0.02425880223436394
2023-04-05,0.000351267384649967,-0.0026181375031003595,-0.009872614441027494,-0.0007979247786651378,0.01045455690957997,0.004210522300318598
2023-04-06,-0.004749940528704033,0.0039010090672524367,0.006741979318580116,-0.007134091065472581,0.0025864972541571607,-0.03563942913495044
2023-04-10,0.05736812781190359,0.0010260478625492286,-0.0005658082117189212,-0.007399886547073353,-0.01612468328100447,0.03097824492616752
2023-04-11,0.019629666758571807,0.0002688819934837383,-0.0064178495616510345,0.006320556237305208,0.0020604171141445082,0.0068529822256617745
2023-04-12,-0.003175315803583212,-0.0040760678725907384,-0.008833442720839968,0.004885138866613126,-0.0010279280005802693,-0.000523572182309362
2023-04-13,0.00862713483952482,0.013282698737322018,0.019582064223765405,0.013515672558895409,-0.007858462242152586,-0.06757469383008197
2023-04-14,0.002849851088919886,-0.0024427150786557883,-0.0018801545266902142,-0.017710313033589165,-0.00914677021764465,-0.04101121199580893
2023-04-17,-0.03413581854914294,0.0035882508200351104,0.0008475219075589902,-0.0044537552497120325,-0.011895731488391958,-0.007029814530175482
2023-04-18,0.032348662229154,0.0006521923641031879,6.273345441676348e-05,0.003880780603893852,0.003563616911892664,-0.007079695211328563
2023-04-19,-0.0518092051895368,-0.00016887151456868033,-0.00047027658165810227,-0.004778520212877502,-0.00095999208212727,-0.02198460136130065
2023-04-20,-0.020008250880993006,-0.005457236967366108,-0.0076245403802241984,0.00393825919904689,0.008549662804301139,0.043134935073663616
2023-04-21,-0.034308522518338824,0.0007771120995203606,0.0010434801053338383,-0.00988766926809792,-0.005619623777495142,-0.023296424971048224
2023-04-24,0.009107691673174267,0.0010430840051711687,-0.0020847847792269114,0.003039335460481629,0.00967432853818817,0.0071555711752655515
2023-04-25,0.02841955147295372,-0.015873985771110655,-0.01886350459262842,0.005086318131183543,0.014704502912759931,0.11071645392595375
2023-04-26,0.004066170397882152,-0.004235609735740442,0.006064495379338952,-0.0054373863086726315,-0.01065808911792221,0.004264388205224678
2023-04-27,0.036980508331842854,0.019908154315971816,0.027191055928035945,5.410039265330013e-05,-0.009922609307851382,-0.09607215771140842
2023-04-28,-0.00453030993708059,0.008535165599250494,0.006898497470738452,0.0002706525128974846,0.016130490286466515,-0.07339993560038638
2023-05-01,-0.04255903956633822,-0.001009727060280019,-0.0011467991497317032,-0.004491351825477108,-0.02883469400402494,0.01901141925294425
2023-05-02,0.020966033026897257,-0.011239125031832109,-0.008721727768728038,0.019296640909943763,0.024920100379985044,0.10572144098292036
2023-05-03,0.01135862564681589,-0.006864130899539633,-0.006543977303216542,0.008479075840785555,0.0055819157627741145,0.031496031738794894
2023-05-04,-0.005467695268338013,-0.0070827725057233115,-0.00352964750217577,0.00703295344911492,-0.009878713254828253,0.09541984653435587
2023-05-05,0.023803407820215394,0.018512446480463574,0.021254275546423562,-0.015647950479605433,-0.003325840914203515,-0.14435040301165503
2023-05-08,-0.06230403452543565,0.000266451676584456,0.0024774782357346314,0.0012269055761324754,-0.01401446703128828,-0.01221646220459538
2023-05-09,-0.0012817829272578907,-0.004385344254685175,-0.0063332562833848804,0.007086162362163639,-0.0035776133787953635,0.042991729205911655
2023-05-10,-0.0013384371045779275,0.004672523711374943,0.010881913886575889,-0.001428442843921074,0.009704212556093328,-0.0434781812659798
2023-05-11,-0.022481076150133283,-0.001744028036294254,0.003260162059542937,-0.008582755587748347,0.010571482902865581,-0.0005903322648502796
2023-05-12,-0.007251596524522896,-0.0013104219588023769,-0.0035869121125600145,-0.0017100802429794726,-0.008368700107977967,0.005906696967935332
2023-05-15,0.014463841307533976,0.0034501455398585623,0.005414930116756311,0.0021412620336231925,-0.010357758905979342,0.005284800291198266
2023-05-16,-0.005738415341494774,-0.006682492278239915,0.0011322398770836628,-0.0124993937971285,-0.003004058865422543,0.050817692128321434
2023-05-17,0.013394867282656264,0.01213893488770812,0.012104293572860358,-0.0034618889303412725,-0.0029163178627393815,-0.062256750757876844
2023-05-18,-0.02067950762275983,0.009632964334126415,0.0185732418500415,-0.012972911279784505,-0.007408899340045849,-0.04860708721874096
2023-05-19,0.0021585968530852817,-0.0014550026494927204,-0.0022534207885296365,0.0098988291245512,-0.007071043809413702,0.0473520414335562
2023-05-22,-0.0014448261901403026,0.0004061867374409722,0.003358045575572177,-0.002341497915543389,-0.003560699768763942,0.02379533796777844
2023-05-23,0.013945303754316907,-0.011222767954280233,-0.012676250549744528,0.001200731149241463,0.0028785602402487953,0.07669969043541625
2023-05-24,-0.03272302765106416,-0.007244843953220448,-0.00512971208095736,-0.008068450017086337,-0.004949161897693011,0.0809498081174409
2023-05-25,0.005368887301425707,0.008659713537857883,0.024332891494346587,-0.009618027091793824,-0.0024867166950079955,-0.044433413204546524
2023-05-26,0.009181223884829448,0.012950664467634265,0.025550545363851818,0.003995567330169925,0.00807732373953618,-0.0621733889580256
2023-05-30,0.03679209127125138,0.00038113941989137423,0.004535009325247197,0.006190554546333882,0.00999104190568767,-0.027298142486906207
2023-05-31,-0.01742420455507676,-0.005545338537757072,-0.00568605574521297,0.0015382006614657051,0.008716989750739534,0.02749149339943724
2023-06-01,-0.014683709247646393,0.009501040165452501,0.011552100659431463,0.00789813034647624,0.003923647816223896,-0.12764776183701698
2023-06-02,0.01601855426947596,0.014461215207291822,0.007499716772069842,-0.014747450675273721,-0.010958300887588313,-0.06709260464245015
2023-06-05,-0.05466108649857837,-0.0019162097000630096,0.0007049884368759418,0.006020416015011243,-0.0018630607186577164,0.008904051874655927
2023-06-06,0.057402171630208665,0.002177312991199054,-0.00016925305580961503,0.0010980396887689814,0.005893991794934994,-0.05227423815469123
2023-06-07,-0.03277624957004588,-0.0034577252254979207,-0.016965195628470542,-0.012010543410059138,-0.014843545283055981,-0.0014326975436259604
2023-06-08,0.0061572444403654725,0.006048627846183985,0.012413319656804589,0.013211240429905624,0.011696871656984964,-0.020803441218256724
2023-06-09,-0.0010503081775867784,0.0017943356990339776,0.003822579338705445,-0.0026845203333208945,-0.0013718400799342945,0.013186835912539108
2023-06-12,-0.021822764972172837,0.009071871555161648,0.016897093929390872,-0.0008788640365902101,0.0029436955937436338,0.08532178681744873
2023-06-13,0.0006265231396582749,0.00659295942324567,0.007683866250204563,-0.007367558613950331,-0.009880593756526612,-0.02664893844804339
2023-06-14,-0.030636253390914137,0.001190643487758214,0.0072677116592128055,0.0005539277015322863,0.008002793344951131,-0.0499657467070983
2023-06-15,0.017979087727655774,0.012397726213231097,0.011915785653030087,0.007030581691497284,0.00960622429224589,0.044668579282937326
2023-06-16,0.029365685552642073,-0.0034061818724115955,-0.006292895668992271,-0.0015392159510752013,-0.003883436860067424,-0.06620689918254985
2023-06-20,0.07596726653585728,-0.005188221050783204,-0.0014316824919919924,-0.010350739592973501,0.006919813778063055,0.025110794205745357
2023-06-21,0.06000562340273241,-0.005123765150788939,-0.013627754001482084,-0.0014464228474878604,0.0024199908346473897,-0.048991376049651536
2023-06-22,-0.0038303689299371557,0.0036097830627004335,0.011799243677342197,-0.009916979914319946,-0.012070075940314173,-0.02196969439722829
2023-06-23,0.02618280743799839,-0.007559998603776541,-0.009913507955048861,0.0027572461643308177,0.009969312854076762,0.041053426741707755
2023-06-26,-0.013824121536668121,-0.004085668666200859,-0.013405541124681841,0.0017396047357047806,0.0010648774563495333,0.06026789024599055
2023-06-27,0.013776598074988877,0.010963160951005912,0.01719392357653038,-0.004593535884055422,-0.002610311435660484,-0.03578948974609375
2023-06-28,-0.01961401038928634,0.0005043831220117312,0.001951704228916995,-0.002307409851291853,0.004264691639615625,-0.022561824680231046
2023-06-29,0.011935868224670187,0.003941351195972276,-0.002002696297292106,-0.001071764681377263,-0.018048408042556696,0.008190592269372798
2023-06-30,0.0010477918298796851,0.011800843307819608,0.01542019658442384,0.006663323502016594,0.011794765144537811,0.00369277628328879
2023-07-03,0.022285063661402704,0.0011505851648474508,0.002355066836041253,0.0011218766110339118,-0.0056689821806100715,-0.0014717040131794201
2023-07-05,-0.020614468430075417,-0.0014872393351820223,-2.688770988745759e-05,-0.00353003237800964,-0.009502171273979454,0.04495214621001242
2023-07-06,-0.019821224171432172,-0.007830787788188687,-0.0076160439006857095,-0.002980200124891419,-0.0141432174433328,0.0888574928131427
2023-07-07,0.014474667943441766,-0.00252452021039129,-0.0033199978020302945,0.007500997402107412,-0.006019160357285558,-0.03950775085850766
2023-07-10,0.002379686441921658,0.0025309095426824246,0.0003276602130561912,0.0007836956455820054,0.001311924245676055,0.01618339665224955
2023-07-11,0.006788889103658935,0.006368687447624977,0.004940638764533878,0.0037476125602418087,0.005140811047673832,-0.015262080085862384
2023-07-12,-0.007488490028050299,0.008045969523040153,0.012629872594299485,0.013541420874312982,0.011131090537838784,-0.0876010901191373
2023-07-13,0.03568093437476372,0.007936792022413153,0.016978879561002413,0.0007146999149643118,0.010512606372124145,0.005169844536294876
2023-07-14,-0.036280934592069825,-0.0006228861330327407,-0.0002110567908013561,-0.0031866482531699436,-0.005888435698933048,-0.019838318214570272
2023-07-17,-0.006203575638802916,0.0034722868528593853,0.009338616212681394,0.0007165567329587841,0.0004936095630836412,0.010494706750155292
2023-07-18,-0.009597533349379406,0.007430717275671128,0.00818069366023999,0.011456278139590825,0.004539137482288069,-0.013353068072256224
2023-07-19,0.0019212301525000086,0.0022236457733608717,-0.00023342268739867666,0.00016335645500209495,0.011296313217457277,0.03458646853760361
2023-07-20,-0.0040752996439197275,-0.006634494192364615,-0.02305175030278439,-0.005063389149303599,-0.012141516837938293,0.016715082733324893
2023-07-21,0.0039181140710413676,0.0,-0.002999388415860449,-0.0030645332195952113,0.00029514116343554164,-0.02787701186768976
2023-07-24,-0.02446870124533107,0.004467481300846066,0.0015971814697224307,-0.00428147332668416,-0.003637250607337328,0.022794077738759633
2023-07-25,0.0017299501204297574,0.002729926361800361,0.006777876962110296,0.005567859975791123,-0.0018749310124805962,-0.003594550056315482
2023-07-26,0.004365152978824893,0.00015364150894181527,-0.0033264091485709635,0.0048791150253855164,0.0009886460223278437,-0.04834055504259438
2023-07-27,-0.004915119656712763,-0.006629909635952669,-0.0023840655885051243,-0.01571197400361901,-0.019452999626381473,0.09249433706148413
2023-07-28,0.0037163327075591113,0.009790124216484397,0.018214674633421524,0.007981390400291666,0.005136239095455686,-0.07494794830966023
2023-07-31,-0.003040145211782974,0.0019041420531844544,0.0005214415858036947,0.0026944104889450315,0.002404545207434605,0.022505640844104002
2023-08-01,0.015245275282999904,-0.0028616484717138846,-0.0023197594745069106,-0.010364679607279714,-0.016387010188669615,0.022010285268964536
2023-08-02,-0.01764989082843693,-0.013910665132410127,-0.021943998615409188,-0.004765602229612864,-0.010698865340017294,0.15506100503167586
2023-08-03,0.0009166006009861949,-0.002865940487663754,-0.0016024715657190214,-0.0003341470787491252,-0.023071316351863547,-0.010565573317698362
2023-08-04,-0.0035843942133476636,-0.004522886500151424,-0.0046817851490276174,0.003620414278603157,0.01771203884907102,0.07412062182919765
2023-08-07,0.0036625848493896385,0.00872884749323366,0.008466719866770722,-0.0022753962847783527,-0.009841408140955021,-0.07777777158106369
2023-08-08,0.020044635853149417,-0.004348936549438798,-0.008502278588837342,-0.006341080194621318,0.011613299902740293,0.013950495051900047
2023-08-09,-0.006853508270246889,-0.0066851008595815165,-0.010994629335431383,-0.00475820704444585,0.005171196330727268,-0.0018761559349974588
2023-08-10,-0.004461964714047806,0.00035901784315828245,0.001848116239952624,-0.0010686044760203073,-0.016462731773120076,-0.00689220904851684
2023-08-11,-0.001083159880198692,-0.0005831590983617074,-0.006375607658538174,0.0,-0.0023015350575706917,-0.06372241038319659
2023-08-14,0.000364943863222722,0.005520036262399719,0.01122225643641861,-0.003040588549344525,-0.0022019222802220906,-0.0013477397276295822
2023-08-15,-0.008096168172366025,-0.011648831285460903,-0.010611553509257132,-0.002654474343068869,-0.006095027624708371,0.110661229650443
2023-08-16,-0.016063173634291772,-0.00733837196586129,-0.010588915358002993,-0.005776029417432049,-0.007823817709188496,0.019441167677507476
2023-08-17,-0.07097917151940503,-0.007619730124380775,-0.010923052520756427,-0.0015378724223797935,-0.004262837481117332,0.06615009878315026
2023-08-18,-0.02306411031148714,0.00048122842485898154,-0.001254908962011747,0.00017112823031739666,0.0035321059468162996,-0.03297932770916012
2023-08-21,0.002863157534845895,0.0065063764390449474,0.01611147630145604,0.002737670236275802,-0.013330794221670716,-0.009826594438788527
2023-08-22,-0.0035401882238949023,-0.002708558695063923,-0.0014289341566062763,0.0016495566176504273,0.007674205362233177,-0.009340330137234454
2023-08-23,0.015365306423789304,0.01113773815315322,0.015768423309601154,0.01016464068195777,0.02477701762052087,-0.058338232832990555
2023-08-24,-0.01018731988472621,-0.013859142571017058,-0.02137558143589824,-0.00022482031744353037,-0.006593743872643221,0.07634551036616566
2023-08-25,-0.004384352975912553,0.007049798194985968,0.007751426119353866,-0.0012932863561120334,0.003266175423602302,-0.0883721157175057
2023-08-28,0.002245207591910381,0.0063413039300805885,0.007527017040761086,0.0028713533365909427,0.0010503320488925993,-0.03826532970612717
2023-08-29,0.062101924766441385,0.014454831976887128,0.02183999311950413,0.009768091768254772,0.010385791169347236,-0.04177719612919528
2023-08-30,-0.015512708305083889,0.004118870418318155,0.005576769507458446,0.0025018747942815445,-0.0010384449367336623,-0.03944634618325349
2023-08-31,-0.0500340578984273,-0.0014634308054853884,0.002998428442273049,-0.0016637258183913595,0.004469669348384997,-0.022334323995730432
2023-09-01,-0.005042060225742162,0.001865028620786191,-0.0010584405402009889,0.0004999240959600026,-0.01557849721393234,-0.03537211149823438
2023-09-05,-0.000803938176699992,-0.004321844664795127,0.0012713265709964894,-0.008161685723844458,-0.014022310996244736,0.07028266352709411
2023-09-06,-0.0010374752516241204,-0.0067224434079588,-0.008807752653437917,-0.004534245193468567,0.0024595378101743837,0.03140610800820931
2023-09-07,0.018908652030005024,-0.003070160493406471,-0.007151705005473463,0.0010684498647577367,0.0027730250919584254,-0.003460220857774976
2023-09-08,-0.012749181613965876,0.0015060549819017055,0.0013976783334099796,0.0003370270596214642,0.0038299434075648175,-0.03888885283175714
2023-09-11,-0.028680997263583086,0.006576646870672942,0.011782767651320913,0.001853109993606994,-0.007206252188064366,-0.0028901706222559387
2023-09-12,0.026654161568650414,-0.005485500099279839,-0.011088281698929503,-0.005156651253074851,0.0057641257550660185,0.031159372866542467
2023-09-13,0.01528956036711282,0.0011658959489537768,0.003808839662984287,-0.0023100098564432514,-0.00021220204470073778,-0.052705553346921175
2023-09-14,0.011870739692642074,0.008622548865201418,0.008177257629036205,0.0005082241752882855,-0.0072178552245824035,-0.04896141467543513
2023-09-15,0.0026006171627044328,-0.01204838598612934,-0.017122997393120065,0.006603816566220333,-0.006094256478460847,0.07566304915127442
2023-09-18,0.005471440805405292,0.0005865030818110739,0.0010424659979426654,0.005887647601878543,0.005700869303114864,0.015228429204342975
2023-09-19,0.017075246134672373,-0.002074041923410763,-0.0021313914063681993,-0.0009476457412548323,-0.007380248885089813,0.007857118334088975
2023-09-20,-0.00290724465500225,-0.009193121650680647,-0.01441042027133721,0.0007253927124595272,0.0031249437673455116,0.07299792428826057
2023-09-21,-0.02080107760178318,-0.016528358245688324,-0.018324547279189196,-0.007248413758109917,-0.025673979919486944,0.15852050976095722
2023-09-22,0.0004492514240630463,-0.0022487207163066625,0.00013977256450625752,0.0032013033173832195,0.008048568236508569,-0.019384272225830057
2023-09-25,-0.010575336921370915,0.004205356452049891,0.0047497858273986004,-0.005150588926742139,-0.024609113588053178,-0.017441926226863136
2023-09-26,-0.0030887894396227633,-0.014691323655624422,-0.015016205768518032,-0.007990985893820302,-0.003476010209765734,0.12071011606950299
2023-09-27,0.005167086436411061,0.00039912898714855594,0.0023432589793013214,-0.012366647894697436,-0.005175880094263174,-0.03801484690607215
2023-09-28,0.02537992888096885,0.00579739716138028,0.00836520641500571,-0.004997187509914736,0.0030536501318574327,-0.0482985287557941
2023-09-29,-0.004064392478456136,-0.002426943276471416,0.0007263397382322179,-0.01027534966921384,0.0001129827404862116,0.010380640345549086
2023-10-02,0.023003525488175747,-0.00039778281309466035,0.00834554763360984,-0.010498705650611395,-0.016740798788498434,0.0051369948765045415
2023-10-03,-0.003661597010505724,-0.013386023779400458,-0.017549499908438237,-0.0028882419805683623,-0.021511282039296642,0.1232254401523627
2023-10-04,0.013467601347721292,0.007282061879444246,0.0136084607771223,-0.00011825651470720455,0.014108170400781939,-0.06066737721347171
2023-10-05,-0.01379463216164356,-0.0003767868665581764,-0.002946491625980374,-0.0018327868021307259,-0.004985415455411424,-0.004843926423974909
2023-10-06,0.01935684447622399,0.011872702287896608,0.016755482380019338,0.005153083621109555,-0.012116766048389516,-0.05624656684978524
2023-10-09,-0.012986193394237233,0.006402271751564159,0.005100067649885798,0.01838544744893622,0.02346982231363781,0.01432664693808805
2023-10-10,-0.006984500217130485,0.005204839419969964,0.005538052023469575,-0.0016780958953311886,-0.0013827752457556963,-0.03785311002340763
2023-10-11,-0.018900326735168282,0.004096329371875207,0.007135154266043386,0.007303045938392039,0.020885994713610856,-0.05519674081955506
2023-10-12,-0.0043359541366684295,-0.006096457270250877,-0.003474847714166951,-0.0030496507265770356,-0.027127895667209634,0.03729026574143468
2023-10-13,0.003945769916393171,-0.004980875067302493,-0.012570033991393337,0.03214825984540237,0.01789228645391816,0.15757933352966802
2023-10-16,0.06168820876318648,0.010521495370858114,0.011306453307304398,-0.004864928190345896,-0.01609410257064836,-0.10921328383441054
2023-10-17,-0.0036367703063566736,-4.596869727169217e-05,-0.0032755644351959434,0.001854273768354009,-0.011020376635003104,0.03893086065869911
2023-10-18,-0.0030759792019486865,-0.01332501949415743,-0.013117894246135742,0.014470816805260078,-0.008797826037759915,0.07494408364001504
2023-10-19,0.013818840741083749,-0.008786523905952914,-0.00935691625006363,0.012274016037125302,-0.02047360167973611,0.11342353709976805
2023-10-20,0.033535830870205396,-0.01228797848238039,-0.014917817096535613,0.0027308974274993236,0.005678712414021625,0.01448595661066987
2023-10-23,0.1146545490196853,-0.0017333794288804105,0.0030174960268063433,-0.0033770637265356784,0.012013109909582376,-0.06172263020488311
2023-10-24,0.02464145540134477,0.007539618488352717,0.009728072020910306,-0.0001093308866343401,0.013176820421234359,-0.06872859441333212
2023-10-25,0.017736456610143003,-0.014352265498730699,-0.02447563453759738,0.004208823642007475,-0.02226135121375994,0.0643121383691494
2023-10-26,-0.010033147199696724,-0.011974690321268189,-0.019067275924610327,0.0015784524505007003,0.015338346787619805,0.024269428338627552
2023-10-27,-0.007226928505637331,-0.004532738690495197,0.004801099062626157,0.011629799758343662,-0.004248593390167921,0.02852998761514658
2023-10-30,0.01747466768745065,0.011955874177317805,0.011265397190884263,-0.00564054701797434,-0.0045038846688226775,-0.07146217325109949
2023-10-31,0.004794395311462418,0.006280167441762963,0.004782225967028486,-0.005456562573315948,-0.004881718117596634,-0.08151901824564878
2023-11-01,0.022195613001625203,0.010664769607297453,0.01735683427556367,-0.003150642851826202,0.021682225465362137,-0.0700109478029951
2023-11-02,-0.014081557224217889,0.019164415959888492,0.01815351554033673,0.0033240729584831374,0.022797177546572067,-0.07172501076628712
2023-11-03,-0.005893770145759425,0.009123380342047183,0.011748792231010219,0.003638921283475316,0.006778052784716548,-0.047892720773170416
2023-11-06,0.008782794755650691,0.002300490037781655,0.004079167347861512,-0.007792560392528847,-0.009699818602887933,-0.0013413483765277734
2023-11-07,0.011593090279608864,0.0028460458234895736,0.009452769330232202,-0.0041451308444239165,0.014749981153237668,-0.005372728130387805
2023-11-08,0.005973294692089626,0.0007324116803841818,0.0006438618681949837,-0.00996764391222027,0.01703404771121586,-0.02430794059092134
2023-11-09,0.029107827327892632,-0.007798684385305288,-0.007695709422130381,0.003982968433291267,-0.023001626316210944,0.058131499216304006
2023-11-10,0.01691989303173269,0.015604641193150304,0.022482579302649963,-0.010909752197912126,0.005600018045129218,-0.07325048321473948
2023-11-13,-0.021750923539860634,-0.0009531094371517668,-0.0031186780511266443,0.005570720464602941,-0.0022727619912438213,0.04163727236494141
2023-11-14,-0.026428838121854925,0.0194007709739088,0.0215264416030736,0.008919177105678688,0.022667467099636962,-0.04065043171853533
2023-11-15,0.06592844558740318,0.002116945220050459,0.0007525662243006437,-0.002635601473798599,-0.014034243219912534,0.0014124617216946245
2023-11-16,-0.04555929205565723,0.001223162292542268,0.0008557687851689089,0.011286077178189302,0.012426452794567888,0.009873017393189798
2023-11-17,0.012222842746045792,0.0012436825567403442,0.0002331992237178948,-0.00010890234740634774,0.004686401528232631,-0.03631281530524766
2023-11-20,0.024053366345204497,0.007697766791949556,0.012174959087330128,-0.0016333808174913145,0.00610843403432626,-0.028260894053073637
2023-11-21,-0.04437779006078835,-0.002179424203685665,-0.005809636839636867,0.01079790063288577,-0.000441468888416785,-0.004474233156233853
2023-11-22,0.045192824521265385,0.0038607640202614757,0.004093101291799739,-0.004262252597287075,0.003534156513611997,-0.03745318245039286
2023-11-24,0.007692316522341924,0.0006153992582187406,-0.0014100196194248849,0.005201596914642392,-0.011775077896669206,-0.0303502203692656
2023-11-27,-0.012357099836046381,-0.0018008995207469125,-0.0008729052916841562,0.006737817869841178,0.016703798323614016,0.018459032225695893
2023-11-28,0.01548599794884531,0.0009900730848266814,0.0026209241795833726,0.013331852960406732,0.0019714865901547807,0.0
2023-11-29,0.0007244373065387055,-0.0007034326932591206,-0.0009737784668275573,0.0014794398574642376,0.012570815223542198,0.02285263762351275
2023-11-30,-0.0038497596002547985,0.003937496649781158,-0.002514126717770737,-0.004167950375202456,-0.011551167088234005,-0.004622455166284678
2023-12-01,0.025879947957747618,0.00591586327782645,0.0028547676012871115,0.017271494075951965,0.018834080800820274,-0.022445817348339614
2023-12-04,0.08507247342573754,-0.005249345997549004,-0.009283592410238461,-0.02161342646325959,-0.003978653688961664,0.03562943825713938
2023-12-05,0.05003682455553493,-0.00019705638812439474,0.0025108643244973194,-0.0037794459254785195,0.02148514325687345,-0.01758406296467019
2023-12-06,-0.007581629055975703,-0.004029840397110629,-0.005783579359238344,0.0036868953454944897,0.013318043905802712,0.009338512217643702
2023-12-07,-0.010372985662227885,0.007630356698994145,0.013971970476153839,0.0016503277504122948,-0.00573717192577039,0.00693910182998847
2023-12-08,0.02018673414826888,0.004299178754217703,0.004456812005873889,-0.01334039111485108,-0.008182818261363578,-0.05436447284339452
2023-12-11,-0.06617601146228103,0.003889599493412943,0.008542064189234866,-0.011042895165362276,-0.0021154391265191252,0.022672042455262664
2023-12-12,0.005004157345118276,0.004567143826289977,0.007964172889565857,-0.0005446421195114404,0.0029681448721496917,-0.044338908514846676
2023-12-13,0.03475299863154757,0.013790132375123054,0.012717225805454202,0.022562533466176538,0.02346193709043165,0.009941995740939458
2023-12-14,0.0031062756659134827,0.0032092982970846062,-0.0008667639113536518,0.005862552982469849,0.026012999800687497,0.023789989486111995
2023-12-15,-0.025432678020983368,-0.0016464620626585047,0.004834026460500018,-0.009166511771857233,0.0011108454793027356,-0.016025626330215204
2023-12-18,0.016546273725272398,0.0056251551127679544,0.006298602170757173,0.004545487184575592,-0.007967983810820645,0.022801359343169958
2023-12-19,-0.008282083715112631,0.0060808128834979325,0.005109590476494175,0.00681394057869511,0.005388343978445231,-0.0023885896212750835
2023-12-20,0.032687613405284255,-0.013857131128872546,-0.01485967648979214,-0.005445982936102989,0.00677536670127199,0.09098167339325469
2023-12-21,0.0049688697318006625,0.00948181098642098,0.011635568242154504,0.007070635455129759,-0.006327997794497886,-0.0014630912693524012
2023-12-22,0.002934864092908329,0.0020095969293656424,0.0014958006456207151,0.004434417088942322,-0.004548551189080485,-0.045421238306660006
2023-12-26,-0.0335811464023098,0.004222601691602712,0.00612170800194578,0.007620733251079592,0.0028431627870566523,-0.003069835968746104
2023-12-27,0.021694364920222586,0.001808101093975223,0.002035826851354061,0.004537842226414179,0.017719923270870686,-0.04311004432713539
2023-12-28,-0.01876027694786908,0.00037771224607752174,-0.000486188339723137,-0.005815437657636813,-0.007262870723306447,0.0032180177691847334
2023-12-29,-0.012396896798793966,-0.002894986310545189,-0.0043275736256489505,-0.001566841018672216,-0.009019857512530871,-0.001603885913022296
2024-01-02,0.06790040350001258,-0.005596317714220755,-0.016922339948022946,-0.002353909884146743,-0.005764797164765856,0.06024096477831753
2024-01-03,-0.04692812036242189,-0.008166813664257533,-0.010581489663915145,-0.008336809604204354,0.004170613733876394,0.06363637611557316
2024-01-04,0.03108057856532498,-0.003220941612897099,-0.0051464920254851165,0.0010046128932528209,-0.015194400419850318,0.006410267295756666
2024-01-05,-0.0003900067727314882,0.0013697359206465975,0.0011860659469504764,0.00015845540955172766,-0.009566124684809996,-0.05520167916870922
2024-01-08,0.06357883567763345,0.014275849298781562,0.020667870275041578,-0.007816271130823282,0.009865876333730705,-0.020224752812624813
2024-01-09,-0.017687130611972357,-0.0015170617781710138,0.001975675623922424,0.0003193567900841021,-0.006375701294977887,-0.02446480861549971
2024-01-10,0.010577584004972662,0.005655332229622001,0.006777465623476697,-0.00228804710551489,-0.0046574721654030204,-0.00548594414129322
2024-01-11,-0.005558733892443213,-0.00044054113069580403,0.002080870421707015,0.0019733072916665595,0.005614855163387444,-0.019700552266877946
2024-01-12,-0.07581464687080208,0.0006927160276115618,0.0005130431678506131,0.009794068475553752,-0.001964134249550553,0.020900340647264315
2024-01-16,0.007042124492874446,-0.003671306902421012,-9.76831738658257e-05,-0.009488181898979597,-0.017613294853222383,0.08976380790896399
2024-01-17,-0.009553782672285682,-0.005558695425670446,-0.005640905713326538,-0.01101595063528893,-0.0015817840666391136,0.06864160395890595
2024-01-18,-0.034639725632667706,0.008892811516994614,0.014194365785795249,0.008232882099906247,-0.00929537085138421,-0.04462473624843866
2024-01-19,0.00863620644230223,0.01246634838094507,0.01983090881834859,0.00298872590696031,0.0031983997456206392,-0.058740263056175857
2024-01-22,-0.050723688211871454,0.0021142563857137198,0.0013057024082621105,-0.003777957126316789,0.005951904471973579,-0.00827072246421412
2024-01-23,0.008560013431039293,0.0029165435453932798,0.004149709517403677,0.0038991332271092194,-0.007924106624541016,-0.04852156254805884
2024-01-24,0.005810521700930993,0.0010931330701964281,0.005549134196165539,-0.008246890539639895,-0.005857180332520584,0.04701196363514493
2024-01-25,-0.0035747525934159974,0.005438712041276439,0.0012212170963139535,0.003969986681303217,0.006534619592919899,0.02359204397585213
2024-01-26,0.04715459322091098,-0.0012703343684969948,-0.005957557133471458,-0.0006946931881827156,-0.0019159997358606518,-0.014126363054103419
2024-01-29,0.03518615720198914,0.007919502324340577,0.010240476206964333,0.0070584854445867595,0.011516354398650952,0.02564103670581619
2024-01-30,-0.007753530092744043,-0.0007734920616433438,-0.006656522514649099,0.0013805262268788976,0.009066093782358786,-0.02132352600873144
2024-01-31,-0.00861423582021903,-0.01631726054723548,-0.01958619375132753,-0.0007423479101065222,0.009820241885274417,0.07813673396435372
2024-02-01,0.011581441842771323,0.013088048421898923,0.01177550566792629,0.01040067256889099,0.019616257460810305,-0.03275263097802583
2024-02-02,0.0025556346111748063,0.010527489462228257,0.01690049175691688,-0.009453300862028224,-0.022089093483289468,-0.0021613640290952807
2024-02-05,-0.012207500646732261,-0.0036412592956026613,-0.0013053472791211274,-0.005513988032274764,-0.02019336195466581,-0.012996411568089838
2024-02-06,0.009986338686479135,0.002903381627711532,-0.0020071962568101176,0.005224693124019186,0.009773719833816807,-0.04462323725477424
2024-02-07,0.028630850081180936,0.00834030432383015,0.010290184890109355,-0.0002651978305409086,-0.004839515094629543,-0.0176110634395672
2024-02-08,0.022188248784866804,0.0004416873871995186,0.0018518669493490236,-0.0009018470501077624,-0.005814957708872082,-0.0031176899525243718
2024-02-09,0.040741037427910465,0.0057793359482620765,0.009843186715816632,-0.003876152075832917,-0.0020203216691146997,0.010946078478523358
2024-02-12,0.059622278397866824,-0.0004388300624937891,-0.003912709254098479,-0.0026119694947860372,0.0011723774653213948,0.07733951866959421
2024-02-13,-0.004319233922406296,-0.013773051359759259,-0.015596927025150142,-0.013788690196348319,-0.017134977337231683,0.13783201968635694
2024-02-14,0.041900916949929146,0.009087666865085442,0.010897187654179241,-0.0005961123453055439,0.005089399805748851,-0.09274449411038432
2024-02-15,0.0021583350882306007,0.0068997302180955344,0.002977679526492194,0.0067238125229136525,0.005171201586083196,-0.02573017264356725
2024-02-16,0.004267512618200353,-0.0049800362058063374,-0.009067629754828332,0.0036625695484677756,-0.0057876161180842045,0.016416812168366768
2024-02-20,0.0023901723446364542,-0.005505381676903065,-0.007547989118634968,0.006064210073093879,0.000862227539231597,0.082865191302115
2024-02-21,-0.008524364120598982,0.0009058194580879864,-0.0040018727555707345,5.331256612173263e-05,-0.0071091550724270425,-0.005188062471480959
2024-02-22,-0.010305082651198116,0.020695616160753882,0.0292755796574935,0.00042672195902415666,0.004881873684454918,-0.05215125050698921
2024-02-23,-0.011168964874795462,0.0006895340122825555,-0.002944642415121601,0.005651511902278639,0.01338674300917364,-0.054332872347019445
2024-02-26,0.07471530629852263,-0.00366251727057898,-0.0005266569695581147,-0.0022266895335479875,-0.002983009270379866,-0.0007272893732244157
2024-02-27,0.04700762695380023,0.0018578104305173593,0.002405244321459943,-0.0010626830578386315,-0.007051914812703397,-0.022561824680231046
2024-02-28,0.09493531994124749,-0.00132164076202812,-0.005324474928196876,0.00180849115899262,0.006348701757179276,0.030528655107632474
2024-02-29,-0.020900898468654838,0.003594967827487805,0.008569376161027042,0.005150266749304189,0.0070576439729816975,-0.03179194575191846
2024-03-01,0.020298739001094468,0.009388268247338072,0.015056972881389852,0.018910791174389097,0.006231066401126473,-0.021641788814083185
2024-03-04,0.09432609800233993,-0.0010725214798540383,-0.0035680673707914057,0.016174996770490724,-0.004022898467893166,0.02898551673472971
2024-03-05,-0.06628402455760396,-0.0099940695152958,-0.017949793179224738,0.006020141664404566,0.014241778042660025,0.07190513591449865
2024-03-06,0.03613733749494208,0.0050672532385653835,0.006283775301099581,0.008215401882095241,0.005868242938744217,0.0027662490835065334
2024-03-07,0.012384196927533564,0.009926328239780569,0.01517809562103789,0.005683843351386164,-0.0009374489732164593,-0.004137959973565475
2024-03-08,0.020539401213709896,-0.006002026344184341,-0.014434897699376892,0.008452547868211147,-0.0017728656177321556,0.020775637081209553
2024-03-11,0.05598546488085887,-0.0008598626603472104,-0.0037127550210084292,0.00183502012710135,-0.0005220732573194553,0.032564484624427736
2024-03-12,-0.008909905479502545,0.010757225809569615,0.014334954562727154,-0.01094062729637224,-0.008361749246197703,-0.09067017675620026
2024-03-13,0.022414410239567806,-0.0015675904447307598,-0.007686059973536552,0.00700740378557585,-0.004848052395298397,-0.00650290112685159
2024-03-14,-0.0230819028918976,-0.0019766394497165996,-0.002521164965153977,-0.004175139558116325,-0.015356855513807277,0.04727269952947433
2024-03-15,-0.027911980219644583,-0.006866584964197897,-0.011886840224509587,-0.00319440663913817,-0.0003225432526435812,0.0006944603574132735
2024-03-18,-0.026730242400589965,0.005943093761497487,0.009537394469181226,0.0016022835845583838,-0.0030127306510344676,-0.005551694972461885
2024-03-19,-0.08343356981432348,0.005557150184218873,0.002491392751807986,-0.0011498061737871268,0.0028059051190159057,-0.03558968817844477
2024-03-20,0.09692504638897836,0.009249281369075435,0.011856745709762029,0.011911859798154678,-0.00032280719135957536,-0.056439924037285816
2024-03-21,-0.03566706353999505,0.003304671689740246,0.004732301043230969,-0.0010386361790747367,0.0021529538573945572,-0.009202445238506662
2024-03-22,-0.02615044343853401,-0.0018958134439868157,0.0011437522713817483,-0.00802096899240623,0.009560869866905408,0.010835939821674634
2024-03-25,0.09689825601354007,-0.002762653357056166,-0.0036290912031551326,0.0031944066391380588,-0.005001194080222149,0.009953993613303291
2024-03-26,0.00041486463910467286,-0.00184715255771295,-0.003237677792893412,0.003233961285236564,0.0027803997135611436,0.003790765149775055
2024-03-27,-0.007608353371227561,0.008403925839191917,0.0034059656316214326,0.007240660177973313,0.009918014247291884,-0.0347432058987206
2024-03-28,0.018567460837021654,-0.00019115879491005128,-0.00184334053783064,0.012900024807739996,-0.0008448459298161515,0.017996909289228258
2024-04-01,-0.01474034035555094,-0.0017398117178240025,0.0021170474959504304,0.010208079384865787,-0.018641031468158986,0.04919288073705452
2024-04-02,-0.061047985989492126,-0.006358076191276485,-0.008630237025556431,0.014772360490971526,-0.005510399436114866,0.0703296750897886
2024-04-03,0.008156830210526378,0.001098474941059191,0.00224441402217046,0.008772374739768773,-0.00021757682362943953,-0.019164937683158856
2024-04-04,0.038314642609167615,-0.012206030849658323,-0.015290771494222866,-0.005734705223284009,0.007172772668441851,0.14096304734949738
2024-04-05,-0.009797320875087778,0.01044679614420052,0.011783911771970024,0.017114197447370305,-0.013918998325694987,-0.019571846321599473
2024-04-08,0.05592350669993551,0.0005594351144133647,0.0002951697853168511,0.00622848536623688,-0.00010956215627855315,-0.05240181349224815
2024-04-09,-0.03479403115822832,0.0011567923030353366,0.0036995974229072637,0.005497054993034878,0.009301801871959059,-0.013824887685854326
2024-04-10,0.0209558550176423,-0.010013104337539325,-0.008728456876358037,-0.009463856185613961,-0.02179328827430027,0.05473969783420429
2024-04-11,-0.007469744331340511,0.007546862480315886,0.015968226267353502,0.019433247203493043,-0.0045442714072616575,-0.05632913497334324
2024-04-12,-0.04088948430588779,-0.013803088195717739,-0.01594183722597653,-0.013239324939518515,0.0053445113817314205,0.16096577083110009
2024-04-15,-0.05609952528004947,-0.012528166703078103,-0.016450990142781285,0.01871915519396472,-0.015505730433062803,0.11091855202373435
2024-04-16,0.006080330797783695,-0.0018237876332101166,9.268846212595605e-05,0.0012220152803359419,-0.0066373058746731495,-0.04316172352906522
2024-04-17,-0.03972884891052719,-0.005918300011035549,-0.01220139457800562,-0.007368252752093185,0.011098322959064877,-0.010326116195473745
2024-04-18,0.03649124077498622,-0.0020576433156114238,-0.005706278376979679,0.0034154561341945833,-0.005040160748016942,-0.011532075509642303
2024-04-19,0.005208661031110617,-0.008728397426554513,-0.020689279277762873,0.003131535140574959,0.003602222160437929,0.039444393581814285
2024-04-22,0.046897586716164286,0.009209134257071705,0.010056883921828241,-0.02470249054532203,-0.001682472163518689,-0.09460174436266822
2024-04-23,-0.006439574982440521,0.011866637582815809,0.014922786033632507,-0.002458663172418052,0.0003370427159077316,-0.07378990048797274
2024-04-24,-0.03208044676017341,-0.0004745904155173397,0.003387653027044024,-0.0018600907225296837,-0.007076170532606674,0.017845805872141796
2024-04-25,0.0031863484195515657,-0.0037988981322694126,-0.0048299131846814,0.005963468053189924,-0.007013710441098109,-0.03757046784203688
2024-04-26,-0.011265004482557628,0.009473829213620055,0.015431746763479248,0.003241927353549112,0.0052403558425271335,-0.022121025056567434
2024-04-29,0.0013457822943943043,0.003541427337288461,0.004060320175512722,-0.002031218037689575,0.008386306537430999,-0.023952073391426465
2024-04-30,-0.050191249309274655,-0.015841166694993025,-0.01885613670709807,-0.019937078844561418,-0.008541150141353593,0.06680296776684846
2024-05-01,-0.03929695449375714,-0.0032470879194256286,-0.0072305806489211255,0.00906215232545482,0.007370985220164883,-0.01661337262268492
2024-05-02,0.014924669552331737,0.009353387028529392,0.012763351117280886,-0.0030870874411647042,0.00429082622521193,-0.04613385460092079
2024-05-03,0.06370405294167747,0.012395394600887455,0.02009850905179844,-0.0007976266365629092,0.01011898502854347,-0.08106270499449886
2024-05-06,0.00432682447320154,0.010326672314621144,0.01095325861976737,0.010518361024399514,0.003895853409008776,0.0
2024-05-07,-0.01309542885757653,0.0011034841596206935,0.0001592218536479173,-0.004600326433150892,0.006098469074097945,-0.01927355324634561
2024-05-08,-0.018398626419713127,9.6724183415553e-05,-0.0005906806981943458,-0.002941061869504713,-0.006061503184385475,-0.017384697671535276
2024-05-09,0.03043115176709965,0.0057616829058904084,0.002181622127931604,0.015778607960932778,0.004878738258495163,-0.023846186124361513
2024-05-10,-0.035799920573900024,0.0012882893581527277,0.0023581333529028026,0.008112513438038427,-0.005627191088105277,-0.011032261172400193
2024-05-13,0.034686223711685615,0.00013430746360176826,0.002307289923656919,-0.011202103844459854,0.002552074143456373,0.08366535257186958
2024-05-14,-0.02144084393922019,0.0045881619417385,0.006432295967920165,0.008462045119477013,0.005644537710062236,-0.013235316185802093
2024-05-15,0.07659609250545496,0.012383006461730295,0.01563026364757758,0.012838750510223873,0.013647460065480344,-0.07228019832446109
2024-05-16,-0.01563225228621834,-0.002057639461244154,-0.0020313485329894743,-0.0038933433506626036,-0.0009769442957866525,-0.0024096171430353364
2024-05-17,0.02790508695432159,0.0014375435634979006,-0.00048670297439001864,0.0164977725898805,-0.006738304351930013,-0.034621602458483336
2024-05-20,0.06556595639570117,0.0011521724820675594,0.006972734503255085,0.004023937591649318,-0.002954605372222252,0.01334444123990064
2024-05-21,-0.018358253231772315,0.002452584934648172,0.001956382557363634,-0.001469548604570936,0.00515791071609395,-0.023868310366918943
2024-05-22,-0.01446030042296964,-0.0028791604322409015,-0.0001974493898021512,-0.01837396956557802,0.0012013597982873936,0.03625635055846632
2024-05-23,-0.017255976976508713,-0.007304396917582778,-0.0044983615640619146,-0.019944570339717638,-0.006434560557342928,0.03905618367782915
2024-05-24,0.008781729788116976,0.0066163943999355546,0.009456308828196036,0.0009271136061119734,0.0029636870955902506,-0.06577917952048329
2024-05-28,-0.003354675185926581,0.0006988699333558834,0.003777716933911046,0.010513172896031486,-0.014335599150642642,0.08298405245544349
2024-05-29,-0.01051485738366742,-0.007002629786867498,-0.007048314452521298,-0.009303812074716977,-0.01210166427987025,0.10526313070017856
2024-05-30,0.011644282841286824,-0.0066334596537414026,-0.010713423162978408,0.0018967600627461945,0.009664762685915207,0.01330535977664793
2024-05-31,-0.012778150001159894,0.009108092071861584,-0.0018603198831893542,-0.00586417430627717,0.006790093706450451,-0.10711818674023643
2024-06-03,0.01945976693100193,0.0008153591799815452,0.005369366231602779,0.008917780500373507,0.016174604300468465,0.014705849788028802
2024-06-04,0.025622992224831664,0.0011177709187168983,0.0027365266354306694,-0.008977059834655465,0.011681194069951273,0.003813897181103032
2024-06-05,0.007298724608017615,0.011885061250984874,0.020159900243476914,0.011845603201319,0.00733756015605147,-0.04027353640702469
2024-06-06,-0.004581363662391591,-1.8757481010989174e-05,-0.0003452486838849689,0.007391356612921562,-0.0014995209121533293,-0.00395884325271656
2024-06-07,-0.01999201273457618,-0.001215507569371721,-0.000884826356572832,-0.03568330143379639,-0.01834578418036259,-0.028616825028659476
2024-06-10,0.0024472019640708886,0.003089770854808771,0.004039191823092425,0.009168181127878317,-0.006666739360368101,0.042553149977613725
2024-06-11,-0.03136496113771259,0.002408221654687015,0.0068627640342180385,0.0028566106093961263,0.010342387358905913,0.008634270983343129
2024-06-12,0.013502581655740586,0.008213109386135509,0.013097678615525465,0.0026617200115086614,0.007513871721390064,-0.06303505023896772
2024-06-13,-0.021757960505889518,0.002013509619053,0.005420164942247174,-0.008150148984962247,0.014699363151311484,-0.008305679550378975
2024-06-14,-0.011164543099157487,0.0006083855988368025,0.005181320994481764,0.012959545903254766,0.008415127639502584,0.060301532021133974
2024-06-17,0.007259433191864062,0.007958827233005561,0.012249795963358068,-0.005191652247571676,-0.009929257400308256,0.0071090168777756535
2024-06-18,-0.02029695827328193,0.0025406055795478277,0.00030937968736632904,0.004007271832187298,0.009175580655588433,-0.03529410268746169
2024-06-20,-0.004791008124175322,-0.0027163301738238887,-0.007708064389571723,0.012484347826456466,-0.006660436991961949,0.07967475829590032
2024-06-21,-0.011298352821403679,-0.001340836794000877,-0.0026793889099072654,-0.015493238109986152,0.0,-0.006024090761646117
2024-06-24,-0.05957896416318076,-0.0032505104166534737,-0.011384568786768079,0.003957566385821121,0.004044170772439903,0.009848493660558288
2024-06-25,0.025336630415439876,0.003850753763464221,0.011435599144336672,-0.004962237629221655,0.0016960056968307047,-0.03675917283740937
2024-06-26,-0.016072632592061153,0.0012481564062454265,0.0020651084259033503,-0.009228168111804491,-0.014285709258146095,-0.022585666542580096
2024-06-27,0.013048951973404943,0.0015765761896335828,0.0025813559983935974,0.011336925587312363,0.003971960990166057,-0.024701228279307874
2024-06-28,-0.020853310881755127,-0.0039351790968482625,-0.005190865591132354,9.297647872519299e-05,-0.018605651440954052,0.01633985400367921
2024-07-01,0.04197344183427543,0.002058023732368186,0.0058650034647895755,0.002604589701363791,-0.01725882723933503,-0.017684832859754307
2024-07-02,-0.013093697885290578,0.006729662300142714,0.010499694595711873,-4.643394389247657e-05,0.007785686177141482,-0.015548324869538943
2024-07-03,-0.02990687070088416,0.004462748330993138,0.008337095933722338,0.011273000380832565,0.013133075428197083,0.004987566163634494
2024-07-05,-0.05835662302840383,0.005766483695770486,0.010426886706048855,0.013486798057397165,0.00827895136653245,0.03225801362500036
2024-07-08,0.0007539863313177353,0.0011537588069578941,0.002378203226672815,-0.012402074526820739,0.0021607305599167237,-0.008814075377564845
2024-07-09,0.02299844211812685,0.0009726223243602394,0.0008646412754473864,0.0016957473442755777,-0.004420076888072888,0.01131773198205055
2024-07-10,-0.004598069730556098,0.009895168120173325,0.010426449424062234,0.0036603361122538036,0.0031402782984253363,0.02717826909410692
2024-07-11,-0.006885432015347748,-0.008622565598673693,-0.02193023474159428,0.017733403441032136,0.009714936094704862,0.00544744690631771
2024-07-12,0.009670444019596935,0.006307514045889917,0.005874840597515529,-0.0006270969301161999,0.004276275218354719,-0.035603717912586985
2024-07-15,0.12039295214232815,0.0027501763419899294,0.0026878756743111687,0.0032271131671974818,-0.011496770872823747,0.0529694899993165
2024-07-16,0.003499237870556282,0.0059302261279106094,0.00038294404000494,0.019925798233449088,0.014107149503261196,0.0053353426398474735
2024-07-17,-0.01502916014346345,-0.014021125043746863,-0.029354879550374302,-0.004643206403117217,0.00021254619249244655,0.09780136488947022
2024-07-18,-0.0022571629283560934,-0.007684977726880926,-0.0047324911064384745,-0.006381186355259194,-0.007643965485609749,0.1001381774018697
2024-07-19,0.042768734230136385,-0.006640754083967693,-0.008863705716644299,-0.017937829186174925,-0.005884580121265026,0.037037045906157084
2024-07-22,0.013117848903254625,0.01030996941834772,0.01489786931249193,0.00031573231212611574,-0.0029054316515800815,-0.09745766136434542
2024-07-23,-0.02452573786440093,-0.0015683944689509621,-0.003524755869622198,0.003516676143213937,-0.0014030971547049909,-0.012743097406287318
2024-07-24,-0.008426492953570563,-0.022662644692026945,-0.03587023009963963,-0.0035043524704835294,-0.010808592122156124,0.22554351822499452
2024-07-25,0.00619673448871394,-0.0052103090560375875,-0.011027681915303678,-0.01564473026582147,0.00819488488927056,0.023281493771090345
2024-07-26,0.032455548053117234,0.011199553271160845,0.010255915259675064,0.010534525866662925,0.0078032945327355385,-0.11213433355830271
2024-07-29,-0.016081803398328542,0.0005879168006492907,0.00200882908059552,-0.0014050562105476505,0.005376981396565839,0.012812751655983723
2024-07-30,-0.009262185475442442,-0.005066440981766007,-0.013731418049975685,0.009985461488319247,0.0038506433356237935,0.06566265828551643
2024-07-31,-0.023893373992326827,0.016254615253643134,0.029593652482150068,0.018110725786084414,0.010228787961880315,-0.07518371303299154
2024-08-01,0.011424614182306447,-0.014161096725278322,-0.02422137861918372,-0.003442943141866439,0.008624973075642695,0.13630803539367387
2024-08-02,-0.06032105869640059,-0.018618258504180973,-0.023735042250478067,-0.0019046282784819235,0.031161313007551206,0.2582032919667483
2024-08-05,-0.1208760294403024,-0.02912386868470973,-0.029816064902166817,-0.012691935106198704,0.005291542944900751,0.648995327118046
2024-08-06,0.03783671505322772,0.009219608922895528,0.009554992769741588,-0.008000713832612472,-0.022368821819535922,-0.2815660019776688
2024-08-07,-0.017968550940289485,-0.006684045176147402,-0.01082964431600486,-0.0006796279952806517,-0.007040149230194026,0.005052374652567915
2024-08-08,0.12144256099404904,0.02311736391073782,0.03059086677369849,0.015688013635013043,-0.006151451822039133,-0.1457809483063327
2024-08-09,-0.013450358103773374,0.004409693130006165,0.005222348908922703,0.0024552612171107047,0.009861576042703435,-0.1437578791374391
2024-08-12,-0.025059047594115702,0.0005255223572662171,0.0021536175611542863,0.017144665770273848,0.003636019444736238,0.01669112573546916
2024-08-13,0.021144992390795814,0.01644549418204444,0.024812741398770433,-0.001532358906807807,0.006934975583341885,-0.12506027811373066
2024-08-14,-0.0308911115194338,0.0031547803065354874,0.00032436593485107856,-0.008155751250824572,0.006270396897850139,-0.10651215318914042
2024-08-15,-0.020041310813293967,0.017140279968171024,0.025263114869722214,0.0031388449312386157,-0.008069988222389135,-0.05929592094835401
2024-08-16,0.023175912946963972,0.002241993650433649,0.0012857306108031707,0.02238773852658915,0.003501372798796254,-0.028233707447526624
2024-08-19,0.010176700222877422,0.00956143118372177,0.013135975097077646,-0.0016380226467286318,0.00461810027419518,-0.01013517366699046
2024-08-20,-0.008079210921579816,-0.0016259489074891276,-0.002098602037131414,0.0036699887797402297,0.007968388713644803,0.08395908040535782
2024-08-21,0.03664287570061453,0.0034362355043076054,0.0046641172382997365,-0.0013336178629832496,0.00060804294392236,0.024559215397492062
2024-08-22,-0.012967304646127387,-0.00784829227953876,-0.015854847243914283,-0.011975011209935604,-0.00992591872436599,0.07867232595473528
2024-08-23,0.061482671821355916,0.010625273593212858,0.010845445365094353,0.011553425520716143,0.006547340530579815,-0.09629627657273676
2024-08-26,-0.018936071727747583,-0.00238369696215901,-0.009708323533347163,0.0031893380775307456,-0.002541015709448091,0.018284991685414864
2024-08-27,-0.05369739018896724,0.0013730706791585945,0.0029873843457015603,0.002706671669018279,-0.0017323025651898583,-0.044582001879948985
2024-08-28,-0.00800797843742207,-0.005805296430382967,-0.011347375037183416,-0.007026862307456638,-0.001224859272295098,0.10887882514248881
2024-08-29,0.006108236397788236,8.941711011511977e-05,-0.0014638899201833144,0.005177980359189593,-0.003270071927906515,-0.0853302711712346
2024-08-30,-0.004524521990973862,0.00954607361380333,0.01191933110535115,-0.0071260085162319076,-0.010663702292096788,-0.041533522963198455
2024-09-03,-0.02856001478996517,-0.02057925080447187,-0.03036086733582488,-0.0043235765879541255,0.01635540541581726,0.38133328755696616
2024-09-04,0.00941156177702851,-0.0020464920254374963,-0.002598520250208236,0.000607926500195255,0.012889890572090668,0.028957548327861904
2024-09-05,-0.031240343288065575,-0.00243218058308603,0.0009335227352142983,0.008332306942507639,0.005656111419449106,-0.06660413211162819
2024-09-06,-0.03938239218868078,-0.016830203968230317,-0.02678727247605328,-0.007402630408956501,-0.00010038814821156095,0.12462309496363155
2024-09-09,0.05692033694302334,0.011196369135151318,0.012859747834539581,0.004205876079289794,0.004318860468545349,-0.13092039802055044
2024-09-10,0.011034389872275785,0.0043555718181662595,0.009241742252135143,0.004404097525005923,0.007000700753536426,-0.019023178648836292
2024-09-11,-0.005300015516934153,0.010258621877234697,0.021715431585278777,-0.001590555949419148,-0.0007944992132282724,-0.07285112134206173
2024-09-12,0.013669279499548104,0.008423463582263091,0.009815966809068266,0.017567284525531468,-0.004671435215445996,-0.035048096128643014
2024-09-13,0.04205082955798245,0.005223007337824104,0.004479963484876892,0.009943683944142245,0.0026963674354392175,-0.029876991095463934
2024-09-16,-0.039272608282607036,0.0014769267028569288,-0.004417925342932949,-8.374817448153493e-05,0.009162217264121919,0.03502415111177348
2024-09-17,0.0363626062794542,0.0004085114696810166,0.0005283455740658916,-0.0055309113549146804,-0.004835612652727361,0.027421309068831112
2024-09-18,0.02223798894564699,-0.002965935955357324,-0.004329534359392873,-0.007710465405288858,-0.012395868936401211,0.03520720672322497
2024-09-19,0.020937291974474137,0.017064269438433977,0.025284198534063274,0.01554075728197235,-0.003313631775149206,-0.10422378860340853
2024-09-20,0.004012038411551844,-0.0017283842272000083,-0.001903313387820682,0.012710660066880486,-0.003828239769530839,-0.011022676424785383
2024-09-23,0.0021651807873723783,0.0024987947776549113,0.0026506672288868494,0.0019404068737312041,-0.002123944533130695,-0.01609902670890473
2024-09-24,0.01535087678718594,0.002861268497158287,0.004823593310192109,0.01396907347432852,-0.0002026911104301421,-0.031466330345934046
2024-09-25,-0.018021597802944433,-0.002205574021654777,0.0009271196732207887,-0.001381767735031958,-0.008312020300262346,0.0012995129072905787
2024-09-26,0.032273891570151925,0.003964800214346642,0.00751310372058156,0.005086884066794806,0.002350751161404485,-0.002595714617073419
2024-09-27,0.00935309904070647,-0.0014502900961131937,-0.005557034149443862,-0.007935830791900744,0.005201069887356136,0.10344822451218505
2024-09-30,-0.03740901688060083,0.004007088348869869,0.0027119207474290974,-0.007999374253898295,-0.0047683652855990966,-0.013561294495994303
2024-10-01,-0.039357521968434894,-0.00895838840635721,-0.013932466207799421,0.010491249392624136,0.007220179943418614,0.15122538887453651
2024-10-02,-0.0033568819965540397,0.0004221832658779512,0.0014129130770199616,0.00020358719772617384,-0.008426948502684994,-0.018691620253031727
2024-10-03,0.0020882627636797935,-0.0018282872845175602,-0.0007470099814932407,-0.0006920058878576718,-0.009420795299266649,0.08412699389840173
2024-10-04,0.021528753876634443,0.009087314968778681,0.011898116081586751,-0.001996030315693287,-0.012300932239208251,-0.06246953152482426
2024-10-07,0.002725801065549094,-0.009040375451706217,-0.010711591763101103,-0.0033877625757333663,-0.0075354377300819175,0.17855286145995874
2024-10-08,-0.001682150134457161,0.009457441677007017,0.014934593480001812,-0.007371925565205384,0.0016872943945320795,-0.05388689691892423
2024-10-09,-0.024944762232405493,0.006926483704299491,0.007868426574952014,-0.005446185963701722,-0.005684853468812978,-0.026143765823892218
2024-10-10,-0.005077433013489285,-0.0017501448111001405,-0.0011354861953658535,0.007342892553628744,-0.003917436227721671,0.0033556899700895038
2024-10-11,0.036011743668549645,0.005988235005383702,0.0015630371378998476,0.010913408354139564,-0.004039095858759945,-0.022455863060207304
2024-10-14,0.057667226762912804,0.008178348768201893,0.008391502441746468,-0.001629502157067031,0.0007471374911665052,-0.037145569674535084
2024-10-15,0.015064992457922477,-0.007769390777127794,-0.013366833785580345,0.003468359323146597,0.01215725821627145,0.047715664482478326
2024-10-16,0.008526251733136592,0.004346198671580703,0.00012226510936064194,0.005001609209081437,0.004214507702125614,-0.051356564791082526
2024-10-17,-0.0031485616380424464,8.589743781750592e-05,0.0006925838264224549,0.00598831083503093,-0.015843000451732037,-0.024004050826652468
2024-10-18,0.015118035686984221,0.003846548369420555,0.006554610819747841,0.010618185005034864,0.0007466034922110065,-0.05651490786039204
2024-10-21,-0.015360363935116972,-0.001642173469649788,0.0019212668765602459,-0.00019900127714245208,-0.01747110960535947,0.018857467534081795
2024-10-22,-9.567341618454961e-05,-0.00053117967032279,0.0010900492707734966,0.01078732362833379,0.000975636061053553,-0.009254222565459602
2024-10-23,-0.01379441121005398,-0.009137472564623828,-0.015323957638813557,-0.012050555849465017,-0.002707764881838992,0.05714280025176999
2024-10-24,0.02602442034118191,0.0021628025973028375,0.008108878597858915,0.007693259346016168,0.006407921626641944,-0.008316000484173136
2024-10-25,-0.022280180844656217,-0.0003454048306994473,0.006093627732879137,0.0020569789010425055,-0.005611775463792101,0.06551362709634656
2024-10-28,0.04899798117963772,0.0030914301936280086,0.00016140407009013202,3.945407605776552e-05,-0.0027130543528315343,-0.026069881388808724
2024-10-29,0.04023493905417541,0.0016184868692048493,0.009608481020510151,0.010894858433216914,0.0015234400503520984,-0.023232277888761477
2024-10-30,-0.005238593875544262,-0.0030253159284875375,-0.007557601612025899,0.005505891218995584,0.002933982364714982,0.05222338267389759
2024-10-31,-0.029366396164960396,-0.019603301045631794,-0.02524269991583883,-0.015495166963743978,0.0016247080824958182,0.13808350925148427
2024-11-01,-0.010435331387529279,0.004220808348551319,0.007398933625877957,-0.0041023758773532926,-0.014098059407346875,-0.055267732948130144
2024-11-04,-0.024048669650932664,-0.0021542196099759714,-0.0029131741329927463,0.0014259144001700363,0.015521631912576161,0.004570401522182799
2024-11-05,0.02282879023690776,0.012091925525588465,0.012756946550661619,0.002254447895034817,0.0053119428673320535,-0.06778888999770039
2024-11-06,0.09053568676993895,0.024865487816271736,0.027163098392815943,-0.030386729020158154,-0.027388411441796157,-0.20595409275225196
2024-11-07,0.003513808689745934,0.007732273571293691,0.015744171615613922,0.016076503855530166,0.012527444904343099,-0.06576525005492273
2024-11-08,0.008439738809541852,0.0043317116431220715,0.0011685703979655848,-0.006769426092267161,0.012701314159127675,-0.017105278430553206
2024-11-11,0.15880765733523816,0.0009529898599045517,-0.0005834536447215655,-0.02347155656813127,-0.004865260392337367,0.002008078145122605
2024-11-12,-0.008406532091926988,-0.0031065437781114813,-0.0018100495584576493,-0.008631355179477884,-0.014993556987336176,-0.017368084451840793
2024-11-13,0.029882636380625716,0.0004858730531422939,-0.0012867123070209319,-0.010081225320474285,-0.009485929220027223,-0.04690683742990798
2024-11-14,-0.03680261786927608,-0.006430206460433574,-0.006949632086425739,-0.0026091417886487944,0.0057906053069389785,0.020684732695029018
2024-11-15,0.04373133907381366,-0.012808535846547398,-0.023826013435372273,-0.0017720694429753658,-0.0026574371199699076,0.1278825238553527
2024-11-18,-0.0057471190411420014,0.004097409691839804,0.006947558954053301,0.019020246289590537,0.0017763755401178916,-0.03469637466662756
2024-11-19,0.019892819836786257,0.003655262390628966,0.006879752891914448,0.008959325127211537,0.005097423171326554,0.04942236595213734
2024-11-20,0.02161166598491282,0.0003389332950363144,-0.0005759125932581766,0.005632045702723465,-0.0031972262869301993,0.049541250583724494
2024-11-21,0.044151545428309014,0.005368352731534021,0.003597217960707111,0.008339500390982302,-0.0007743444196040006,-0.016899709251596895
2024-11-22,0.005004201495724558,0.00309939412825333,0.001603997640663879,0.012892210445830665,0.000553480043119503,-0.0966212796103989
2024-11-25,-0.05955056862531716,0.0033918958708469837,0.0015817242972082646,-0.029458856541118794,0.025887777101605947,-0.041994711237550164
2024-11-26,-0.011997304040733403,0.005221694503507512,0.005369114720584545,0.0019383092584315254,-0.003882117218576009,-0.0342465744476691
2024-11-27,0.04323745271515378,-0.0030299843803049953,-0.007873350435211313,0.002222714763140843,0.006928635514667603,0.0
2024-11-29,0.015620598664648044,0.006212049093089256,0.008786815029142803,0.008624546377060671,0.010321263893129595,-0.041843981320970114
2024-12-02,-0.016377937607589543,0.0017923271897524184,0.010887969959975763,-0.008754403389975018,0.002402934703474413,-0.012583277084667777
2024-12-03,0.0014276215513644441,0.00046384223378992395,0.003066085661282747,0.002012776164397767,-0.008629081235957625,-0.002998497855734139
2024-12-04,0.02881567529768403,0.0062096131214228745,0.012363139136823964,0.003033679807253664,0.01074576376592673,0.01127816664504766
2024-12-05,-0.022020788503929523,-0.0016457393136626308,-0.002771188481261788,-0.007397709454119217,0.0020201283155418803,0.006691461253842901
2024-12-06,0.03444474217316973,0.0018954890522955292,0.00894962700160784,0.0003705687954560499,0.0014852096966817552,-0.056868501200791455
2024-12-09,-0.024899664585615544,-0.005149571116736196,-0.00778759283289987,0.009919751769426055,-0.009216958768895944,0.1111980479026784
2024-12-10,-0.007772430783165474,-0.003108991042220177,-0.0034075795621070215,0.01316431251835759,-0.004704823509631528,-0.0007046705780979767
2024-12-11,0.04652269534294651,0.007730739542463061,0.017902333654016722,0.009533812345188464,-0.009454214590590926,-0.04231314305760081
2024-12-12,-0.011169293200355757,-0.005152741655185644,-0.006453609738705901,-0.014663722649505995,-0.012147449501515362,0.02503683022813319
2024-12-13,0.014156490833941326,-0.000198618165903941,0.007654322718753326,-0.012091578404740733,-0.010211048562890013,-0.00790227414327227
2024-12-16,0.045047253804540555,0.004269850246997331,0.014400572571886316,0.002415209844427002,0.0029951129702361357,0.06372187791657047
2024-12-17,0.001045771070669721,-0.004119889249361797,-0.004403656720086246,-0.0038386247250202787,0.002433108010162943,0.0803267759620312
2024-12-18,-0.057462106019896764,-0.02980335807549228,-0.03607698886052557,-0.01918507783771317,-0.012504183978881644,0.7403907396600702
2024-12-19,-0.025495268879325628,-0.00030715271662817845,-0.004453183237748681,0.0014210967336203417,-0.015141492105186893,-0.1278059587033482
2024-12-20,0.002717960528709318,0.012010906155728973,0.00873244858001776,0.010434056495473909,0.005694120175257389,-0.23785801186974165
2024-12-23,-0.031401547812117236,0.005988313845908255,0.0097427183153187,-0.004708795377563968,-0.009172156702219936,-0.08605663786390261
2024-12-24,0.04213760595334648,0.011115097673623398,0.01355979231601201,0.001992014086009908,0.0042286270320148756,-0.14958284422952606
2024-12-26,-0.029192259396668696,6.659178790080489e-05,-0.000679402311405064,0.006751179863859091,-0.0005691247731447469,0.03223539381334706
2024-12-27,-0.017022260795415023,-0.010526583116915789,-0.01329295745571657,-0.0068705038771271765,-0.008198528789712722,0.08282418906603617
2024-12-30,-0.01615940859041931,-0.011411689511399481,-0.01330007872873662,-0.0031896811646235923,0.008036880230236632,0.0909090800379102
2024-12-31,0.008484077565384274,-0.0036382414606916935,-0.008494627639557661,0.006233636577161361,-0.005353242222974397,-0.002873519434293592
2025-01-02,0.03700847015010855,-0.002456701080395529,-0.001956090977874303,0.013587714119632333,0.002748393500774604,0.03342938968033171
2025-01-03,0.012597729955682757,0.012503297047756545,0.016365269497480517,-0.007864039973028869,-0.0031977015343811477,-0.10039046925668937
2025-01-06,0.040472533656703336,0.005760615382937484,0.011492619180359487,-0.0012320959587239777,-0.004467814222050448,-0.005579556721748813
2025-01-07,-0.05050430525956884,-0.01130414970707061,-0.017844061448761606,0.005633435188264313,-0.011277266740519098,0.11097248614080613
2025-01-08,-0.019388436629511285,0.0014611171355269903,0.00017466382578645856,0.005315681488123669,0.0012800374079000587,-0.006733946910202238
2025-01-10,-0.0035990912387096063,-0.015267533310024395,-0.015681059233954575,0.009558310004399662,-0.006625505520530983,0.1039548063998117
2025-01-13,-0.0019527650463389001,0.0015505849049237685,-0.0032137616209347852,-0.009951255605703757,-0.00035106661543660156,-0.017911994118260277
2025-01-14,0.021345722040169157,0.0013759502770052112,-0.0009495293357243417,0.005249423200524461,-0.0016386644594769129,-0.025013102460996528
2025-01-15,0.041129999632577796,0.018189922211973686,0.023006213772426287,0.007488993695735191,0.017235407932802094,-0.13842856076827315
2025-01-16,-0.0074383335632930425,-0.0019229971694386672,-0.0070058237432936155,0.006910965874952435,0.0032271815857016772,0.029776644990494594
2025-01-17,0.04716598568833419,0.010039795288152353,0.016878254382192814,-0.005307269747253374,0.0017234691629155474,-0.03795181325081021
2025-01-21,0.01612285742854702,0.009153376558130866,0.005865080544202206,0.01548521901629396,0.008945689162166204,-0.05698183044435312
2025-01-22,-0.023488299826845638,0.005621538910688839,0.012786040339590965,0.005135652699768123,-0.005228908142950739,0.0026560398896751103
2025-01-23,0.002962783076025932,0.00545805909788788,0.0021258676350404127,-0.0014148699521492336,-0.007770602981644559,-0.005298008058610915
2025-01-24,0.008265785680243276,-0.0029191634446454895,-0.005651303927072138,0.006218705580030903,0.0044916705895026166,-0.011318247078086707
2025-01-27,-0.026061918652707572,-0.014145254111986527,-0.029114392928419885,-0.0104048052682425,0.01180897811889925,0.20538714873478559
2025-01-28,-0.007397669160641884,0.008592210851586568,0.014779885614112143,0.008656417783572623,-0.0006796595390589077,-0.08324021245093771
2025-01-29,0.023395602825692086,-0.004482967158625062,-0.0018781745546427864,-0.0038404097330004827,-0.0020412860719122294,0.009140744663317601
2025-01-30,0.009952379879751394,0.0053671859760371365,0.004262383974955153,0.01514551884715587,0.0037497512482334017,-0.04347822080763086
2025-01-31,-0.022249243050878498,-0.005322013686878346,-0.0014529684687171196,0.0019763991077348386,-0.006565492281403573,0.03724748402174094
2025-02-03,-0.009761255150828374,-0.006729450249601476,-0.008003131020826393,0.005337271410283728,0.00814195936986395,0.1332927871807601
2025-02-04,-0.034846278405663456,0.00670816138345165,0.012275282137659493,0.00984841707528572,0.0030626817297159104,-0.07572511768043466
2025-02-05,-0.012836943218062724,0.004054423481035352,0.004537997132848748,0.006209542410714253,0.016510143686403245,-0.08367220821110855
2025-02-06,-0.00022924323774897726,0.0034757326481529294,0.005219679586380144,-0.0026502562908058414,-0.0004449082443126473,-0.01712114457363567
2025-02-07,-0.0006647556256734743,-0.009153411562772051,-0.012613209221194799,0.0017841598670260694,-0.00645516659608425,0.06709683325982874
2025-02-10,0.009411347276075954,0.006791120950360163,0.012104931488667203,0.016938239196991,-0.0030245994775741636,-0.04413545680190001
2025-02-11,-0.017345724709743937,0.0007605411933127026,-0.0023806343352392734,-0.0036516022155236305,-0.006404455209949367,0.013282734508116123
2025-02-12,0.02233406885677658,-0.003221485072722685,0.0005871268568600208,0.0010471549570203464,-0.013570082632605396,-0.008114863341212808
2025-02-13,-0.012892487184132717,0.01055750138825129,0.01438599163250931,0.009862831092105617,0.01662272056251024,-0.04971679954588537
2025-02-14,0.009160278803397981,-4.917697295880874e-05,0.004198338063292839,-0.014871773334245608,0.005299799171651465,-0.021854299031079605
2025-02-18,-0.02019734082153335,0.0029358976669520143,0.002266960573353183,0.01656090548123368,-0.011777712656119932,0.03926878170143766
2025-02-19,0.011472343504350446,0.0023549188372289365,0.0002780886314701636,0.000554096378723612,0.0012485170702911663,-0.005211721284556381
2025-02-20,0.017574558032842136,-0.00416044740027488,-0.004244397223757579,0.0005168326664386491,0.003741155823432596,0.025540234312838583
2025-02-21,-0.02245807176184722,-0.017104007876210026,-0.020754623574849584,-0.0009225433005247696,0.012084836193393622,0.1628352019097845
2025-02-24,-0.04897111281063904,-0.004550510344039749,-0.01180420039598351,0.005429568123388684,0.0029013460190552287,0.04228448635234905
2025-02-25,-0.029337712021491935,-0.004973079507837541,-0.012599394203546166,-0.013188334192659745,0.017247251294441934,0.023709208313628327
2025-02-26,-0.04946290046952739,0.0005047975617609168,0.002415624548670836,0.0015263333689308212,0.005906758495689113,-0.016984041097423352
2025-02-27,0.004234922709094535,-0.015961911190013223,-0.02777128879478441,-0.015239958822878874,-0.007068096591923867,0.1062826564792283
2025-02-28,-0.003910297790814532,0.015605596661077747,0.015791497256315123,-0.006265820058134697,0.012265824630996569,-0.07098911782188544
2025-03-03,0.02006167738219755,-0.01751997766630431,-0.021882444403536927,0.013180390342641513,0.004666803336877301,0.16046875499488777
2025-03-04,0.013437685575495406,-0.011836867992038314,-0.00301784254687798,0.008697635934455272,-0.012315062773755159,0.032045633021612785
2025-03-05,0.03899657851208138,0.010747731993943743,0.013036026876223517,0.0020813110966888537,-0.007984253439664246,-0.06720544059225653
2025-03-06,-0.007303133084179958,-0.017751052138385348,-0.02750937432362144,-0.005081207410422395,-0.0033074407279037876,0.1340629499838053
2025-03-07,-0.0357824911826653,0.005604885844907148,0.007353472645138304,0.0005219558189655249,-0.003208230571486892,-0.06031362884530711
2025-03-10,-0.09465551034480402,-0.026635619444153158,-0.038756256765399844,-0.008755937163287819,0.010431867817120688,0.1921266414154501
2025-03-11,0.05513944554449135,-0.008312891177371884,-0.0023904614377954214,0.011727541035094546,-0.007138839939838548,-0.03374014764767641
2025-03-12,0.010380466895202334,0.005306711888906301,0.01128083215160558,0.004346793335703092,-0.005973488179670139,-0.09992572535044164
2025-03-13,-0.0317197970748182,-0.01333054593066052,-0.017990534910285905,0.017756144523255468,0.00879143978776109,0.017746608060236646
2025-03-14,0.03580259620308812,0.0206557912275962,0.024170458331620237,0.00039975774946587883,-0.005295143715987272,-0.1171938121464231
2025-03-17,0.001269347123127984,0.00771133679017999,0.0064837877454766435,0.0054135329342379634,0.004990589758834707,-0.0578778228014456
2025-03-18,-0.016142449028442418,-0.010808487898628982,-0.01704739658573684,0.011671955843306048,0.0009930902881769565,0.05802050320710772
2025-03-19,0.049997601050550955,0.010890956650734918,0.013381370948848614,0.004107707999658539,0.005181388152160293,-0.08294935857713559
2025-03-20,-0.030937253791171848,-0.0028918080871890295,-0.003389522884180929,-0.0012805854303336028,0.0006581119775761479,-0.005025144893802347
2025-03-21,-0.0014727011460912154,0.0003298919546212975,0.0032966643557250652,-0.008049901213267985,-0.005918581973032189,-0.02626255406322109
2025-03-24,0.04111778395329413,0.01790848775160092,0.02194435852217902,-0.004452548665506595,-0.010253475307083648,-0.09336105188294774
2025-03-25,-0.0003109860024155253,0.0024038215328545665,0.005706634880989325,0.004400365088198743,-0.00011140812957699531,-0.018878714665219953
2025-03-26,-0.00652577110204744,-0.011938228305225729,-0.018400792403239774,-0.0008259812019960622,-0.00657336274476239,0.06880468404796991
2025-03-27,0.003178549412391707,-0.0026556270261320902,-0.005697941307463039,0.013405732882559862,-0.0029155600129234793,0.019639967913255507
2025-03-28,-0.032393289916566204,-0.020138537578850313,-0.026327762999705406,0.007412123023167849,0.013834205793415544,0.15837340823392898
2025-03-31,-0.02138905788841794,0.006712912760983514,-4.2636098415149704e-05,0.014363222998346137,0.00987355093954334,0.029099357007656312
2025-04-01,0.0317418810684309,0.0028243320979046693,0.008060985822631261,-0.0019782303576065807,0.008665420513714217,-0.02289049430718948
2025-04-02,-0.031507420800550134,0.006328409324741324,0.00729849633654478,0.0020516615880092903,-0.0006557292952706906,-0.011943051144452932
2025-04-03,0.007481504135517403,-0.0492808064931346,-0.053533500041604065,-0.006038278082531101,0.00459382009326692,0.395629945993925
2025-04-04,0.008916382019940938,-0.05854288397358964,-0.0621088926226101,-0.02339226273628292,0.010887238496853913,0.5093271379872046
2025-04-07,-0.05496492874072856,-0.0017811884523963872,0.002413131684975589,-0.02148580630415131,-0.030156143160081306,0.03685716438600095
2025-04-08,-0.03739976334343409,-0.015662815673295305,-0.018008416690219242,0.005443793790763651,-0.01887856153957157,0.11387829589075582
2025-04-09,0.0826253916648998,0.10501944686832076,0.12003083776417367,0.03699125081478161,0.005885721224844875,-0.35753873962348437
2025-04-10,-0.0356990599146636,-0.04381917539064717,-0.04253223738465306,0.0244235794430141,-0.027568351621321985,0.21118389394369697
2025-04-11,0.04745546227457886,0.01784277787885369,0.018423026587357505,0.019086664805096243,0.005438557955891543,-0.07760313734483593
2025-04-14,0.013638953601592618,0.009701508108546752,0.006778150948711037,-0.005705977012200658,0.007135573491579006,-0.17758258093104407
2025-04-15,-0.01033089354397465,-0.0028007924327630995,0.0011147909587645444,0.005232379352138938,0.0035423711598292495,-0.024927114458703215
2025-04-16,0.004360934564412222,-0.02222796326408627,-0.030153417551365358,0.0325408102664011,0.005579446625413986,0.08366528818726215
2025-04-17,0.01025637449930672,0.0014265993667199606,-0.0001801201233460059,-0.004390692094044635,-0.008832626826931311,-0.09160538685752617
2025-04-21,0.030898557937234727,-0.023802651133915886,-0.024746707485598374,0.03093558529908469,-0.017479288242530755,0.14064081382610993
2025-04-22,0.06767662701452015,0.02601794197538787,0.02625210257053645,-0.014195668551963636,0.005581179505778078,-0.09609698490025054
2025-04-23,0.0027527134594511615,0.01549536109982208,0.022678022281735766,-0.023978630729734163,0.009713156968378378,-0.06934900075395489
2025-04-24,0.0026114175645013393,0.021048912949868326,0.028137178908567373,0.014556277018207942,0.01053611513254471,-0.0695958311594923
2025-04-25,0.008267742531563593,0.007225311311978455,0.011147968666084251,-0.010841679678267213,0.007366299178979352,-0.06157911609556577
2025-04-28,0.002726442533559359,0.0003813851666460977,-0.0003174509647926316,0.01424210344049559,0.006299753633343119,0.01247984959895776
2025-04-29,-0.007306486319308303,0.006299388836584985,0.006604453696057222,-0.009738925467677184,0.00838476141532718,-0.038966185172991996
2025-04-30,-0.0008217291810309613,0.0003967183919115769,-0.00012620020782727615,-0.007482221012837353,-0.008093280003592329,0.021928038269446892
2025-05-01,0.02425526614507767,0.007086980474864335,0.013060758074624035,-0.02077228754256477,-0.005070458161062663,-0.004048598315015806
2025-05-02,0.0043291974532626565,0.014844136511218409,0.014843906074349267,0.0017481999132260562,-0.010824296910477815,-0.07804878237889012
2025-05-05,-0.022309504244793943,-0.005734215590911473,-0.005932567714046821,0.029867754776654154,-0.005585230786080531,0.042328001391321646
2025-05-06,0.02168299794413664,-0.008358325676825262,-0.009301695397857856,0.02802400275899264,0.00332388590393351,0.04737736328892761
2025-05-07,0.0023743581586117557,0.004205416334334133,0.003925891660626846,-0.014993060801348546,0.004227470922587129,-0.048869183385945925
2025-05-08,0.06399043746457878,0.006967762571935099,0.010324935411255787,-0.0196942722998793,-0.011149129225069387,-0.04543523267467309
2025-05-09,-0.002621130818400763,-0.0012742213508586397,-0.0006554582078037718,0.007254674259445482,0.0014957511988256122,-0.025800708875297285
2025-05-12,-0.0015334284907234652,0.03304754271395138,0.04074034855642705,-0.028190568373488878,-0.00930511756630914,-0.16027398584573105
2025-05-13,0.013197358248725033,0.0066040731540844,0.015240865821024796,0.004258992599597278,-0.00405840402804325,-0.009244158887228515
2025-05-14,-0.006051642240404331,0.0012778714349117593,0.005992813382030837,-0.021037827999516923,-0.00663638171346681,0.021953981391520827
2025-05-15,0.00198211052629782,0.004884285134641564,0.0010990744362497917,0.015963953531585195,0.008790220196118526,-0.0424275445714678
2025-05-16,-0.0024613470244020386,0.006334043929497213,0.004352493636323507,-0.012087047232674286,0.0026722777211485305,-0.03309030595134499
2025-05-19,0.020455166367232103,0.0010938196429841618,0.0009586910245376057,0.012880671121226372,-0.002896738925709852,0.05220415490016572
2025-05-20,0.011220046530480143,-0.003362153676216839,-0.003333289079028412,0.0186222454642182,-0.0072050546206433586,-0.0027562976153725494
2025-05-21,0.027034018449719976,-0.016850775346555102,-0.013896724783397318,0.007378683875855163,-0.01709001408710764,0.1536761007847649
2025-05-22,0.018191448638679386,0.00039470808698149895,0.0018713340116629507,-0.008861493387459118,0.005239920583511415,-0.02827025054444432
2025-05-23,-0.03927066820202352,-0.006825745108989145,-0.009260799926307794,0.021906288045034472,0.0016585179466932498,0.09911243396581493
2025-05-27,0.01590902040787201,0.02079046874263546,0.023525217065500037,-0.016949152542372836,0.013956345733186604,-0.14939442325168273
2025-05-28,-0.010939184653144474,-0.005785347645933303,-0.004431824747123891,-0.0022660178699712707,-0.004315856553551933,0.018459936622906348
2025-05-29,-0.020041963379443528,0.003947442276660329,0.001965755991673257,0.0059247154716217665,0.009255024206919815,-0.0067322198012426115
2025-05-30,-0.015554336978341854,-0.0011185059286688004,-0.0015773519996876706,-0.006576942326457891,0.001508840949166368,-0.03180399377715093
2025-06-02,0.018105642527988408,0.005632921295571913,0.00789827468326032,0.026581051258171673,-0.009306679995686462,-0.01130851308151537
2025-06-03,-0.004241178746647534,0.005702557269405606,0.007817039521489821,-0.008855551213511115,-0.0017612781472425842,-0.03649237766997637
2025-06-04,-0.0066439151364365845,-0.0002684085986693896,0.0027878496326794178,0.006441974072654677,0.016233155662324972,-0.004522324550077617
2025-06-05,-0.030134359325224014,-0.004832859623354335,-0.0075268786024924594,-0.00504987891618125,0.00069449914385733,0.04940368550432428
2025-06-06,0.027707252931573167,0.010269135339138424,0.009775333856663515,-0.013416073696802311,-0.012724201405050262,-0.0925324202830431
2025-06-09,0.05655463523176674,0.0009012286833693928,0.0014719249811292467,0.004718534884218695,0.0010546763314798202,0.0232557769232431
2025-06-10,-0.0003342625487465778,0.005669614593777128,0.006613927210397552,0.000293510988597534,0.005149715213419226,-0.012237708994171426
2025-06-11,-0.014244955298426398,-0.002851975015019881,-0.003369560413003625,0.005412290790508978,0.0030275540580910754,0.01828905321468688
2025-06-12,-0.025371753999169577,0.0039742753822695764,0.0023477750508726913,0.0124202002480438,0.011957252648140404,0.04403245763636199
2025-06-13,0.0015285141831733462,-0.011180162300879815,-0.012554580510692248,0.013100564311248064,-0.009636169091998603,0.15538286159444614
2025-06-16,0.006652678081987995,0.009514344503849026,0.013909831841346865,-0.01425909653729851,-0.01007765018017226,-0.08213252207192667
2025-06-17,-0.020559056941174436,-0.0085450687006845,-0.009751207551185304,0.0005131941200071655,0.01216935726194679,0.130298257016767
2025-06-18,0.0026979724986506692,-0.00015071307483049967,-0.00017028547449837728,-0.005385627565021256,0.0017342703157938733,-0.06759263731651588
2025-06-20,-0.015004544484176097,-0.002348577608368929,-0.004083025814642927,-0.00041901914110908933,-0.0018465322442994259,0.023833240522920462
2025-06-23,0.021955092660267406,0.009877485739587577,0.010282416632169111,0.0030631724583116693,0.0032371557633907866,-0.03831236097838653
2025-06-24,0.004431419225533917,0.011047186039507384,0.015291997423467318,-0.015719378751237634,0.007260810909456739,-0.11850733184624906
2025-06-25,0.012406215749838134,0.0005603844216792719,0.0025564521959329234,0.003037305817845004,0.0012583061807787121,-0.041189893147009715
2025-06-26,-0.003737454466123835,0.007823809728070064,0.00935035960570385,-0.0011070472235482631,0.005028084418070566,-0.010143202504316884
2025-06-27,0.0012007263229245613,0.0049683222933454285,0.0034235586369515403,-0.018123728993798327,-0.006367290310215767,-0.01627489181918751
2025-06-30,0.00043801417330402437,0.004781179328798402,0.006477035183753976,0.01198454729743359,0.009841035051304736,0.02512254013963844
2025-07-01,-0.013413452013053329,-0.00032361428413474336,-0.008429437554041574,0.008923010663382636,0.0024795372639287994,0.005977309277102272
2025-07-02,0.02990624847553991,0.004533365492089381,0.0069653802948459465,0.005527596405484614,-0.006353664542887327,-0.011289396014196651
2025-07-03,0.007244728772290987,0.007881299997254843,0.00984025887445128,-0.006822911403597365,-0.006965097196646397,-0.015625014328040088
2025-07-07,-0.01229502852915454,-0.00745187323644414,-0.007532880770139472,0.000748780548875283,-0.009543475487545972,0.08608069761920256
2025-07-08,0.006005750382996888,-0.0005478346660828803,0.0005616468137112918,-0.010443411868664265,-0.0012770415226254217,-0.055087206247954934
2025-07-09,0.021810695604753683,0.00599675555837198,0.007078811126187912,0.004471282664348264,0.01046164664925131,-0.05175490262933857
2025-07-10,0.041864660687494615,0.0028202579962521845,-0.0014381239409970714,0.0022257895319868215,0.0006900881562934558,-0.010037631845926431
2025-07-11,0.013189291760499877,-0.0035155067463294998,-0.0022506219651041715,0.009601575193336043,-0.01379462071371218,0.03929023422374556
2025-07-14,0.019849988449143874,0.0019082830706971254,0.0036269592140361073,-0.0036553174266280575,-0.0020983306459569917,0.048780558720578515
2025-07-15,-0.01729262210051885,-0.004273211767298224,0.0009168176339144907,-0.004155705135267751,-0.0070084002954051705,0.010465022665288926
2025-07-16,0.00816219450392297,0.0033431738607130335,0.0010239276654802065,0.004988096125243757,0.0014115355305781563,-0.012658188951534366
2025-07-17,0.004643278306736054,0.006119538410830128,0.008092681640403221,-0.0021735334020257513,-0.0002347998380394234,-0.03729600205940298
2025-07-18,-0.01078563897020779,-0.0007322363413652111,-0.0009611275485174042,0.002600924347578637,0.0015272577454519265,-0.006658632403358511
2025-07-21,-0.004776882093994628,0.0018959466409167458,0.00518475626428172,0.015370115792427752,0.00891619474370886,0.014625214707483014
2025-07-22,0.02176332622218302,0.00014319545315677473,-0.005175712979872404,0.009484882235462067,0.006046456436624714,-0.00900898630432001
2025-07-23,-0.010337504434577038,0.008507477186705525,0.0045611516539536545,-0.01240118112003663,-0.00554796946026348,-0.06848485542066174
2025-07-24,-0.0032584822936673197,0.0003311269877350753,0.0021284781994783675,-0.006118276977772341,-0.001743158833628966,0.0013012659669868754
2025-07-25,-0.006185093838706357,0.004224338152491125,0.0024070577535559856,-0.0092499926477293,0.006287014621614073,-0.02988954047337322
2025-07-28,0.0024532799270098327,-0.0002511658677887274,0.003125014196743381,-0.00647361832754334,-0.006479279061236909,0.0066978851809362805
2025-07-29,-1.9742508661990676e-05,-0.0026374681700745972,-0.001548851414103325,0.002750389076383808,0.01688605340806859,0.0632069079270261
2025-07-30,-0.0007713643170961237,-0.0012594666428340506,0.0013399059679111147,-0.017273497289540862,-0.0051536375049229255,-0.03128911228554565
2025-07-31,-0.017592832754910526,-0.0037512614196472116,-0.00529917346957709,0.0066454015709211944,0.0005756537792009908,0.0801033467562382
2025-08-01,-0.021062154747402473,-0.016390321589204504,-0.019698840210181645,0.020299689958884537,0.014216649188454111,0.21889952139464608
2025-08-04,0.015458838214843729,0.015199764160073403,0.018451647668815463,0.005823229257701401,0.002732791961884473,-0.14033360258957683
2025-08-05,-0.008085706753543476,-0.005069926343612585,-0.0067896224846527575,0.0008040912066364925,0.0030661920031576084,0.0188356115915409
2025-08-06,0.007767158415357134,0.007659758716372034,0.012583341497636402,-0.00212110700071233,-0.005773832487418806,-0.06050419611347535
2025-08-07,0.021463456180234486,-0.0008376363499652539,0.0033842354451689705,0.008437987494967825,-0.0017080851316264578,-0.01192610360644697
2025-08-08,-0.0068782400705657,0.007797456463786601,0.009328207018459489,-0.00022357985855403495,-0.004334414310403711,-0.08569704903117736
2025-08-11,0.017505707793510794,-0.0019775013459851776,-0.0029588631653203468,-0.014374701087597641,0.001145667687255214,0.07260728773380909
2025-08-12,0.012140515376580119,0.010646078845516938,0.012568801217258008,-0.0009074665058316222,-0.0050349517555514645,-0.09353848970853362
2025-08-13,0.026388279596092357,0.003423132386020322,0.0004999798804039557,0.0030492830145867345,0.00828058902197748,-0.01629326399026665
2025-08-14,-0.040411222672351976,9.301357079483097e-05,-0.000775352141296759,-0.006338706734070332,-0.007414155883763152,0.023464469148273492
2025-08-15,-0.008121240187970669,-0.0023411979263346927,-0.0043974235587807,0.0005858183101099534,-0.00712461479531723,0.017532045193487944
2025-08-18,-0.009761968948004185,-0.0002176166478941033,-0.0003984446334388547,-0.0015612675411803556,-0.002893626489149592,-0.006626930447881874
2025-08-19,-0.029428514056440758,-0.005425196437217061,-0.013567484997967227,-0.005473279447945512,0.005803772015270159,0.038692457142231795
2025-08-20,0.012794003430595335,-0.002657080804944645,-0.005937318369851896,0.010122175284489776,0.0021927640431287365,0.007707121895382807
2025-08-21,-0.01623902974513114,-0.004011713095880665,-0.004629871199771873,-0.0034698951143765644,-0.00495159815086843,0.05799877791100583
2025-08-22,0.03962900798880531,0.015356637351427116,0.015427469792720583,0.01070642694476942,0.007406541366734798,-0.1433734975751969
2025-08-25,-0.05775218963945106,-0.0044008291946756595,-0.0028848106482866065,-0.0024148368614391735,-0.0028719292022519882,0.040084365971908564
2025-08-26,0.015240086898922645,0.004186776249525348,0.0040153373620261945,0.007262047243691283,-0.0005759307292337867,-0.011494258061691465
2025-08-27,-0.005193022862549412,0.002278644276482167,0.0015368674330140664,0.0020187288833615202,-0.0011528903029257576,0.015731908188168164
2025-08-28,0.01189280397942638,0.003541419568318549,0.006259921164795568,0.007419038046796889,0.0065781093838204185,-0.028282832693932725
2025-08-29,-0.036731759955323295,-0.005963733924517545,-0.01157549320316631,0.00964990177666114,-0.00710836887956523,0.06444901814505788
2025-09-02,0.025733128758534063,-0.007410347641911175,-0.008380105771098934,0.023642559312442524,-0.007441581595966196,0.11783857161935951
2025-09-03,0.004699840343410866,0.005419642546478309,0.007867572636140574,0.007831992196408066,0.010977327064382258,-0.047757698962177964
2025-09-04,-0.008947195185422974,0.00835741674721624,0.00905133805635927,-0.004418882618094533,0.007624063574225293,-0.06422019365362708
2025-09-05,-0.0006558419928113235,-0.002896288899897903,0.0014428572919567006,0.01334594055214322,0.015246865947116772,-0.007843129677328364
2025-09-08,0.012837168331788718,0.0024566730815143156,0.004877994310477751,0.011388067271604019,0.01332434741825339,-0.0046113733261696765
2025-09-09,-0.004826232823193166,0.00231188440026342,0.0028332800126658064,-0.002269905468609168,-0.005683035192032171,-0.004632673488730754
2025-09-10,0.02174124101370767,0.0028908050214451197,0.0003272515481658189,0.0035922056391106683,0.005715516674433596,0.02061173007998507
2025-09-11,0.013620945043858246,0.008310195052279257,0.005820450106931219,-0.0014913797811720864,0.0066859754567483165,-0.04169383240506963
2025-09-12,0.005142859655061782,-0.000334630409346115,0.004417167567077662,0.0019715725978484144,-0.004317064207752019,0.003399061224010902
2025-09-15,-0.005656280781067169,0.0053238689277832485,0.008556977982468794,0.01040483601055886,0.0023347597997258607,0.0630080851680257
2025-09-16,0.012112382641498831,-0.0013767915798059693,-0.0008449795417831973,0.0020064107533963593,0.002107202148721621,0.04270242497685861
2025-09-17,-0.0032066883445814875,-0.001242457061691904,-0.0019960495586504035,-0.007715171664187115,-0.0025455517489308965,-0.03911982392701152
2025-09-18,0.005741425944741474,0.004672499536354291,0.009016905035605038,-0.0040063094596702875,-0.010319607727299562,-0.0012722937292578562
2025-09-19,-0.012364506846338497,0.004952868450893266,0.006769442659888991,0.010607227252210416,-0.001906026769448621,-0.01592356707243181
2025-09-22,-0.025416030362690245,0.004731049353107419,0.005920014489817493,0.01730643093326134,-0.0035948125610753,0.04207123496628107
2025-09-23,-0.00651013327573835,-0.005443562937222368,-0.0066422865178928925,0.004086375052867464,0.006989877278328116,0.0335403102723042
2025-09-24,0.011731809832655538,-0.003181571733739008,-0.0035105464204016057,-0.009063049726670935,-0.003806417299016429,-0.02764417676354103
2025-09-25,-0.03776048156409062,-0.004613467564511753,-0.0043112810845634675,0.004165188877066628,0.0,0.03461059674784095
2025-09-26,0.0060847628462732395,0.005728940562627516,0.004110868708396165,0.00577227044053652,-0.0008989298294009851,-0.08661886673181729
2025-09-29,0.04272567545300432,0.0028105400319002882,0.004631128390526484,0.016496514338703028,0.008211479124706322,0.05428390316881204
2025-09-30,-0.003009577997342028,0.003766742028707082,0.0027391934617468916,0.008540004081594166,-0.0029008405168677864,0.00992554833016479
2025-10-01,0.04026829179914837,0.0034075725394382417,0.004796954247462626,0.0015753722020723782,0.0025825551409766057,0.0006142646474234237
2025-10-02,0.017128920845327356,0.001151824796685963,0.004111072081054212,-0.003482825151325697,0.0029117331216179654,0.020871591536571144
2025-10-03,0.013136036748664148,-1.4713447336833774e-05,-0.0042097062459061085,0.008032937892485048,-0.0018982745336645346,0.001202673407877164
2025-10-06,0.020332628844412337,0.0035861796762737264,0.00751012746217139,0.01884573861512795,-0.007943735093569826,-0.016816743886603813
2025-10-07,-0.026461574802715715,-0.00370742225752696,-0.005265629590874843,0.005159462258136571,0.00575169621186733,0.05314593080531016
2025-10-08,0.01567280940669602,0.005962962748359724,0.011463908977050519,0.01649095687844504,0.0007850409464913444,-0.0545243936506532
2025-10-09,-0.013370216251727518,-0.002896974724933221,-0.001210326626064906,-0.018452848086064955,-0.0007844251406363689,0.007975526024544655
2025-10-10,-0.06976852117831744,-0.027027862178845674,-0.03471426066481298,0.010097700011942212,0.016147235500385326,0.3183201123002275
2025-10-13,0.018166518866759906,0.015344118135168339,0.021221340338120287,0.02430104394061705,-0.000551907302471788,-0.12142193810222157
2025-10-14,-0.01867262888064536,-0.0012216462876413203,-0.006661052516025445,0.007141189222626965,0.003201927457055165,0.09353645376092956
2025-10-15,-0.02064646024028005,0.004439529909605389,0.007056799644560963,0.017332403569977117,-0.0022011062280302696,-0.008169153323245748
2025-10-16,-0.023443318504017374,-0.006810227081276099,-0.003702929971409308,0.02338727694573084,0.007500478143343869,0.22625970030968534
2025-10-17,-0.01588236351834038,0.0056762988463516795,0.006566806282733095,-0.01881705572696646,-0.0015327806992859738,-0.1789805956097521
2025-10-20,0.03870786330108489,0.010400500262923273,0.01260069798083241,0.03640197438905224,0.003837748121202189,-0.12271419923715232
2025-10-21,-0.019098105646452646,-1.494287878323064e-05,-0.00026145750199924045,-0.06426889260666147,0.004915248663932337,-0.01974759802757342
2025-10-22,-0.007267028792566799,-0.0051990077413519575,-0.009634020903854679,0.00010605594835544352,0.0006523033484819862,0.04085056004214738
2025-10-23,0.022111355667553845,0.0059300554070227385,0.008406478919983362,0.004002358382396931,-0.00684339693136593,-0.06989253321222011
2025-10-24,0.008759859251149305,0.008172554694480416,0.010678283621570861,-0.0033528327110016187,0.00043749398220116475,-0.05375713519309755
2025-10-27,0.02778796063308908,0.011797664492784632,0.017809206690438284,-0.027839530498784404,0.0033892030668072337,-0.03543071763260408
2025-10-28,-0.01019252462848308,0.002656016019079832,0.007689944792912851,-0.007166030388359279,0.0026147821000643834,0.03989867738840602
2025-10-29,-0.025681284408657135,0.0004802810674313651,0.004502978524613344,-0.0037872684129753864,-0.010106411239147906,0.03045066977325206
2025-10-30,-0.015898895718551742,-0.010998009070644743,-0.015288617310262875,0.01964188672951095,-0.00581841043812259,-0.0005910300730935791
2025-10-31,0.011547120379193476,0.0032802217906446884,0.004823917340689654,-0.005430550723012573,-0.002981475896098318,0.03134244183488977
2025-11-03,-0.027462084408902965,0.0018766494782573861,0.004784806280031528,0.0017929035935666526,-0.00250097413416972,-0.01548167714997506
2025-11-04,-0.046523840630681046,-0.01185363741888057,-0.020297981112231467,-0.017517195825319742,0.0022286716420580888,0.10658124144289749
2025-11-05,0.02265282648549194,0.003465476656154154,0.006507919929066963,0.011564369498527016,-0.010896180855128668,-0.05210525111148234
2025-11-06,-0.02493503798083263,-0.010729273044794985,-0.018627335191010785,-0.0012005195756799036,0.008993026640751856,0.08273180189796547
2025-11-07,0.020445121741957006,0.000984473178775147,-0.003155329947613583,0.006119021470095687,-0.0021169272951258034,-0.0215384654509716
2025-11-10,0.025385763911246917,0.015604278627143309,0.022124205973549582,0.02734111859838051,-0.00022322894327198028,-0.07756811049026757
2025-11-11,-0.028294541304540788,0.002289357854538432,-0.0026635198225943846,0.003937814406542062,0.0045783083216781595,-0.018181800448205276
2025-11-12,-0.012954505253314763,0.000556300212536609,-0.0007883526216219128,0.016110762091908537,0.0017786119948792756,0.013310158165333874
2025-11-13,-0.01933536967351135,-0.01659390636118807,-0.020415998883927977,-0.008083098515826892,-0.00821106265232685,0.1422044396670561
2025-11-14,-0.053157837862490065,-0.0001638243733123046,0.0007560348771753489,-0.018047911171504505,-0.0057061462189782475,-0.008500003814697288
2025-11-17,-0.024406440928130158,-0.009316347515515466,-0.008540549015193744,-0.011463979297139493,0.0024754765666930023,0.12859300286794828
2025-11-18,0.009284005043766586,-0.008397553343794883,-0.012175728824554977,0.007264932736103624,-0.0003367793660002949,0.10321722340993555
2025-11-19,-0.015953746750565823,0.0038631766432766224,0.005970087071594188,0.0016294519610446923,-0.002021005192862968,-0.041717321359500015
2025-11-20,-0.05285126891851111,-0.015242227316648038,-0.023671812130308,-0.0002933255655774847,0.003937847064132249,0.11665258861714323
2025-11-21,-0.017790340109098413,0.009961138168965045,0.007512745003187771,-0.0015473311468576778,0.0030259953326856603,-0.11317183052550484
2025-11-24,0.03737042317351125,0.014718606876234608,0.02557318657013896,0.01584423909859023,0.005698321069620649,-0.12419973578785137
2025-11-25,-0.010520742688141405,0.009405928065710611,0.0061636773483719764,-0.00031569077041548876,0.002555236198161559,-0.09551661540434953
2025-11-26,0.03636830551491177,0.006903490619724062,0.008835786936959966,0.007998338908444147,0.004432732599344069,-0.07381459974709137
2025-11-28,0.004428918129616433,0.0054584342293309,0.008107212644960615,0.012424331348639184,-0.004744190362776846,-0.04886562690464402
2025-12-01,-0.05056898866147219,-0.004565470301164498,-0.003358999728951928,0.004821066034977672,-0.012448683225032786,0.05443421216412436
2025-12-02,0.05825464938016567,0.0018521864059071191,0.007826107993032627,-0.006440050713598433,0.00045046082564437206,-0.03770299461483784
2025-12-03,0.023837949867722363,0.003462839691083186,0.0024437973823301373,-0.0009296182229129313,0.002814991236488984,-0.03074142400187263
2025-12-04,-0.014821043775501641,0.000731139787988333,-0.0009302477124336628,0.0006461951944911615,-0.005389506314176562,-0.01865672836805088
2025-12-05,-0.029887330373216225,0.001899394752821859,0.0040773927632637985,-0.0017823532991587676,-0.004628536938476979,-0.023447394918898135
2025-12-08,0.01401137407571107,-0.0030042091058060105,-0.0019184508699994218,-0.002639449868615862,-0.0032892157235876462,0.08111615914194314
2025-12-09,0.022633530616329445,-0.000863028073573191,0.001233363970579271,0.005137202012788666,0.0010242455091797886,0.016206510218282677
2025-12-10,-0.007236522211271801,0.00663205445836712,0.004095641190661192,0.004259147967166088,0.0038648903801870027,-0.06851741444195236
2025-12-11,0.005329119618741718,0.0023270357445543954,-0.0032344057942019777,0.010769830543307712,-0.0013588636269843413,-0.05833862077290075
2025-12-12,-0.024223213861206738,-0.010751986278262682,-0.019118252358505283,0.005594579039939429,-0.009638255909193538,0.059932617291983625
2025-12-15,-0.042656642849050797,-0.0015108084138407696,-0.0050194605687891025,0.0009103412637567754,0.0006870222664372427,0.04828464040237068
2025-12-16,0.01648005936140917,-0.002732375302379353,0.00198183236809113,0.00022745542760316262,0.005491868987324899,-0.0012121489553740261
2025-12-17,-0.01935507109105894,-0.011003593983400228,-0.018537002937461078,0.008588228474273762,-0.0009101345780808678,0.06917483790429602
2025-12-18,-0.007908292107279613,0.00755126270975226,0.014490189497912143,-0.0018032036998043566,0.004783514801671052,-0.04256526471497213
2025-12-19,0.03090097713717843,0.009063506223587092,0.013035315712881301,0.0011289903434381632,-0.00373239391143787,-0.11618262562637516
2025-12-22,0.004388399175577984,0.006229803850433591,0.004793523378516795,0.02308160549906857,-0.002170240166615378,-0.05566733281020897
2025-12-23,-0.01215974047919599,0.004570492347330646,0.004683311224304099,0.013252341857567629,0.001602522747565338,-0.005681812794001595
2025-12-24,0.0022646365284737513,0.003517674396244841,0.0029255937289227596,-0.004134082564786756,0.006057170829737002,-0.03785712378365658
2025-12-26,-0.0035443933302842234,-0.00010140966545213459,-6.415532994641371e-05,0.011676735474757116,-0.0032943032793616434,0.0096510847708835
2025-12-29,-0.0018704053654620134,-0.0035636535074947684,-0.004840560837798935,-0.0435283019531133,0.0037610342498650695,0.044117603747491074
2025-12-30,0.014826942349620564,-0.0012212136133650242,-0.0023194000033860407,0.0007275678386380324,-0.0023844496527966053,0.009154937759653814
2025-12-31,-0.01041844740246467,-0.0074088529688375315,-0.008265620622022962,-0.006467991163222386,-0.007967192300631032,0.04326586802930965
2026-01-02,0.027835673722204746,0.0018329931020035772,-0.0019370922526258383,0.004970859258759619,-0.0014915032565483433,-0.02943141043457509
2026-01-05,0.043780896264292934,0.0066602071082446646,0.007942920296294842,0.026313174195160993,0.004940754976014761,0.02687797267378067
2026-01-06,-0.0016352711961346023,0.005947158299371091,0.008786541904950873,0.010813149047262716,-0.002057992658101915,-0.010067088749702191
2026-01-07,-0.025829527204251357,-0.003223412281198157,0.0009625291018258153,-0.009559953917111952,0.00584327125573858,0.042711872165486
2026-01-08,-0.003076724046541912,-0.00010152731427326422,-0.005689022373661312,0.005522515913727544,-0.005012033325124898,0.004551345533378326
2026-01-09,-0.005646925984974294,0.006613382996888628,0.009960230387576985,0.007242001159325273,0.006639986636549633,-0.062135925566243366
2026-01-12,0.00751151615913348,0.00157043300066384,0.0008298140919966723,0.018722729613168898,-0.0029568844413914164,0.04347826945426525
2026-01-13,0.04527528885126264,-0.0019995067653818532,-0.0014828582155441694,-0.0014210408732292512,0.0017108857555703239,0.056878284602278395
2026-01-14,0.016864423365986925,-0.004915252903138989,-0.010682812558703958,0.010222226854541994,0.005807341880144312,0.04818526156577807
2026-01-15,-0.01421799419905967,0.0027232975079871657,0.0035994548785334146,-0.006127660830587689,-0.00022644295780438473,-0.054328349099230455
2026-01-16,-0.00027284132392391136,-0.000837905189162047,-0.0008363134391510263,-0.004818883830700504,-0.005774943063941662,0.0012625949429734273
2026-01-20,-0.07552161305742966,-0.02035680001149731,-0.021247196265635315,0.03783617488689295,-0.013097958760133643,0.2667087381764075
2026-01-21,0.012071608510981546,0.0115411092816613,0.013518415093042524,0.014568979615140476,0.007616690798149417,-0.1587854907829206
2026-01-22,0.000956534957143873,0.005223257672714476,0.007269434343049719,0.01846258414950319,0.004352412190280042,-0.07455617181351726
2026-01-23,0.00046300848627667257,0.00036273518897367296,0.0031574002207581664,0.013745304981574558,0.0027368814657195983,0.02877236568970143
2026-01-26,-0.013817662922415375,0.00507823176187272,0.0044000880881227555,0.014628847613605389,0.004776492034906932,0.0037289910113973423
2026-01-27,0.009464787027023913,0.003984165378470905,0.009065299074749289,0.024531942321975864,-0.006225111651666837,0.012383948462139527
2026-01-28,0.0009202877056453396,-0.0001006645803248718,0.0033114782290084577,0.038773348494905324,-0.0022780098079526745,0.0
2026-01-29,-0.05183614563372574,-0.001984377154833794,-0.005985266190749683,0.0027094717415592218,0.0002284187133316795,0.032415826723621866
2026-01-30,-0.005119696877728619,-0.0029824841055743345,-0.012010861787367544,-0.10274245274560045,-0.005592496304569594,0.03317543845574367
2026-02-02,-0.06466156560060354,0.00497122273706152,0.006866428449922912,-0.04004945911975222,-0.0028570745405331888,-0.06307341443720693
2026-02-03,-0.03882661934945053,-0.008455385901172563,-0.015364015491678096,0.06358720612372104,0.0024263854882140556,0.10159117698350828
2026-02-04,-0.03455931736640505,-0.004843853725993386,-0.017468973844366742,-0.0007044119795716064,-0.002535834392608738,0.03555552164713549
2026-02-05,-0.14129892381358544,-0.012489284060324235,-0.014395320471625062,-0.026631707613677613,0.010862010506842878,0.1679185177362963
2026-02-06,0.1252476912623226,0.01918478647681998,0.021137893316513612,0.03073229479090611,0.0006858830780038794,-0.06430866279706493
2026-02-09,-0.006159832312600089,0.004821726716577324,0.007660140255637327,0.02540290594406658,-0.00022841201280876522,-0.1477663281723809
2026-02-10,-0.018921927121284043,-0.002637057770699447,-0.004639315964515389,-0.009913720520981939,0.011540184923274355,0.02476960196184419
2026-02-11,-0.02619404614799148,-0.00023112214366449724,0.0026820690749720377,0.011310577541873812,-0.005309056861045991,-0.007869662158076385
2026-02-12,-0.011495780977477277,-0.01544885969788623,-0.02033890905437341,-0.03472828959819363,0.013286541771327265,0.17960340763780214
2026-02-13,0.039805596623848194,0.0007044991031190939,0.0021310489817716327,0.024878663914389865,0.005491493674129044,-0.010566729902939609
2026-02-17,-0.019803480994131428,0.0016134830190519533,-0.0010301095351836764,-0.0311702543391007,0.0016718108216886574,-0.015048517485525714
2026-02-18,-0.015836888807606253,0.005037707550576753,0.007467203941096567,0.022489929267582198,-0.0037832798076002927,-0.03302119497595557
2026-02-19,0.008012052068341324,-0.002637344323549562,-0.003829708848107294,0.0027930496262249527,0.0010051807331565854,0.031090656315525544
2026-02-20,0.015650197075734784,0.00723184928909637,0.008848887182637988,0.019714504323102178,-0.0023430953087457684,-0.056351923650237334
2026-02-23,-0.049829609174084744,-0.010211366038766267,-0.012154967656684001,0.027015500392687075,0.0036907534552093058,0.10057622110776498
2026-02-24,-0.008305824880296298,0.00726847527019836,0.010741490883328764,-0.01385890426498504,0.0017829309794030745,-0.06949076515545527
2026-02-25,0.060550552894326426,0.008438306300538434,0.014493203844452518,-0.0025072627221415233,0.00011129408402177354,-0.082864398726613
2026-02-26,-0.007450715585058165,-0.005554445579207146,-0.012064559559788246,0.008575889154321725,0.004003987881319615,0.03904064939635021
2026-02-27,-0.023304501473983996,-0.004801940858611298,-0.003200752556519526,0.01313141674919538,0.006092739070584718,0.06602262506673928
2026-03-02,0.043927986557364296,0.0005685229860479257,0.0013173586531323167,0.012919896640826822,-0.010041966516318723,0.07955689200142912
2026-03-03,-0.007011227255569463,-0.008814250912485666,-0.01070559977488339,-0.04461221500318879,-0.002008714276436452,0.09934697330735043
2026-03-04,0.06467555605177866,0.007055355958297538,0.015243184213533878,0.007818116439543887,-0.003130859951669951,-0.10267289383229639
2026-03-05,-0.025710882421896564,-0.005575670491907769,-0.0030128296914716524,-0.012017768242597593,-0.004038157567450296,0.12293146233401209
2026-03-06,-0.03817885179689062,-0.013107129910862048,-0.015043230922446638,0.01583250339069653,-0.003716725307347457,0.24168420088918596
2026-03-09,0.0039023233580666172,0.00875996152231262,0.013355609155110137,-0.0020696732193965506,0.008704537568060555,-0.1353000950181722
2026-03-10,0.022287806357257578,-0.0016070155764896787,1.6490698843574236e-05,0.01127967872100144,-0.010646691142156772,-0.022352929208792838
2026-03-11,0.003975020350486469,-0.0012551345486657706,-0.00013162176108916235,-0.003390104145245987,-0.012913463123988111,-0.028078650395929716
2026-03-12,0.004110513591636167,-0.015184966271003186,-0.017163363705524626,-0.019653925633074443,-0.0019508589049379577,0.12628978254650813
2026-03-13,0.006735442992662266,-0.00566013575260893,-0.005927136342962935,-0.012936961278600778,-0.004944233490718819,-0.0036643597696923713
2026-03-16,0.0548529723562623,0.01017686501045656,0.011217406681325315,-0.0008896876689686861,0.007742038712780008,-0.13534388499059757
2026-03-17,-0.01253801442025071,0.002630544991105488,0.004880276719680499,-0.002519392047785618,0.002752021246542169,-0.048489977820074914
2026-03-18,-0.0362122396594321,-0.013953644515257158,-0.01393967271473795,-0.03163716142328721,-0.005603234509816923,0.12159138181989015
2026-03-19,-0.01870697238447039,-0.002464381043311259,-0.0031602840516394837,-0.041215062676522196,0.00609475210662902,-0.041052239154301895
2026-03-20,0.008722250723753211,-0.014335696266852715,-0.018481721188927547,-0.0305574415876555,-0.018973564312019686,0.11305075981208423
2026-03-23,0.005562380225927255,0.010499991225476402,0.011478969781072212,-0.02259421410703788,0.006524537608445957,-0.023525057952272554
2026-03-24,-0.005598262529164066,-0.0033568144771775055,-0.006836767910289088,0.00022274115430986896,-0.004398659165249175,0.03059277843515873
2026-03-25,0.011231529778693128,0.0055726882440485515,0.006575613863315066,0.030089336389747867,0.009650023655054074,-0.06011134669284157
2026-03-26,-0.03531428903229905,-0.017858729983344035,-0.023867900245077234,-0.0375939695290467,-0.008406251835942902,0.08330045861456314
2026-03-27,-0.035662044616623034,-0.01705189415742525,-0.019536696991535485,0.035093842463368,-0.005458097251706873,0.13155971693667867
2026-03-30,0.005322263508866554,-0.0033433906874337227,-0.00764333545868201,-0.0002894276132928697,0.013311542032267143,-0.014170648551379394
2026-03-31,0.02311941479563351,0.029067865784757174,0.03385391270884219,0.037893826237359374,-0.0010371548887342374,-0.17510619090085677
2026-04-01,-0.002268068291422898,0.00753449141030349,0.012353174006878076,0.017499822514495555,-0.000984365803010867,-0.028118775622679504
2026-04-02,-0.017479577533077273,0.0009004595313388819,0.0011466223630531847,-0.019208815315471695,0.006144177896591607,-0.027302365578560805
2026-04-06,0.029470772110846255,0.004726845083763864,0.006017333325542884,-0.004098669687746526,-0.0016130943828954747,0.012568044680059565
2026-04-07,0.04474125312086663,0.0004400005646272298,0.00015297681473014357,0.009727589667910319,-0.00011542620171234308,0.06661152690399286
2026-04-08,-0.011361353371537541,0.02546963651219092,0.029732070204270045,0.00629906958171822,0.003231774352549399,-0.18386344627110762
2026-04-09,0.009061281070850802,0.005769017699185586,0.006764631332426108,0.007778530578574028,-0.0025311346006754443,-0.07366925270736524
2026-04-10,0.016876904061948084,-0.0006617754265585418,0.001442181745508142,-0.0017811851128632927,-0.0024221091857311583,-0.013340186348648642
2026-04-13,0.02063049346997925,0.009772447246481741,0.010342525812865766,-0.004049183335572026,0.0030060998405576633,-0.005720161498773413
2026-04-14,-0.004068372317531099,0.012184877209840739,0.018157016912369928,0.022349346089928224,0.005302598890243537,-0.039748964201003045
2026-04-15,0.008404626904874313,0.007890969227043909,0.013999441886586528,-0.010402401583740839,-0.004357237594756147,-0.010348612622076536
2026-04-16,0.004639453579876829,0.002457347646937613,0.004816357344643363,-0.0008627455164704756,-0.006334218262837754,-0.012658202601573132
2026-04-17,0.02627659540184779,0.012085686101644066,0.013084149556009228,0.013293051904224695,0.009156259450339377,-0.02564108016318145
2026-04-20,-0.016263482249216032,-0.0019997351150194964,-0.0031748441644519065,-0.008611208936292747,-0.0002297388358580843,0.07951952708227816
2026-04-21,0.0063296958930805225,-0.006546892848539487,-0.003803338055735961,-0.028320000717914517,-0.005514027621978057,0.03338628154465928
2026-04-22,0.024233934691509473,0.01012671209511895,0.016730507621555812,0.013245809401008168,0.0019636146956738543,-0.029743585831079722
2026-04-23,0.0008420581944230676,-0.0038807408683984024,-0.005632645699066852,-0.00969535708776803,-0.002190379365304085,0.02061307547969271
2026-04-24,-0.010395445352393673,0.007749309237231605,0.019127478891562966,0.005127114447075254,0.001848686604674299,-0.03107200404267052
2026-04-27,-0.0011450150691729721,0.001722787837563633,0.0005271669328243966,-0.007755303754327758,-0.00495909416693352,-0.03687860291140321
2026-04-28,-0.013131671764148978,-0.004865992267119479,-0.010056746717555742,-0.0185629131043068,0.0010431125258862917,-0.010543869546671303
2026-04-29,-0.007525003361340765,-0.00015450932498595193,0.006113633344809299,-0.010665781709228828,-0.007757380628791721,0.054963519149170637
2026-04-30,0.00697036758667724,0.009949633527564838,0.009326273624633119,0.014973287523456946,-0.0009334664310903795,-0.10207337218538048
2026-05-01,0.024568460603834108,0.0027690952923506984,0.009599596060492877,-0.0011330099187530918,0.0035754658449227428,0.00592068591376127
2026-05-04,0.021091421609383598,-0.0036633921467564834,-0.0018838826451929025,-0.02001512681908002,-0.007592659677442604,0.07651566579883617
2026-05-05,0.013768974900303155,0.008022228723942426,0.012974052439365336,0.008584306218673232,0.005532062169189,-0.04975405736520189
2026-05-06,0.006184292316489204,0.013899399692774095,0.02077439369140688,0.030339261182306565,0.007608567988301562,0.0005753871901450491
2026-05-07,-0.017408596831308243,-0.0030660824190705815,-0.0011929474776779525,0.001670691560653026,-0.004995340559166728,-0.01782630689032183
2026-05-08,0.0022093920105095144,0.00825609701116825,0.023440840892904546,0.004841540894531038,0.005020419263135789,0.006440316794081857
2026-05-11,0.01922426023776902,0.002277563042387465,0.0028963874065546236,0.0020287362083613036,-0.006040945242294038,0.0692262123175218
2026-05-12,-0.015304426194186482,-0.0015149526145865622,-0.00848180680976407,-0.003957209812161522,-0.006661962644381458,-0.021218683757119994
2026-05-13,-0.014915661104390687,0.00559483781461112,0.010562230418850849,-0.005612899814961714,-0.0022354572264793315,-0.006670313141271755
2026-05-14,0.022378876470797504,0.0078943149045545,0.007107716274449949,-0.007642296271595517,0.00141500244007986,-0.0341354550477867
2026-05-15,-0.024497713637975926,-0.012029343756796207,-0.015087714031981059,-0.02322039069444226,-0.014837433847222359,0.06778679378787822
2026-05-18,-0.026705744146455768,-0.0007035093177317764,-0.004302241158477327,0.00273187497307803,-0.0011954198856271026,-0.03309824201035161
2026-05-19,-0.002641385386229267,-0.0066607880874933745,-0.006162485912403315,-0.016561892782745447,-0.00646237006122663,0.01346800085456068
2026-05-20,0.009209887179670861,0.010248994582563453,0.016563788621898112,0.014337773746013083,0.0107203972630594,-0.03432995294678509
2026-05-21,0.0010508749979196708,0.0019830877010671433,0.0019070115754113992,-0.0009822799906678004,0.0036943314941395577,-0.03899084199268488
2026-05-22,-0.02645023976792371,0.003931549076803931,0.004240623952507905,-0.0076020599640161945,0.005461895148565432,-0.003579920353401156
2026-05-26,0.004470791446722577,0.006638641352187502,0.017755179724697978,0.00043495402009452455,0.004959798532719439,0.01856284142395559
2026-05-27,-0.019532039646005694,-0.0001732421647460125,-0.0011365737204164228,-0.013309202332427494,0.002350293978007345,-0.042328001391321646
2026-05-28,-0.010870289388891785,0.005516578600909927,0.008430959320020914,0.010477609933210896,0.005158199449420975,-0.03376311316747249
2026-05-29,-0.00223060831034394,0.0024914048034492264,0.003684097420609156,0.010538571648365469,0.00023333755877996687,-0.026683613875561618
2026-06-01,-0.02797709420132688,0.0027231134609038143,0.006000179721837862,-0.014048680044494555,0.0005384624659330317,0.04765010161736205
2026-06-02,-0.06472422674681189,0.0013579397972762752,0.004604549310825545,0.001677776649860796,0.0021060056464838883,-0.017445407639044563
2026-06-03,-0.04031696632071802,-0.00701718232049986,-0.002613315163043861,-0.009904155768766576,-0.003969690148603489,0.01838928343441748
2026-06-04,-0.0033241439086123536,0.0037786857621391334,-0.00483739336316813,0.008335974543818736,0.002227200173997801,-0.04109588227644323
2026-06-05,-0.04512280904119048,-0.025809371248925683,-0.04800095663859216,-0.036545333189379026,-0.005146227384868474,0.3967532962143463
2026-06-08,0.035584815098905764,0.002264172608771542,0.015615706186351996,0.002599431669397134,-0.005172758342822936,-0.12040911785348352
2026-06-09,-0.022932240724538477,-0.0029354505508077944,-0.011507241121808565,-0.01633647245916592,0.005908768420835209,0.05021145661250648
2026-06-10,-0.0031550982687325035,-0.015765562508027298,-0.019976568253734728,-0.04145558180468856,-0.0028196133155516945,0.11826866506623457
2026-06-11,0.0343659895373587,0.016996847886747934,0.033775883454166156,0.03134182597256352,0.012959544522974431,-0.12511246018023325
2026-06-12,-0.000280918383714468,0.005408247901529384,0.005884694007997515,0.0005694792310315666,-0.0024425064627571214,-0.09053498871043908
2026-06-15,0.04321942890844621,0.01763396989375332,0.03141371932916659,0.025896360083728753,-0.0005829010647083743,-0.08371037990327757
2026-06-16,-0.010391681563445165,-0.005961562844234103,-0.019005396032846122,0.002723533282284807,0.005482981964652689,0.012962905838441063
2026-06-17,-0.01802109402037566,-0.012487870885051433,-0.010070391216744357,-0.02270955075927472,0.0016243112389235925,0.12370510088491216
2026-06-18,-0.0236263487711752,0.010396992441959574,0.025065376405563056,-0.003808571701190089,0.004865031391604102,-0.11062911369007722
