,BTC,SPY,QQQ,Gold,TLT,VIX
2015-01-02,315.0320129394531,169.68780517578125,94.6650619506836,114.08000183105469,93.00150299072266,17.790000915527344
2015-01-05,274.4739990234375,166.6233367919922,93.27644348144531,115.80000305175781,94.46240997314453,19.920000076293945
2015-01-06,286.1889953613281,165.0539093017578,92.0257568359375,117.12000274658203,96.16438293457031,21.1200008392334
2015-01-07,294.3370056152344,167.1107177734375,93.2120590209961,116.43000030517578,95.9744644165039,19.309999465942383
2015-01-08,283.3489990234375,170.07608032226562,94.9961166381836,115.94000244140625,94.70346069335938,17.010000228881836
2015-01-09,290.4079895019531,168.7131805419922,94.37077331542969,117.26000213623047,95.74067687988281,17.549999237060547
2015-01-12,267.7959899902344,167.3915557861328,93.38681030273438,118.55999755859375,96.28853607177734,19.600000381469727
2015-01-13,225.86099243164062,166.9207305908203,93.35920715332031,118.16000366210938,96.28853607177734,20.559999465942383
2015-01-14,178.10299682617188,165.91302490234375,92.84423065185547,117.97000122070312,97.01898193359375,21.479999542236328
2015-01-15,209.843994140625,164.39315795898438,91.6395263671875,120.94000244140625,98.54563903808594,22.389999389648438
2015-01-16,208.0970001220703,166.54901123046875,92.71546936035156,122.5199966430664,97.2892837524414,20.950000762939453
2015-01-20,211.31500244140625,166.9041748046875,93.4511947631836,124.19999694824219,98.58216857910156,19.889999389648438
2015-01-21,226.89700317382812,167.7467041015625,93.92936706542969,124.2300033569336,97.44268035888672,18.850000381469727
2015-01-22,233.406005859375,170.24122619628906,95.66743469238281,125.2300033569336,97.09205627441406,16.399999618530273
2015-01-23,232.87899780273438,169.307861328125,95.87895202636719,124.2300033569336,98.4434814453125,16.65999984741211
2015-01-26,273.4729919433594,169.7043914794922,95.76861572265625,122.98999786376953,98.1438980102539,15.520000457763672
2015-01-27,263.4750061035156,167.46585083007812,93.2856216430664,124.4000015258789,98.29731750488281,17.219999313354492
2015-01-28,233.9149932861328,165.3181915283203,92.80744171142578,123.41999816894531,99.90423583984375,20.440000534057617
2015-01-29,233.51300048828125,166.84642028808594,93.699462890625,120.76000213623047,99.24687957763672,18.760000228881836
2015-01-30,226.4250030517578,164.74832153320312,92.97297668457031,123.44999694824219,101.00728607177734,20.969999313354492
2015-02-02,238.22900390625,166.7885284423828,93.7822494506836,122.41999816894531,100.62596893310547,19.43000030517578
2015-02-03,227.26800537109375,169.2004852294922,94.6834487915039,121.05000305175781,98.49604034423828,17.329999923706055
2015-02-04,226.85299682617188,168.5562286376953,94.60069274902344,121.58000183105469,98.66436767578125,18.329999923706055
2015-02-05,217.11099243164062,170.25782775878906,95.41913604736328,121.79000091552734,97.58110809326172,16.850000381469727
2015-02-06,222.26600646972656,169.78697204589844,94.83979797363281,118.63999938964844,95.85376739501953,17.290000915527344
2015-02-09,220.11000061035156,169.0270538330078,94.53633117675781,119.16999816894531,95.70004272460938,18.549999237060547
2015-02-10,219.83900451660156,170.82778930664062,96.00773620605469,118.47000122070312,94.93885040283203,17.229999542236328
2015-02-11,219.18499755859375,170.92684936523438,96.3571548461914,117.06999969482422,95.1145248413086,16.959999084472656
2015-02-12,221.76400756835938,172.5706024169922,97.47908020019531,117.33999633789062,94.79981231689453,15.34000015258789
2015-02-13,235.427001953125,173.28102111816406,98.31594848632812,117.9800033569336,93.8262939453125,14.6899995803833
2015-02-17,243.61000061035156,173.55360412597656,98.40787506103516,116.01000213623047,92.41365051269531,15.800000190734863
2015-02-18,236.3260040283203,173.57015991210938,98.54582977294922,116.33999633789062,92.96261596679688,15.449999809265137
2015-02-19,240.2830047607422,173.4461669921875,99.03325653076172,115.94000244140625,92.3477783203125,15.289999961853027
2015-02-20,243.7790069580078,174.4870147705078,99.69535827636719,115.27999877929688,92.61862182617188,14.300000190734863
2015-02-23,238.89199829101562,174.46226501464844,99.7965087890625,115.43000030517578,93.6799087524414,14.5600004196167
2015-02-24,238.73500061035156,174.9578094482422,99.87004852294922,115.26000213623047,94.90953063964844,13.6899995803833
2015-02-25,237.47000122070312,174.8091278076172,99.62181854248047,115.69999694824219,95.31947326660156,13.84000015258789
2015-02-26,236.42599487304688,174.60263061523438,100.1275863647461,116.06999969482422,94.0166015625,13.90999984741211
2015-02-27,253.8280029296875,174.0078582763672,99.6861572265625,116.16000366210938,94.80706024169922,13.34000015258789
2015-03-02,275.6700134277344,175.10653686523438,100.58736419677734,115.68000030517578,93.04116821289062,13.039999961853027
2015-03-03,281.7019958496094,174.38783264160156,100.11837768554688,115.47000122070312,92.70379638671875,13.859999656677246
2015-03-04,273.0920104980469,173.65272521972656,99.73212432861328,115.11000061035156,92.733154296875,14.229999542236328
2015-03-05,276.1780090332031,173.84274291992188,99.90687561035156,115.0,92.61585998535156,14.039999961853027
2015-03-06,272.7229919433594,171.39767456054688,98.77574157714844,111.86000061035156,90.5697250366211,15.199999809265137
2015-03-09,289.60699462890625,172.10806274414062,99.06082916259766,111.97000122070312,91.40577697753906,15.0600004196167
2015-03-10,291.760009765625,169.31613159179688,97.22159576416016,111.41999816894531,92.60848999023438,16.690000534057617
2015-03-11,296.3789978027344,168.91966247558594,96.66064453125,110.75,93.28314208984375,16.8700008392334
2015-03-12,294.35400390625,171.06724548339844,97.29515838623047,110.72000122070312,93.21719360351562,15.420000076293945
2015-03-13,285.3370056152344,170.0182647705078,96.87213897705078,110.87999725341797,92.93115234375,16.0
2015-03-16,290.5929870605469,172.289794921875,98.122802734375,110.80999755859375,93.82585906982422,15.609999656677246
2015-03-17,285.5050048828125,171.7776641845703,98.27915954589844,110.20999908447266,94.60320281982422,15.65999984741211
2015-03-18,256.29901123046875,173.84274291992188,99.24472045898438,112.37000274658203,96.42927551269531,13.970000267028809
2015-03-19,260.9280090332031,173.04971313476562,99.39186096191406,112.29000091552734,95.9379653930664,14.069999694824219
2015-03-20,261.7489929199219,174.5772247314453,100.0352783203125,113.56999969482422,96.44391632080078,13.020000457763672
2015-03-23,266.739990234375,174.2369842529297,99.84168243408203,114.29000091552734,96.32659912109375,13.40999984741211
2015-03-24,245.59500122070312,173.2579803466797,99.4822006225586,114.56999969482422,97.25792694091797,13.619999885559082
2015-03-25,246.19700622558594,170.7191162109375,97.20553588867188,114.7300033569336,96.43660736083984,15.4399995803833
2015-03-26,248.53199768066406,170.31251525878906,96.87368774414062,115.4800033569336,94.93323516845703,15.800000190734863
2015-03-27,247.0290069580078,170.70252990722656,97.2608413696289,115.05999755859375,96.11392974853516,15.069999694824219
2015-03-30,247.5260009765625,172.78504943847656,98.37613677978516,113.75,95.63724517822266,14.510000228881836
2015-03-31,244.2239990234375,171.27500915527344,97.3345947265625,113.66000366210938,95.84258270263672,15.289999961853027
2015-04-01,247.27200317382812,170.66932678222656,96.8276138305664,115.5999984741211,97.1014633178711,15.109999656677246
2015-04-02,253.0050048828125,171.28326416015625,96.89214324951172,115.27999877929688,96.07259368896484,14.670000076293945
2015-04-06,255.49200439453125,172.43655395507812,97.68484497070312,116.69000244140625,95.53614807128906,14.739999771118164
2015-04-07,253.17999267578125,171.98025512695312,97.51893615722656,116.11000061035156,96.33721923828125,14.779999732971191
2015-04-08,245.02200317382812,172.56106567382812,98.29317474365234,115.47000122070312,96.36659240722656,13.979999542236328
2015-04-09,243.67599487304688,173.3243408203125,98.91072082519531,114.66999816894531,95.11724853515625,13.09000015258789
2015-04-10,236.07200622558594,174.27023315429688,99.31629180908203,115.97000122070312,95.25685119628906,12.579999923706055
2015-04-13,224.58700561523438,173.48199462890625,99.06745147705078,115.13999938964844,95.38917541503906,13.9399995803833
2015-04-14,219.15899658203125,173.8138885498047,98.78169250488281,114.44000244140625,96.06527709960938,13.670000076293945
2015-04-15,223.83299255371094,174.5937957763672,99.39925384521484,115.43000030517578,95.98442840576172,12.84000015258789
2015-04-16,228.572998046875,174.5440216064453,99.26100158691406,115.02999877929688,95.5067367553711,12.600000381469727
2015-04-17,222.8820037841797,172.5361785888672,97.71247863769531,115.5999984741211,96.60176086425781,13.890000343322754
2015-04-20,224.62600708007812,174.11256408691406,99.17803955078125,114.72000122070312,95.74921417236328,13.300000190734863
2015-04-21,235.2689971923828,173.9051055908203,99.60205078125,115.37999725341797,95.31571197509766,13.25
2015-04-22,234.17599487304688,174.75978088378906,100.14586639404297,113.83000183105469,93.860595703125,12.710000038146973
2015-04-23,236.46200561523438,175.19949340820312,100.52378845214844,114.66000366210938,94.26480102539062,12.479999542236328
2015-04-24,231.26800537109375,175.6060028076172,101.88792419433594,113.05000305175781,94.85269927978516,12.289999961853027
2015-04-27,229.28599548339844,174.87586975097656,101.62983703613281,115.33000183105469,94.85269927978516,13.119999885559082
2015-04-28,225.85499572753906,175.43179321289062,101.42706298828125,116.33000183105469,93.54457092285156,12.40999984741211
2015-04-29,225.80799865722656,174.7099151611328,100.79106903076172,115.51000213623047,92.39813995361328,13.390000343322754
2015-04-30,236.14500427246094,172.95925903320312,99.2056884765625,113.47000122070312,92.55980682373047,14.550000190734863
2015-05-01,232.07899475097656,174.83444213867188,100.51454162597656,113.08000183105469,91.3138427734375,12.699999809265137
2015-05-04,239.01800537109375,175.3322296142578,100.68046569824219,114.0999984741211,90.45223999023438,12.850000381469727
2015-05-05,236.12100219726562,173.3243408203125,99.03977966308594,114.41999816894531,90.32704162597656,14.3100004196167
2015-05-06,229.78199768066406,172.61077880859375,98.35769653320312,114.36000061035156,88.7806167602539,15.149999618530273
2015-05-07,237.33399963378906,173.29946899414062,98.9476089477539,113.41999816894531,89.97354888916016,15.130000114440918
2015-05-08,243.86300659179688,175.5811309814453,100.18272399902344,113.97000122070312,90.2165756225586,12.859999656677246
2015-05-11,242.1580047607422,174.74313354492188,99.79559326171875,113.52999877929688,88.0220718383789,13.850000381469727
2015-05-12,241.11199951171875,174.22039794921875,99.34394073486328,114.5,88.25041961669922,13.859999656677246
2015-05-13,236.3769989013672,174.2535858154297,99.54676818847656,116.55000305175781,87.54344177246094,13.760000228881836
2015-05-14,236.9290008544922,176.0706329345703,101.00306701660156,117.18000030517578,87.77909088134766,12.739999771118164
2015-05-15,237.60499572753906,176.26150512695312,101.00306701660156,117.52999877929688,89.53909301757812,12.380000114440918
2015-05-18,233.1280059814453,176.80905151367188,101.44549560546875,117.5199966430664,88.036865234375,12.729999542236328
2015-05-19,231.94700622558594,176.75100708007812,101.33488464355469,115.88999938964844,87.2562484741211,12.850000381469727
2015-05-20,234.01800537109375,176.6265411376953,101.39938354492188,116.08000183105469,87.4035415649414,12.880000114440918
2015-05-21,235.343994140625,177.1409912109375,101.92479705810547,115.69000244140625,88.6259765625,12.109999656677246
2015-05-22,240.34800720214844,176.71786499023438,101.82340240478516,115.5999984741211,88.66278076171875,12.130000114440918
2015-05-26,237.11599731445312,174.81777954101562,100.65279388427734,113.91000366210938,90.17977142333984,14.0600004196167
2015-05-27,237.2830047607422,176.47720336914062,102.2750473022461,113.88999938964844,90.38597106933594,13.270000457763672
2015-05-28,237.4080047607422,176.27810668945312,102.04460144042969,114.0199966430664,90.1650161743164,13.3100004196167
2015-05-29,237.0959930419922,175.18289184570312,101.43628692626953,114.0999984741211,90.36390686035156,13.84000015258789
2015-06-01,222.92599487304688,175.5397186279297,101.77730560302734,114.0,89.3927230834961,13.970000267028809
2015-06-02,225.80299377441406,175.36544799804688,101.45469665527344,114.45999908447266,88.14547729492188,14.239999771118164
2015-06-03,225.87399291992188,175.83006286621094,101.75889587402344,113.63999938964844,86.72850036621094,13.65999984741211
2015-06-04,224.32400512695312,174.34487915039062,100.98465728759766,112.83999633789062,87.85765838623047,14.710000038146973
2015-06-05,224.95199584960938,174.04623413085938,100.74498748779297,112.23999786376953,86.78752136230469,14.210000038146973
2015-06-08,228.48899841308594,172.97584533691406,99.72183990478516,112.56999969482422,86.69161224365234,15.289999961853027
2015-06-09,229.04800415039062,172.9509735107422,99.55596160888672,112.81999969482422,86.00531768798828,14.470000267028809
2015-06-10,228.80299377441406,175.02523803710938,100.92008972167969,113.77999877929688,85.2525634765625,13.220000267028809
2015-06-11,229.7050018310547,175.58944702148438,101.06758880615234,113.26000213623047,87.04589080810547,12.850000381469727
2015-06-12,229.98199462890625,174.24534606933594,100.23802947998047,113.2300033569336,87.04589080810547,13.779999732971191
2015-06-15,236.822998046875,173.49864196777344,99.74028015136719,113.7300033569336,87.18601989746094,15.390000343322754
2015-06-16,250.89500427246094,174.4444122314453,100.28411865234375,113.31999969482422,87.87240600585938,14.8100004196167
2015-06-17,249.28399658203125,174.72654724121094,100.56060791015625,113.8499984741211,87.1934814453125,14.5
2015-06-18,249.0070037841797,176.54359436035156,102.02618408203125,115.31999969482422,86.76538848876953,13.1899995803833
2015-06-19,244.6060028076172,175.75991821289062,101.52178192138672,115.12000274658203,87.87980651855469,13.960000038146973
2015-06-22,246.99000549316406,176.6603240966797,102.27010345458984,113.63999938964844,86.08649444580078,12.739999771118164
2015-06-23,244.29600524902344,176.785400390625,102.35321044921875,112.88999938964844,85.56987762451172,12.109999656677246
2015-06-24,240.51499938964844,175.5014190673828,101.82662963867188,112.58999633789062,86.30787658691406,13.260000228881836
2015-06-25,242.7989959716797,174.9678192138672,101.62337493896484,112.44000244140625,86.00531768798828,14.010000228881836
2015-06-26,243.593994140625,174.93447875976562,100.948974609375,112.55999755859375,85.0385513305664,14.020000457763672
2015-06-29,257.0639953613281,171.26608276367188,98.56546783447266,113.06999969482422,87.28939056396484,18.850000381469727
2015-06-30,263.0719909667969,171.6245574951172,98.91649627685547,112.37000274658203,86.68424987792969,18.229999542236328
2015-07-01,258.6210021972656,173.0001983642578,99.70178985595703,111.9800033569336,85.5141830444336,16.09000015258789
2015-07-02,255.41200256347656,172.841796875,99.7294921875,111.76000213623047,85.79523468017578,16.790000915527344
2015-07-06,269.0299987792969,172.34988403320312,99.49852752685547,112.05999755859375,87.38541412353516,17.010000228881836
2015-07-07,266.2070007324219,173.43374633789062,99.74798583984375,110.76000213623047,88.20636749267578,16.09000015258789
2015-07-08,270.7850036621094,170.5240478515625,98.01113891601562,111.08999633789062,88.9681396484375,19.65999984741211
2015-07-09,269.2279968261719,170.8324737548828,97.95571899414062,111.36000061035156,87.2153091430664,19.969999313354492
2015-07-10,284.8940124511719,172.9835662841797,99.45234680175781,111.48999786376953,85.83222198486328,16.829999923706055
2015-07-13,292.0539855957031,174.89283752441406,101.19841003417969,110.98999786376953,85.56597900390625,13.899999618530273
2015-07-14,287.4639892578125,175.65147399902344,101.86357879638672,110.73999786376953,85.84699249267578,13.369999885559082
2015-07-15,285.8290100097656,175.59312438964844,101.97444915771484,110.16000366210938,86.7567367553711,13.229999542236328
2015-07-16,278.0889892578125,177.0021514892578,103.41565704345703,109.76000213623047,87.35581970214844,12.109999656677246
2015-07-17,279.47198486328125,177.15225219726562,104.94001007080078,108.6500015258789,87.80696105957031,11.949999809265137
2015-07-20,278.9809875488281,177.2439422607422,105.30033874511719,105.69999694824219,87.43719482421875,12.25
2015-07-21,275.8330078125,176.54354858398438,105.23565673828125,105.37000274658203,87.9105224609375,12.220000267028809
2015-07-22,277.22198486328125,176.22674560546875,104.04389953613281,104.80000305175781,88.45787048339844,12.119999885559082
2015-07-23,276.04901123046875,175.23464965820312,103.65583801269531,104.33000183105469,89.55989074707031,12.640000343322754
2015-07-24,288.27801513671875,173.41708374023438,102.63961029052734,105.3499984741211,89.7817611694336,13.739999771118164
2015-07-27,293.6239929199219,172.4082489013672,101.78968048095703,104.86000061035156,90.26250457763672,15.600000381469727
2015-07-28,294.427001953125,174.52593994140625,102.66734313964844,105.0199966430664,89.60424041748047,13.4399995803833
2015-07-29,289.5899963378906,175.7264862060547,103.05536651611328,105.16999816894531,89.27136993408203,12.5
2015-07-30,287.72198486328125,175.76821899414062,103.54499053955078,104.2699966430664,89.95927429199219,12.130000114440918
2015-07-31,284.6499938964844,175.5014190673828,103.42488861083984,104.93000030517578,90.62492370605469,12.119999885559082
2015-08-03,281.22698974609375,174.90951538085938,103.10152435302734,104.0999984741211,91.57891082763672,12.5600004196167
2015-08-04,285.2179870605469,174.567626953125,102.90754699707031,104.30999755859375,90.85245513916016,13.0
2015-08-05,281.8819885253906,175.1428985595703,103.70207977294922,103.93000030517578,90.17056274414062,12.510000228881836
2015-08-06,278.5769958496094,173.70889282226562,102.03911590576172,104.38999938964844,90.9710693359375,13.770000457763672
2015-08-07,279.5849914550781,173.3754425048828,101.90978240966797,104.6500015258789,92.16450500488281,13.390000343322754
2015-08-10,264.4700012207031,175.55978393554688,103.07381439208984,105.72000122070312,91.02294158935547,12.229999542236328
2015-08-11,270.385986328125,173.97564697265625,101.75275421142578,106.26000213623047,92.4683609008789,13.710000038146973
2015-08-12,266.3760070800781,174.18406677246094,102.10377502441406,107.75,91.96434783935547,13.609999656677246
2015-08-13,264.0799865722656,173.9673614501953,101.9375228881836,106.86000061035156,91.66781616210938,13.489999771118164
2015-08-14,265.67999267578125,174.60101318359375,102.09457397460938,106.8499984741211,91.8828125,12.829999923706055
2015-08-17,257.97601318359375,175.57644653320312,102.94447326660156,107.12999725341797,92.29784393310547,13.020000457763672
2015-08-18,211.07899475097656,175.06785583496094,102.41790008544922,107.11000061035156,91.57150268554688,13.789999961853027
2015-08-19,226.6840057373047,173.68389892578125,101.74347686767578,108.55000305175781,92.47576904296875,15.25
2015-08-20,235.35000610351562,170.05709838867188,98.92574310302734,110.44000244140625,93.40972137451172,19.139999389648438
2015-08-21,232.56900024414062,164.93800354003906,94.60214233398438,111.12999725341797,93.69139862060547,28.030000686645508
2015-08-24,210.4949951171875,157.9929656982422,90.96218872070312,110.52999877929688,93.66175842285156,40.7400016784668
2015-08-25,221.60899353027344,156.13375854492188,90.62033081054688,109.16000366210938,92.15705108642578,36.02000045776367
2015-08-26,225.83099365234375,162.12832641601562,95.18415832519531,107.66999816894531,90.37808227539062,30.31999969482422
2015-08-27,224.7689971923828,166.13858032226562,97.59542083740234,107.7300033569336,90.42997741699219,26.100000381469727
2015-08-28,231.39599609375,166.14686584472656,97.57694244384766,108.69999694824219,90.69681549072266,26.049999237060547
2015-08-31,230.05599975585938,164.8046112060547,96.36668395996094,108.81999969482422,90.00004577636719,28.43000030517578
2015-09-01,228.12100219726562,159.88551330566406,93.35494995117188,109.19999694824219,90.64861297607422,31.399999618530273
2015-09-02,229.28399658203125,162.9203643798828,95.98792266845703,108.62000274658203,89.86858367919922,26.09000015258789
2015-09-03,227.18299865722656,163.037109375,95.51673889160156,107.83999633789062,90.30685424804688,25.610000610351562
2015-09-04,230.29800415039062,160.5692596435547,94.38043212890625,107.48999786376953,91.13138580322266,27.799999237060547
2015-09-08,243.60699462890625,164.60447692871094,97.04109954833984,107.5199966430664,89.78688049316406,24.899999618530273
2015-09-09,238.16799926757812,162.40341186523438,95.95093536376953,106.12999725341797,90.21772766113281,26.229999542236328
2015-09-10,238.4770050048828,163.28713989257812,96.99492645263672,106.37999725341797,89.60858917236328,24.3700008392334
2015-09-11,240.10699462890625,164.0292205810547,97.53071594238281,106.16000366210938,90.17317199707031,23.200000762939453
2015-09-14,230.6439971923828,163.42066955566406,97.23509216308594,106.22000122070312,90.31430053710938,24.25
2015-09-15,230.3040008544922,165.4632110595703,98.38067626953125,105.9000015258789,88.58345031738281,22.540000915527344
2015-09-16,229.09100341796875,166.89723205566406,98.93496704101562,107.30999755859375,88.24922180175781,21.350000381469727
2015-09-17,229.80999755859375,166.52210998535156,98.9719467163086,108.41000366210938,89.32630920410156,21.139999389648438
2015-09-18,232.97500610351562,163.80084228515625,97.56427764892578,109.20999908447266,90.7005615234375,22.280000686645508
2015-09-21,227.0850067138672,164.6473388671875,97.8698959350586,108.52999877929688,89.2223129272461,20.139999389648438
2015-09-22,230.6179962158203,162.5102081298828,96.4066390991211,107.79000091552734,90.46281433105469,22.440000534057617
2015-09-23,230.2830047607422,162.2504119873047,96.48072052001953,108.22000122070312,90.4554443359375,22.1299991607666
2015-09-24,234.5290069580078,161.66383361816406,96.12884521484375,110.48999786376953,91.07205200195312,23.469999313354492
2015-09-25,235.1439971923828,161.62184143066406,95.31388854980469,109.80999755859375,90.28453826904297,23.6200008392334
2015-09-28,239.14199829101562,157.56561279296875,92.60039520263672,108.41999816894531,91.82968139648438,27.6299991607666
2015-09-29,236.68699645996094,157.6577911376953,92.11886596679688,107.9800033569336,92.08967590332031,26.829999923706055
2015-09-30,236.05999755859375,160.59945678710938,94.23959350585938,106.86000061035156,91.7702865600586,24.5
2015-10-01,237.5489959716797,161.01846313476562,94.66560363769531,106.7300033569336,92.16178894042969,22.549999237060547
2015-10-02,237.29299926757812,163.42373657226562,96.32330322265625,108.98999786376953,92.72010803222656,20.940000534057617
2015-10-05,240.38299560546875,166.3318328857422,97.70317077636719,108.7699966430664,91.46207427978516,19.540000915527344
2015-10-06,246.06300354003906,165.76197814941406,97.24014282226562,109.86000061035156,91.8565902709961,19.399999618530273
2015-10-07,242.968994140625,167.1195831298828,97.82359313964844,109.69999694824219,91.5513916015625,18.399999618530273
2015-10-08,242.3040008544922,168.62815856933594,98.21253204345703,109.13999938964844,90.78468322753906,17.420000076293945
2015-10-09,243.93099975585938,168.7287139892578,98.65706634521484,110.87000274658203,91.02287292480469,17.079999923706055
2015-10-12,245.30799865722656,168.88796997070312,98.89783477783203,111.30999755859375,91.71514892578125,16.170000076293945
2015-10-13,249.50799560546875,167.82357788085938,98.25885009765625,111.86000061035156,91.87149810791016,17.670000076293945
2015-10-14,251.98899841308594,167.01905822753906,98.1014175415039,113.80999755859375,92.6754150390625,18.030000686645508
2015-10-15,254.32000732421875,169.58358764648438,99.71283721923828,113.29000091552734,92.2213363647461,16.049999237060547
2015-10-16,262.8689880371094,170.35458374023438,100.12954711914062,112.48999786376953,92.25113677978516,15.050000190734863
2015-10-19,263.43701171875,170.43838500976562,100.7037124633789,112.0199966430664,91.99800872802734,14.979999542236328
2015-10-20,269.4630126953125,170.22047424316406,100.18510437011719,112.7300033569336,91.43228912353516,15.75
2015-10-21,266.2720031738281,169.16453552246094,99.57389068603516,111.7300033569336,92.34044647216797,16.700000762939453
2015-10-22,274.02301025390625,172.02235412597656,101.60205841064453,111.69000244140625,92.49678802490234,14.449999809265137
2015-10-23,276.4960021972656,173.90797424316406,104.44513702392578,111.5,91.70771789550781,14.460000038146973
2015-10-26,285.29998779296875,173.48057556152344,104.50999450683594,111.43000030517578,92.3180923461914,15.289999961853027
2015-10-27,293.7879943847656,173.14532470703125,104.72301483154297,111.68000030517578,92.54891204833984,15.430000305175781
2015-10-28,304.6180114746094,175.11477661132812,105.5935287475586,110.77999877929688,92.17671203613281,14.329999923706055
2015-10-29,313.8550109863281,175.01426696777344,105.42682647705078,109.72000122070312,90.7102279663086,14.609999656677246
2015-10-30,328.0150146484375,174.26002502441406,104.95452880859375,109.30000305175781,91.39506530761719,15.069999694824219
2015-11-02,361.1889953613281,176.32159423828125,106.13992309570312,108.58999633789062,90.97509002685547,14.149999618530273
2015-11-03,403.4169921875,176.8328094482422,106.5103530883789,106.9800033569336,90.22908020019531,14.539999961853027
2015-11-04,411.56298828125,176.29649353027344,106.5196304321289,105.97000122070312,90.33354187011719,15.510000228881836
2015-11-05,386.35400390625,176.12046813964844,106.2325439453125,105.63999938964844,90.09481811523438,15.050000190734863
2015-11-06,374.4700012207031,176.02833557128906,106.30662536621094,104.0999984741211,88.77436065673828,14.329999923706055
2015-11-09,380.2569885253906,174.3856964111328,105.1767807006836,104.4000015258789,88.27452087402344,16.520000457763672
2015-11-10,336.8190002441406,174.78797912597656,104.9082260131836,104.18000030517578,88.53563690185547,15.289999961853027
2015-11-11,311.0840148925781,174.1007537841797,104.778564453125,103.83000183105469,88.34915161132812,16.059999465942383
2015-11-12,338.1520080566406,171.67027282714844,103.75985717773438,103.8499984741211,88.77436065673828,18.3700008392334
2015-11-13,336.75299072265625,169.74276733398438,101.72246551513672,103.55999755859375,89.28166961669922,20.079999923706055
2015-11-16,330.7510070800781,172.32403564453125,103.1856689453125,103.70999908447266,89.19959259033203,18.15999984741211
2015-11-17,335.093994140625,172.1983184814453,103.25051879882812,102.33999633789062,89.34878540039062,18.84000015258789
2015-11-18,334.5899963378906,174.93045043945312,105.23233795166016,102.43000030517578,89.5353012084961,16.850000381469727
2015-11-19,326.14898681640625,174.7795867919922,105.30644226074219,103.55999755859375,90.13211059570312,16.989999771118164
2015-11-20,322.0220031738281,175.41653442382812,106.01954650878906,103.08999633789062,89.85609436035156,15.470000267028809
2015-11-23,323.0459899902344,175.21542358398438,105.71392059326172,102.26000213623047,90.13211059570312,15.619999885559082
2015-11-24,320.0459899902344,175.45005798339844,105.62130737304688,102.94000244140625,90.1246109008789,15.930000305175781
2015-11-25,328.20599365234375,175.4248809814453,105.71392059326172,102.45999908447266,90.33354187011719,15.1899995803833
2015-11-27,358.0419921875,175.62603759765625,105.86209869384766,101.25,90.24401092529297,15.119999885559082
2015-11-30,377.3210144042969,174.89688110351562,105.5935287475586,101.91999816894531,90.60205841064453,16.1299991607666
2015-12-01,362.4880065917969,176.56468200683594,106.6492919921875,102.27999877929688,91.8259048461914,14.670000076293945
2015-12-02,359.18701171875,174.76283264160156,105.99176025390625,100.69000244140625,91.85577392578125,15.90999984741211
2015-12-03,361.0459899902344,172.31568908691406,104.19512939453125,101.76000213623047,89.35884857177734,18.110000610351562
2015-12-04,363.1830139160156,175.6763153076172,106.63074493408203,104.0199966430664,90.14379119873047,14.8100004196167
2015-12-07,395.5360107421875,174.61199951171875,106.1491928100586,102.66999816894531,91.01846313476562,15.84000015258789
2015-12-08,415.56298828125,173.43869018554688,106.15843963623047,102.83999633789062,91.06330871582031,17.600000381469727
2015-12-09,417.56298828125,172.08937072753906,104.54704284667969,102.63999938964844,90.96611785888672,19.610000610351562
2015-12-10,415.47900390625,172.5336456298828,105.0193862915039,102.55000305175781,91.08575439453125,19.34000015258789
2015-12-11,451.93798828125,169.18966674804688,102.60221099853516,103.11000061035156,92.52117156982422,24.389999389648438
2015-12-14,444.1820068359375,170.04454040527344,103.38015747070312,101.79000091552734,91.32499694824219,22.729999542236328
2015-12-15,465.3210144042969,171.82965087890625,104.00989532470703,101.5199966430664,90.7867660522461,20.950000762939453
2015-12-16,454.9339904785156,174.3437957763672,105.55652618408203,102.75,90.59237670898438,17.860000610351562
2015-12-17,456.0780029296875,171.68711853027344,104.01913452148438,100.5,91.61656188964844,18.940000534057617
2015-12-18,463.6159973144531,168.62847900390625,102.02384948730469,102.04000091552734,92.12493896484375,20.700000762939453
2015-12-21,438.6390075683594,170.01953125,103.1571273803711,103.1500015258789,92.10250854492188,18.700000762939453
2015-12-22,436.5719909667969,171.5623016357422,103.83523559570312,102.61000061035156,91.43714141845703,16.600000381469727
2015-12-23,442.4010009765625,173.68685913085938,104.60625457763672,102.30999755859375,90.74933624267578,15.569999694824219
2015-12-24,454.9849853515625,173.40016174316406,104.5876693725586,103.05000305175781,91.26924896240234,15.739999771118164
2015-12-28,422.27899169921875,173.00393676757812,104.53192138671875,102.2699966430664,91.53897094726562,16.90999984741211
2015-12-29,432.9830017089844,174.8502655029297,106.17613983154297,102.19999694824219,90.01819610595703,16.079999923706055
2015-12-30,426.6199951171875,173.61099243164062,105.2193374633789,101.41999816894531,89.92825317382812,17.290000915527344
2015-12-31,430.5669860839844,171.874267578125,103.90957641601562,101.45999908447266,90.33280944824219,18.209999084472656
2016-01-04,433.09100341796875,169.4715576171875,101.71726989746094,102.88999938964844,90.98458862304688,20.700000762939453
2016-01-05,431.9599914550781,169.7581329345703,101.54082489013672,103.18000030517578,90.61750030517578,19.34000015258789
2016-01-06,429.1050109863281,167.61688232421875,100.56543731689453,104.66999816894531,91.83863067626953,20.59000015258789
2016-01-07,458.0480041503906,163.59547424316406,97.41636657714844,106.1500015258789,92.00342559814453,24.989999771118164
2016-01-08,453.2300109863281,161.79969787597656,96.61749267578125,105.68000030517578,92.41549682617188,27.010000228881836
2016-01-11,448.4280090332031,161.9598846435547,96.91474914550781,104.73999786376953,91.40412902832031,24.299999237060547
2016-01-12,435.69000244140625,163.2666473388672,98.03873443603516,104.20999908447266,92.72265625,22.469999313354492
2016-01-13,432.3710021972656,159.19467163085938,94.65748596191406,104.72000122070312,93.6365966796875,25.219999313354492
2016-01-14,430.3059997558594,161.8081512451172,96.67322540283203,103.0199966430664,92.76004028320312,23.950000762939453
2016-01-15,364.33099365234375,158.334716796875,93.67278289794922,104.08000183105469,94.20594024658203,27.020000457763672
2016-01-19,380.14898681640625,158.54556274414062,93.87716674804688,103.9800033569336,93.91377258300781,26.049999237060547
2016-01-20,420.2300109863281,156.5137481689453,93.58919525146484,105.37000274658203,94.90266418457031,27.59000015258789
2016-01-21,410.2619934082031,157.39053344726562,93.6821060180664,105.48999786376953,94.25839233398438,26.690000534057617
2016-01-22,382.49200439453125,160.61941528320312,96.39454650878906,105.0,93.89878845214844,22.34000015258789
2016-01-25,391.72601318359375,158.19139099121094,94.96401977539062,106.08000183105469,94.40823364257812,24.149999618530273
2016-01-26,392.15301513671875,160.3496551513672,95.81861877441406,107.29000091552734,94.45315551757812,22.5
2016-01-27,394.97198486328125,158.6045379638672,93.43128967285156,107.69000244140625,94.43074035644531,23.110000610351562
2016-01-28,380.28900146484375,159.4307098388672,94.7503433227539,106.54000091552734,94.56552124023438,22.420000076293945
2016-01-29,379.4739990234375,163.31724548339844,96.72895812988281,106.94999694824219,95.36714935302734,20.200000762939453
2016-02-01,373.0559997558594,163.25820922851562,96.98905181884766,108.05000305175781,95.07514953613281,19.979999542236328
2016-02-02,374.447998046875,160.31594848632812,94.88970947265625,108.08999633789062,96.83900451660156,21.979999542236328
2016-02-03,369.9490051269531,161.27700805664062,94.43450927734375,109.25,96.0358657836914,21.649999618530273
2016-02-04,389.593994140625,161.52993774414062,94.42523193359375,110.56999969482422,96.50122833251953,21.84000015258789
2016-02-05,386.54901123046875,158.4527587890625,91.14613342285156,112.31999969482422,96.61381530761719,23.3799991607666
2016-02-08,373.4469909667969,156.31982421875,89.75275421142578,113.83000183105469,98.69291687011719,26.0
2016-02-09,376.02899169921875,156.32826232910156,89.47404479980469,113.58000183105469,98.79798889160156,26.540000915527344
2016-02-10,381.64898681640625,156.19334411621094,89.81776428222656,114.45999908447266,99.66864013671875,26.290000915527344
2016-02-11,379.65399169921875,154.16159057617188,89.6877212524414,119.05999755859375,100.36668395996094,28.139999389648438
2016-02-12,384.26300048828125,157.3400115966797,91.05323791503906,118.36000061035156,98.7004623413086,25.399999618530273
2016-02-16,407.4880065917969,159.99559020996094,93.10616302490234,114.7699966430664,97.65713500976562,24.110000610351562
2016-02-17,416.3219909667969,162.60910034179688,95.2148208618164,115.4800033569336,97.05665588378906,22.309999465942383
2016-02-18,422.37298583984375,161.9430389404297,94.12796783447266,118.29000091552734,98.25011444091797,21.639999389648438
2016-02-19,420.7850036621094,161.8671417236328,94.40665435791016,117.58000183105469,98.33264923095703,20.530000686645508
2016-02-22,437.74798583984375,164.21087646484375,95.93936920166016,115.48999786376953,98.28011322021484,19.3799991607666
2016-02-23,420.7359924316406,162.1369171142578,94.36019134521484,117.22000122070312,98.67790222167969,20.979999542236328
2016-02-24,424.9549865722656,162.8788299560547,95.26127624511719,117.61000061035156,98.48278045654297,20.719999313354492
2016-02-25,424.54400634765625,164.85157775878906,96.19949340820312,117.91999816894531,98.83549499511719,19.110000610351562
2016-02-26,432.1520080566406,164.4722137451172,96.0787353515625,117.11000061035156,97.88236236572266,19.809999465942383
2016-02-29,437.6969909667969,163.18231201171875,95.2148208618164,118.63999938964844,98.31010437011719,20.549999237060547
2016-03-01,435.12298583984375,167.0182647705078,98.2709732055664,117.7699966430664,96.57904815673828,17.700000762939453
2016-03-02,423.989013671875,167.7686309814453,98.30816650390625,118.68000030517578,96.97762298583984,17.09000015258789
2016-03-03,421.6510009765625,168.4261016845703,98.12236022949219,120.7300033569336,97.33103942871094,16.700000762939453
2016-03-04,410.9389953613281,168.97413635253906,98.15950775146484,120.54000091552734,96.70687866210938,16.860000610351562
2016-03-07,414.3210144042969,169.10906982421875,97.55572509765625,121.13999938964844,96.67678833007812,17.350000381469727
2016-03-08,413.97198486328125,167.26272583007812,96.74755859375,120.58000183105469,97.74462890625,18.670000076293945
2016-03-09,414.8599853515625,168.08892822265625,97.36991882324219,119.58000183105469,97.15055084228516,18.34000015258789
2016-03-10,417.1310119628906,168.2238006591797,97.22128295898438,121.5,96.75198364257812,18.049999237060547
2016-03-11,421.69000244140625,170.9384765625,98.92121887207031,119.41000366210938,95.77437591552734,16.5
2016-03-14,416.43798828125,170.71929931640625,99.08842468261719,117.87000274658203,96.0751953125,16.920000076293945
2016-03-15,416.8299865722656,170.44105529785156,99.05126190185547,117.95999908447266,96.16541290283203,16.84000015258789
2016-03-16,417.010986328125,171.42738342285156,99.93374633789062,120.58999633789062,96.45121765136719,14.989999771118164
2016-03-17,420.6210021972656,172.51495361328125,99.8780288696289,120.12999725341797,96.84974670410156,14.4399995803833
2016-03-18,409.5480041503906,173.1929168701172,100.0345458984375,119.80000305175781,97.0527572631836,14.020000457763672
2016-03-21,413.3070068359375,173.43873596191406,100.42582702636719,118.95999908447266,96.30831909179688,13.789999961853027
2016-03-22,418.0889892578125,173.34555053710938,100.7332992553711,119.30999755859375,96.2857437133789,14.170000076293945
2016-03-23,418.0409851074219,172.20144653320312,99.90409851074219,116.61000061035156,97.37616729736328,14.9399995803833
2016-03-24,416.3940124511719,172.12518310546875,99.93206024169922,116.33000183105469,97.41370391845703,14.739999771118164
2016-03-28,424.2309875488281,172.22683715820312,99.79229736328125,116.5999984741211,97.54155731201172,15.239999771118164
2016-03-29,416.5159912109375,173.82003784179688,101.39478302001953,118.76000213623047,98.56433868408203,13.819999694824219
2016-03-30,414.8160095214844,174.58267211914062,101.88856506347656,117.0999984741211,97.52656555175781,13.5600004196167
2016-03-31,416.72900390625,174.15896606445312,101.7395248413086,117.63999938964844,98.21839141845703,13.949999809265137
2016-04-01,417.9599914550781,175.34532165527344,102.82028198242188,116.93000030517578,98.47457885742188,13.100000381469727
2016-04-04,421.4440002441406,174.77752685546875,102.42894744873047,116.1500015258789,98.53489685058594,14.119999885559082
2016-04-05,424.0299987792969,173.0319366455078,101.4413833618164,117.66000366210938,99.61251831054688,15.420000076293945
2016-04-06,423.4129943847656,174.9216766357422,103.10908508300781,116.94000244140625,98.8890609741211,14.09000015258789
2016-04-07,422.7449951171875,172.82850646972656,101.62772369384766,118.61000061035156,100.10981750488281,16.15999984741211
2016-04-08,420.3489990234375,173.29457092285156,101.55316162109375,118.43000030517578,99.47682189941406,15.359999656677246
2016-04-11,422.4830017089844,172.88783264160156,101.18048858642578,120.02999877929688,99.3487548828125,16.260000228881836
2016-04-12,425.19000244140625,174.49789428710938,102.0283432006836,120.05000305175781,98.66297912597656,14.850000381469727
2016-04-13,423.7340087890625,176.26051330566406,103.33271026611328,118.7699966430664,99.00960540771484,13.84000015258789
2016-04-14,424.2820129394531,176.26904296875,103.3420181274414,117.11000061035156,98.53489685058594,13.720000267028809
2016-04-15,429.7130126953125,176.0740966796875,103.08113861083984,117.91999816894531,99.37885284423828,13.619999885559082
2016-04-18,428.59100341796875,177.31138610839844,103.63082122802734,117.73999786376953,98.94930267333984,13.350000381469727
2016-04-19,435.5090026855469,177.87057495117188,102.99729919433594,119.58000183105469,98.6403579711914,13.239999771118164
2016-04-20,441.3890075683594,178.0401153564453,103.08113861083984,118.97000122070312,97.5552749633789,13.279999732971191
2016-04-21,449.42498779296875,177.08245849609375,103.09044647216797,119.41999816894531,96.97502899169922,13.949999809265137
2016-04-22,445.73699951171875,177.08245849609375,101.53453826904297,117.88999938964844,96.726318359375,13.220000267028809
2016-04-25,461.4259948730469,176.77740478515625,101.53453826904297,118.2300033569336,96.32694244384766,14.079999923706055
2016-04-26,466.0889892578125,177.0401153564453,101.04073333740234,118.69999694824219,95.88993835449219,13.960000038146973
2016-04-27,444.68701171875,177.40452575683594,100.23017120361328,119.04000091552734,96.84690856933594,13.770000457763672
2016-04-28,449.010986328125,175.79444885253906,99.01898956298828,121.29000091552734,97.24633026123047,15.220000267028809
2016-04-29,455.09698486328125,174.84536743164062,98.49724578857422,123.6500015258789,97.49496459960938,15.699999809265137
2016-05-02,444.66900634765625,176.2350616455078,99.42894744873047,123.23999786376953,96.51334381103516,14.680000305175781
2016-05-03,450.3039855957031,174.7012939453125,98.50660705566406,122.95999908447266,97.7290267944336,15.600000381469727
2016-05-04,446.72198486328125,173.72679138183594,97.87305450439453,122.20999908447266,98.26514434814453,16.049999237060547
2016-05-05,447.97601318359375,173.69290161132812,97.84510803222656,122.06999969482422,98.92205047607422,15.90999984741211
2016-05-06,459.6029968261719,174.32846069335938,98.3668441772461,123.18000030517578,98.49919128417969,14.720000267028809
2016-05-09,460.4830017089844,174.4724884033203,98.64635467529297,120.6500015258789,98.80878448486328,14.569999694824219
2016-05-10,450.8949890136719,176.64181518554688,99.99728393554688,120.9800033569336,98.81632995605469,13.630000114440918
2016-05-11,452.7279968261719,174.98944091796875,99.09354400634766,122.12000274658203,99.3751220703125,14.6899995803833
2016-05-12,454.7659912109375,175.04025268554688,98.65567779541016,121.16000366210938,98.92205047607422,14.40999984741211
2016-05-13,455.6700134277344,173.5149383544922,98.29228973388672,121.70999908447266,99.8810043334961,15.039999961853027
2016-05-16,454.1629943847656,175.22669982910156,99.5220947265625,121.80000305175781,99.02023315429688,14.680000305175781
2016-05-17,453.7829895019531,173.5911865234375,98.2736587524414,122.22000122070312,99.18628692626953,15.569999694824219
2016-05-18,454.6189880371094,173.64202880859375,98.62771606445312,120.0999984741211,97.77434539794922,15.949999809265137
2016-05-19,438.7149963378906,173.04037475585938,98.11527252197266,119.87000274658203,98.19719696044922,16.329999923706055
2016-05-20,442.6759948730469,174.13357543945312,99.19602966308594,119.70999908447266,98.27274322509766,15.199999809265137
2016-05-23,444.1549987792969,173.896240234375,99.06556701660156,119.37000274658203,98.4916763305664,15.819999694824219
2016-05-24,445.9809875488281,176.1503448486328,101.05007934570312,117.30000305175781,98.0537338256836,14.420000076293945
2016-05-25,449.5989990234375,177.34523010253906,101.77680206298828,116.9800033569336,97.68368530273438,13.899999618530273
2016-05-26,453.3840026855469,177.39601135253906,102.07493591308594,116.58000183105469,98.18965911865234,13.430000305175781
2016-05-27,473.4639892578125,178.15872192382812,102.60597229003906,115.62000274658203,98.04621887207031,13.119999885559082
2016-05-31,531.385986328125,177.8197479248047,102.80162048339844,116.05999755859375,98.28023529052734,14.1899995803833
2016-06-01,536.9199829101562,178.18409729003906,102.81094360351562,115.94000244140625,98.67898559570312,14.199999809265137
2016-06-02,537.9719848632812,178.7264862060547,103.02523803710938,115.66999816894531,99.39019012451172,13.630000114440918
2016-06-03,569.1939697265625,178.19261169433594,102.540771484375,118.87999725341797,100.80509948730469,13.470000267028809
2016-06-06,585.5369873046875,179.09930419921875,102.91344451904297,118.91999816894531,100.05606842041016,13.649999618530273
2016-06-07,576.5969848632812,179.37899780273438,102.65255737304688,118.81999969482422,100.29812622070312,14.050000190734863
2016-06-08,581.64501953125,179.9636688232422,102.82955932617188,120.58000183105469,100.83538055419922,14.079999923706055
2016-06-09,574.6300048828125,179.7178955078125,102.66189575195312,121.25,101.4861068725586,14.640000343322754
2016-06-10,577.469970703125,178.0146484375,101.49728393554688,121.73999786376953,101.9779281616211,17.030000686645508
2016-06-13,704.3759765625,176.64181518554688,100.64945220947266,122.63999938964844,102.43186950683594,20.969999313354492
2016-06-14,685.5590209960938,176.29437255859375,100.64945220947266,122.7699966430664,102.35618591308594,20.5
2016-06-15,694.468994140625,176.0487060546875,100.3606185913086,123.68000030517578,102.74962615966797,20.139999389648438
2016-06-16,766.3079833984375,176.57408142089844,100.65876007080078,122.37999725341797,103.24897003173828,19.3700008392334
2016-06-17,748.9089965820312,175.91644287109375,99.47892761230469,123.94999694824219,102.6058578491211,19.40999984741211
2016-06-20,737.2260131835938,177.04934692382812,100.10480499267578,123.20999908447266,101.5087661743164,18.3700008392334
2016-06-21,666.6519775390625,177.55194091796875,100.42241668701172,120.83999633789062,101.03965759277344,18.479999542236328
2016-06-22,596.1160278320312,177.26235961914062,100.17949676513672,120.9000015258789,101.20610809326172,21.170000076293945
2016-06-23,623.9769897460938,179.5707244873047,101.6087875366211,120.11000061035156,100.04845428466797,17.25
2016-06-24,665.2990112304688,173.12255859375,97.42376708984375,126.0,102.73448181152344,25.760000228881836
2016-06-27,655.2750244140625,170.02195739746094,95.49005126953125,126.68000030517578,105.29942321777344,23.850000381469727
2016-06-28,647.0009765625,173.0884552001953,97.58256530761719,125.31999969482422,105.51885986328125,18.75
2016-06-29,639.8900146484375,176.0357208251953,99.31076049804688,125.83999633789062,104.70922088623047,16.639999389648438
2016-06-30,673.3369750976562,178.43783569335938,100.45978546142578,126.47000122070312,105.09516143798828,15.630000114440918
2016-07-01,676.2960205078125,178.81260681152344,100.96422576904297,128.41000366210938,106.55439758300781,14.770000457763672
2016-07-05,670.6270141601562,177.5264129638672,100.3476791381836,129.47000122070312,107.88845825195312,15.579999923706055
2016-07-06,677.3309936523438,178.5911102294922,101.16973114013672,130.22999572753906,108.06282806396484,14.960000038146973
2016-07-07,640.56201171875,178.4804229736328,101.46869659423828,129.74000549316406,108.05523681640625,14.760000228881836
2016-07-08,666.5230102539062,181.13807678222656,103.0380859375,130.52000427246094,108.85115051269531,13.199999809265137
2016-07-11,647.6589965820312,181.77691650390625,103.62659454345703,129.2899932861328,107.8960952758789,13.539999961853027
2016-07-12,664.551025390625,183.0972900390625,104.14974212646484,127.1500015258789,106.12227630615234,13.550000190734863
2016-07-13,654.468017578125,183.0717010498047,103.89752197265625,128.32000732421875,107.37301635742188,13.039999961853027
2016-07-14,658.0780029296875,184.09390258789062,104.60746765136719,127.33000183105469,105.81149291992188,12.819999694824219
2016-07-15,663.2550048828125,183.84686279296875,104.43933868408203,126.83999633789062,104.90184020996094,12.670000076293945
2016-07-18,673.1060180664062,184.3408966064453,105.13060760498047,127.04000091552734,104.80329895019531,12.4399995803833
2016-07-19,672.864013671875,184.15353393554688,104.74758911132812,127.20999908447266,105.39459991455078,11.970000267028809
2016-07-20,665.6849975585938,184.92015075683594,105.97134399414062,125.38999938964844,104.81846618652344,11.770000457763672
2016-07-21,665.0120239257812,184.2216796875,105.72846221923828,127.30000305175781,105.03072357177734,12.739999771118164
2016-07-22,650.6190185546875,185.04783630371094,106.16751861572266,126.3499984741211,105.21268463134766,12.020000457763672
2016-07-25,654.0969848632812,184.54530334472656,106.17687225341797,125.47000122070312,105.1368408203125,12.869999885559082
2016-07-26,651.7839965820312,184.63052368164062,106.29830169677734,126.0,105.3036117553711,13.050000190734863
2016-07-27,654.3519897460938,184.43463134765625,107.03630828857422,128.02999877929688,106.61495208740234,12.829999923706055
2016-07-28,655.0349731445312,184.64756774902344,107.40995788574219,127.66000366210938,106.41787719726562,12.720000267028809
2016-07-29,656.9920043945312,184.9456787109375,107.64352416992188,128.97999572753906,107.30477905273438,11.869999885559082
2016-08-01,606.27197265625,184.79234313964844,108.21334075927734,129.22000122070312,106.14138793945312,12.4399995803833
2016-08-02,547.4650268554688,183.60833740234375,107.39128112792969,130.27000427246094,105.04788208007812,13.369999885559082
2016-08-03,566.35498046875,184.14492797851562,107.74626159667969,129.64999389648438,105.10855865478516,12.859999656677246
2016-08-04,578.2890014648438,184.3408966064453,108.05451202392578,129.8699951171875,105.89835357666016,12.420000076293945
2016-08-05,575.0430297851562,185.84860229492188,109.09144592285156,127.55000305175781,104.7972412109375,11.390000343322754
2016-08-08,591.0540161132812,185.7379150390625,108.97002410888672,127.44000244140625,104.9946517944336,11.5
2016-08-09,587.801025390625,185.84860229492188,109.22221374511719,127.95999908447266,106.0274658203125,11.65999984741211
2016-08-10,592.10302734375,185.3886260986328,108.94195556640625,128.55999755859375,106.43755340576172,12.050000190734863
2016-08-11,589.1199951171875,186.24896240234375,109.40906524658203,127.66999816894531,105.4883041381836,11.680000305175781
2016-08-12,587.5590209960938,186.0871124267578,109.48377990722656,127.4000015258789,106.37673950195312,11.550000190734863
2016-08-15,567.239990234375,186.6237335205078,109.95087432861328,127.83999633789062,105.3744125366211,11.8100004196167
2016-08-16,577.4390258789062,185.6612091064453,109.34367370605469,128.47000122070312,105.09337615966797,12.640000343322754
2016-08-17,573.2160034179688,186.0104217529297,109.53983306884766,128.5,105.72367858886719,12.1899995803833
2016-08-18,574.3179931640625,186.42787170410156,109.56782531738281,129.11000061035156,105.89075469970703,11.430000305175781
2016-08-19,575.6300048828125,186.1553192138672,109.53983306884766,127.97000122070312,105.33641052246094,11.34000015258789
2016-08-22,586.7529907226562,186.14674377441406,109.6239013671875,127.77999877929688,106.22488403320312,12.270000457763672
2016-08-23,583.4149780273438,186.5215301513672,109.82010650634766,127.76000213623047,106.3388442993164,12.380000114440918
2016-08-24,580.1820068359375,185.5675506591797,109.1101303100586,126.33999633789062,106.08818054199219,13.449999809265137
2016-08-25,577.760986328125,185.4397430419922,108.93264770507812,126.2300033569336,105.68572235107422,13.630000114440918
2016-08-26,579.6510009765625,185.09048461914062,109.09144592285156,126.05000305175781,105.0706558227539,13.649999618530273
2016-08-29,574.1069946289062,186.00198364257812,109.24089813232422,126.30000305175781,106.47549438476562,12.9399995803833
2016-08-30,577.5029907226562,185.6952667236328,108.88593292236328,125.02999877929688,106.06546020507812,13.119999885559082
2016-08-31,575.4719848632812,185.16714477539062,108.77385711669922,124.77999877929688,106.21731567382812,13.420000076293945
2016-09-01,572.302978515625,185.17568969726562,109.05408477783203,125.29000091552734,106.33450317382812,13.479999542236328
2016-09-02,575.5369873046875,186.0104217529297,109.40906524658203,126.56999969482422,105.46717834472656,11.979999542236328
2016-09-06,610.4359741210938,186.57264709472656,110.09100341796875,128.7100067138672,106.23563385009766,12.020000457763672
2016-09-07,614.5440063476562,186.5556182861328,110.15637969970703,128.27000427246094,106.15950775146484,11.9399995803833
2016-09-08,626.3159790039062,186.12969970703125,109.51183319091797,127.58999633789062,104.828125,12.510000228881836
2016-09-09,622.8610229492188,181.6747283935547,106.75604248046875,126.75,103.10110473632812,17.5
2016-09-12,608.2429809570312,184.28126525878906,108.67108154296875,126.58999633789062,103.15440368652344,15.15999984741211
2016-09-13,609.2410278320312,181.63218688964844,107.69955444335938,125.75,101.98277282714844,17.850000381469727
2016-09-14,610.6840209960938,181.56399536132812,108.21334075927734,126.18000030517578,102.13497161865234,18.139999389648438
2016-09-15,607.155029296875,183.37832641601562,109.89482116699219,125.37000274658203,101.6937026977539,16.299999237060547
2016-09-16,606.9730224609375,182.66944885253906,109.84235382080078,125.05999755859375,102.515380859375,15.369999885559082
2016-09-19,609.2269897460938,182.70376586914062,109.36475372314453,125.31999969482422,102.18058776855469,15.529999732971191
2016-09-20,608.31201171875,182.71229553222656,109.57080841064453,125.44000244140625,102.5381851196289,15.920000076293945
2016-09-21,597.1489868164062,184.76698303222656,110.64778900146484,127.2699966430664,103.36746215820312,13.300000190734863
2016-09-22,596.2979736328125,185.9312744140625,111.52808380126953,127.56999969482422,104.18904113769531,12.020000457763672
2016-09-23,602.8419799804688,184.91253662109375,110.81634521484375,127.6500015258789,104.09017944335938,12.289999961853027
2016-09-26,608.0430297851562,183.41432189941406,109.88919830322266,127.55000305175781,104.75202178955078,14.5
2016-09-27,606.166015625,184.5529022216797,110.97554016113281,126.62000274658203,105.52042388916016,13.100000381469727
2016-09-28,604.72802734375,185.46893310546875,111.16284942626953,126.22000122070312,105.29228210449219,12.390000343322754
2016-09-29,605.6929931640625,183.79098510742188,110.3574447631836,126.06999969482422,105.55848693847656,14.020000457763672
2016-09-30,609.7349853515625,185.17791748046875,111.18157958984375,125.63999938964844,104.61509704589844,13.289999961853027
2016-10-03,612.1329956054688,184.7327117919922,111.02239227294922,125.31999969482422,104.26988983154297,13.569999694824219
2016-10-04,610.2039794921875,183.79098510742188,110.85379028320312,120.97000122070312,103.0504150390625,13.630000114440918
2016-10-05,612.510986328125,184.6042938232422,111.24712371826172,120.77999877929688,102.57024383544922,12.989999771118164
2016-10-06,613.02099609375,184.7327117919922,111.19095611572266,119.66000366210938,101.99866485595703,12.84000015258789
2016-10-07,617.1209716796875,184.09915161132812,110.94746398925781,119.73999786376953,102.06720733642578,13.479999542236328
2016-10-10,618.9940185546875,185.0580291748047,111.64982604980469,120.16000366210938,101.4651870727539,13.380000114440918
2016-10-11,641.072021484375,182.72084045410156,110.05779266357422,119.55000305175781,101.23648834228516,15.359999656677246
2016-10-12,636.1920166015625,182.9605712890625,109.96411895751953,119.73999786376953,101.3355712890625,15.90999984741211
2016-10-13,636.7860107421875,182.36126708984375,109.57080841064453,120.02999877929688,101.7166519165039,16.690000534057617
2016-10-14,640.3779907226562,182.4554901123047,109.70189666748047,119.36000061035156,100.29139709472656,16.1200008392334
2016-10-17,639.1929931640625,181.8219451904297,109.4021987915039,119.68000030517578,100.93159484863281,16.209999084472656
2016-10-18,637.9600219726562,182.9605712890625,110.37619018554688,120.41999816894531,101.25935363769531,15.279999732971191
2016-10-19,630.52001953125,183.44854736328125,110.36682891845703,121.11000061035156,101.34319305419922,14.40999984741211
2016-10-20,630.8569946289062,183.10614013671875,110.23572540283203,120.73999786376953,101.44987487792969,13.75
2016-10-21,632.8280029296875,183.1916961669922,110.64778900146484,120.83000183105469,101.60233306884766,13.34000015258789
2016-10-24,653.760986328125,183.97079467773438,111.97760772705078,120.55999755859375,101.16023254394531,13.020000457763672
2016-10-25,657.5880126953125,183.35440063476562,111.62171173095703,121.47000122070312,101.42704772949219,13.460000038146973
2016-10-26,678.3040161132812,182.98623657226562,110.8631591796875,120.79000091552734,100.74110412597656,14.239999771118164
2016-10-27,688.31298828125,182.4982452392578,110.3574447631836,121.01000213623047,99.64360046386719,15.359999656677246
2016-10-28,689.6510009765625,181.95889282226562,109.66443634033203,121.58000183105469,99.422607421875,16.190000534057617
2016-10-31,700.9719848632812,181.96746826171875,109.56143951416016,121.94000244140625,100.03229522705078,17.059999465942383
2016-11-01,729.7930297851562,180.64901733398438,108.73729705810547,122.7300033569336,100.0399398803711,18.559999465942383
2016-11-02,740.8289794921875,179.56178283691406,107.86638641357422,123.63999938964844,100.4752426147461,19.31999969482422
2016-11-03,688.7000122070312,178.7399139404297,106.80810546875,124.30000305175781,99.70396423339844,22.079999923706055
2016-11-04,703.2349853515625,178.54302978515625,106.43351745605469,124.38999938964844,100.59733581542969,22.510000228881836
2016-11-07,703.1309814453125,182.48117065429688,108.96208190917969,122.1500015258789,99.74214172363281,18.709999084472656
2016-11-08,709.8480224609375,183.30294799804688,109.67382049560547,121.63999938964844,99.33740234375,18.739999771118164
2016-11-09,723.2730102539062,185.24636840820312,110.17951965332031,121.55999755859375,95.12229919433594,14.380000114440918
2016-11-10,715.5339965820312,185.70872497558594,108.4001693725586,119.75,93.71729278564453,14.739999771118164
2016-11-11,716.4110107421875,185.2805938720703,108.447021484375,117.0999984741211,93.19041442871094,14.170000076293945
2016-11-14,705.02099609375,185.42617797851562,107.35128021240234,116.11000061035156,92.63298034667969,14.479999542236328
2016-11-15,711.6190185546875,186.8730010986328,108.84034729003906,117.12000274658203,93.09114074707031,13.369999885559082
2016-11-16,744.197998046875,186.52200317382812,109.48648834228516,116.7699966430664,93.93109130859375,13.720000267028809
2016-11-17,740.9769897460938,187.48086547851562,110.28253936767578,116.16999816894531,92.54895782470703,13.350000381469727
2016-11-18,751.5850219726562,187.06134033203125,109.87044525146484,115.1500015258789,92.2817153930664,12.850000381469727
2016-11-21,739.2479858398438,188.47396850585938,111.01301574707031,115.58000183105469,92.51074981689453,12.420000076293945
2016-11-22,751.3469848632812,188.84205627441406,111.35013580322266,115.54000091552734,92.48023223876953,12.40999984741211
2016-11-23,744.593994140625,188.9447784423828,110.90062713623047,113.25,92.12135314941406,12.430000305175781
2016-11-25,741.6489868164062,189.64682006835938,111.2564926147461,112.61000061035156,92.25880432128906,12.34000015258789
2016-11-28,735.81298828125,188.75650024414062,111.0036392211914,113.80000305175781,92.93840789794922,13.149999618530273
2016-11-29,735.60400390625,189.12457275390625,111.38760375976562,113.2699966430664,93.32786560058594,12.899999618530273
2016-11-30,745.6909790039062,188.67088317871094,110.03907012939453,111.75,91.81590270996094,13.329999923706055
2016-12-01,756.7739868164062,187.97738647460938,108.1379165649414,111.54000091552734,90.84648895263672,14.069999694824219
2016-12-02,777.9439697265625,188.0716094970703,108.35332489013672,112.13999938964844,91.51213836669922,14.119999885559082
2016-12-05,758.7000122070312,189.20166015625,109.19618225097656,111.54000091552734,91.41270446777344,12.140000343322754
2016-12-06,764.2239990234375,189.8009796142578,109.4583969116211,111.43000030517578,91.34380340576172,11.789999961853027
2016-12-07,768.1320190429688,192.28372192382812,110.84445190429688,111.83000183105469,92.12422943115234,12.220000267028809
2016-12-08,770.8099975585938,192.7544708251953,111.0411148071289,111.56999969482422,91.03772735595703,12.640000343322754
2016-12-09,772.7940063476562,193.91885375976562,111.91206359863281,110.4000015258789,89.90534210205078,11.75
2016-12-12,780.0869750976562,193.6962432861328,111.40636444091797,110.81999969482422,90.07366943359375,12.640000343322754
2016-12-13,780.5560302734375,194.98898315429688,112.81109619140625,110.44999694824219,90.39502716064453,12.720000267028809
2016-12-14,781.4810180664062,193.37948608398438,112.57697296142578,108.83000183105469,89.38507080078125,13.1899995803833
2016-12-15,778.0880126953125,194.1756591796875,112.7549057006836,107.33999633789062,89.83644104003906,12.789999961853027
2016-12-16,784.906982421875,193.79595947265625,112.33695220947266,108.05000305175781,89.62984466552734,12.199999809265137
2016-12-19,792.7139892578125,194.21788024902344,112.79718017578125,108.58999633789062,90.59398651123047,11.710000038146973
2016-12-20,800.8759765625,194.96707153320312,113.22920989990234,107.79000091552734,90.1425552368164,11.449999809265137
2016-12-21,834.281005859375,194.424560546875,113.14468383789062,107.8499984741211,90.54043579101562,11.270000457763672
2016-12-22,864.5399780273438,194.0886993408203,112.8253402709961,107.58999633789062,90.37855529785156,11.430000305175781
2016-12-23,921.9840087890625,194.37290954589844,112.9004898071289,107.93000030517578,90.56263732910156,11.4399995803833
2016-12-27,933.197998046875,194.85513305664062,113.48285675048828,108.55999755859375,90.27112579345703,11.989999771118164
2016-12-28,975.9210205078125,193.2447509765625,112.59993743896484,108.86000061035156,90.93093872070312,12.949999809265137
2016-12-29,973.4970092773438,193.2017364501953,112.44024658203125,110.29000091552734,91.2530746459961,13.369999885559082
2016-12-30,961.2379760742188,192.4955596923828,111.2849349975586,109.61000061035156,91.39118957519531,14.039999961853027
2017-01-03,1043.8399658203125,193.96815490722656,112.28059387207031,110.47000122070312,91.78244018554688,12.850000381469727
2017-01-04,1154.72998046875,195.1221160888672,112.89108276367188,110.86000061035156,92.1352767944336,11.850000381469727
2017-01-05,1013.3800048828125,194.96707153320312,113.52981567382812,112.58000183105469,93.57758331298828,11.670000076293945
2017-01-06,902.2009887695312,195.66461181640625,114.52542114257812,111.75,92.71836853027344,11.319999694824219
2017-01-09,902.8280029296875,195.018798828125,114.90113067626953,112.66999816894531,93.46251678466797,11.5600004196167
2017-01-10,907.6790161132812,195.018798828125,115.15475463867188,113.1500015258789,93.401123046875,11.489999771118164
2017-01-11,777.7570190429688,195.56993103027344,115.46471405029297,113.5,93.71566009521484,11.260000228881836
2017-01-12,804.833984375,195.0790557861328,115.2862319946289,113.91000366210938,93.50852966308594,11.539999961853027
2017-01-13,823.9840087890625,195.52685546875,115.68073272705078,114.20999908447266,93.06358337402344,11.229999542236328
2017-01-17,907.93798828125,194.83790588378906,115.33319854736328,115.8499984741211,94.03785705566406,11.869999885559082
2017-01-18,886.6179809570312,195.26849365234375,115.56802368164062,114.87000274658203,92.83340454101562,12.479999542236328
2017-01-19,899.072998046875,194.54518127441406,115.51167297363281,114.7699966430664,92.19670867919922,12.779999732971191
2017-01-20,895.0260009765625,195.25990295410156,115.7652587890625,115.05000305175781,92.01258850097656,11.539999961853027
2017-01-23,921.0120239257812,194.75180053710938,115.85917663574219,115.79000091552734,92.93315887451172,11.770000457763672
2017-01-24,892.68701171875,196.00050354003906,116.6387939453125,115.2699966430664,92.29643249511719,11.069999694824219
2017-01-25,901.5419921875,197.6969451904297,117.81290435791016,114.31999969482422,91.13803100585938,10.8100004196167
2017-01-26,917.5859985351562,197.49029541015625,117.93498992919922,113.26000213623047,91.44491577148438,10.630000114440918
2017-01-27,919.75,197.18028259277344,118.160400390625,113.48999786376953,91.7747802734375,10.579999923706055
2017-01-30,920.3820190429688,195.95741271972656,117.23992919921875,113.97000122070312,91.49855041503906,11.880000114440918
2017-01-31,970.4030151367188,195.94021606445312,117.0051040649414,115.55000305175781,92.1352767944336,11.989999771118164
2017-02-01,989.0230102539062,196.01768493652344,117.81290435791016,115.19999694824219,91.56561279296875,11.8100004196167
2017-02-02,1011.7999877929688,196.14688110351562,117.70957946777344,115.83999633789062,91.52716827392578,11.930000305175781
2017-02-03,1029.9100341796875,197.49887084960938,118.04769897460938,116.12999725341797,91.48875427246094,10.970000267028809
2017-02-06,1038.1500244140625,197.1457977294922,118.18856048583984,117.69999694824219,92.04228973388672,11.369999885559082
2017-02-07,1061.3499755859375,197.15444946289062,118.62066650390625,117.45999908447266,92.7188491821289,11.289999961853027
2017-02-08,1063.0699462890625,197.41281127929688,118.81792449951172,118.19000244140625,93.97968292236328,11.449999809265137
2017-02-09,994.3829956054688,198.583984375,119.24996185302734,117.29000091552734,92.89569091796875,10.880000114440918
2017-02-10,988.6740112304688,199.36761474609375,119.64447021484375,117.5999984741211,92.84186553955078,10.850000381469727
2017-02-13,990.6420288085938,200.4527130126953,120.32076263427734,116.80000305175781,92.54977416992188,11.069999694824219
2017-02-14,1004.5499877929688,201.25360107421875,120.7246322631836,116.93000030517578,91.880859375,10.739999771118164
2017-02-15,1007.47998046875,202.30422973632812,121.43846893310547,117.44999694824219,91.45797729492188,11.970000267028809
2017-02-16,1027.43994140625,202.13198852539062,121.4009017944336,118.08000183105469,91.9577407836914,11.760000228881836
2017-02-17,1046.2099609375,202.45059204101562,121.92688751220703,117.68000030517578,92.50355529785156,11.489999771118164
2017-02-21,1115.300048828125,203.6562042236328,122.52800750732422,117.75,92.34211730957031,11.569999694824219
2017-02-22,1117.43994140625,203.4753875732422,122.57499694824219,117.91000366210938,92.49591827392578,11.739999771118164
2017-02-23,1166.719970703125,203.61314392089844,122.11475372314453,118.94000244140625,92.77266693115234,11.710000038146973
2017-02-24,1173.6800537109375,203.87149047851562,122.34959411621094,119.69999694824219,93.80287170410156,11.470000267028809
2017-02-27,1179.969970703125,204.19020080566406,122.49987030029297,119.12000274658203,93.24933624267578,12.09000015258789
2017-02-28,1179.969970703125,203.6390380859375,122.1241455078125,119.2300033569336,93.5953140258789,12.920000076293945
2017-03-01,1222.5,206.48944091796875,123.45790100097656,119.05999755859375,92.02698516845703,12.539999961853027
2017-03-02,1251.010009765625,205.18910217285156,122.8379898071289,117.58000183105469,91.69576263427734,11.8100004196167
2017-03-03,1274.989990234375,205.3182373046875,123.06343841552734,117.51000213623047,91.93453979492188,10.960000038146973
2017-03-06,1272.8299560546875,204.70684814453125,122.79102325439453,116.72000122070312,91.4954833984375,11.239999771118164
2017-03-07,1223.5400390625,204.0954132080078,122.58438110351562,115.77999877929688,91.2181625366211,11.449999809265137
2017-03-08,1150.0,203.7164764404297,122.8004379272461,115.05999755859375,90.72518920898438,11.859999656677246
2017-03-09,1188.489990234375,203.974853515625,122.89439392089844,114.47000122070312,90.00110626220703,12.300000190734863
2017-03-10,1116.719970703125,204.6895751953125,123.41096496582031,114.72000122070312,90.31690216064453,11.65999984741211
2017-03-13,1231.9200439453125,204.79293823242188,123.61759185791016,114.73999786376953,89.74691772460938,11.350000381469727
2017-03-14,1240.0,204.00933837890625,123.3169937133789,114.12000274658203,90.17827606201172,12.300000190734863
2017-03-15,1249.6099853515625,205.7747039794922,124.07781219482422,116.25,91.2798080444336,11.630000114440918
2017-03-16,1187.81005859375,205.3699493408203,123.9932632446289,116.7300033569336,90.81758880615234,11.210000038146973
2017-03-17,1100.22998046875,205.00927734375,123.95000457763672,116.98999786376953,91.38762664794922,11.279999732971191
2017-03-20,1054.22998046875,204.7843475341797,124.06295013427734,117.51000213623047,91.78047943115234,11.34000015258789
2017-03-21,1120.5400390625,202.15504455566406,122.18049621582031,118.54000091552734,92.54310607910156,12.470000267028809
2017-03-22,1049.1400146484375,202.6307373046875,123.00877380371094,118.83000183105469,92.91282653808594,12.8100004196167
2017-03-23,1038.5899658203125,202.41453552246094,122.69815826416016,118.66999816894531,92.78186798095703,13.119999885559082
2017-03-24,937.52001953125,202.26748657226562,122.95230102539062,118.86000061035156,93.11308288574219,12.960000038146973
2017-03-27,1045.77001953125,202.05990600585938,123.1500015258789,119.52999877929688,93.5367431640625,12.5
2017-03-28,1047.1500244140625,203.53030395507812,123.9029312133789,119.04000091552734,92.91282653808594,11.529999732971191
2017-03-29,1039.969970703125,203.7205352783203,124.47708129882812,119.33000183105469,93.46742248535156,11.420000076293945
2017-03-30,1026.4300537109375,204.36923217773438,124.68414306640625,118.47000122070312,92.71253967285156,11.539999961853027
2017-03-31,1071.7900390625,203.89356994628906,124.59945678710938,118.72000122070312,92.98213195800781,12.369999885559082
2017-04-03,1143.81005859375,203.53892517089844,124.52415466308594,119.3499984741211,93.92002868652344,12.380000114440918
2017-04-04,1133.25,203.6686248779297,124.72180938720703,119.62000274658203,93.41056823730469,11.789999961853027
2017-04-05,1124.780029296875,203.06321716308594,124.2135238647461,119.62000274658203,93.69618225097656,12.890000343322754
2017-04-06,1182.6800537109375,203.63409423828125,124.27940368652344,119.18000030517578,93.55719757080078,12.390000343322754
2017-04-07,1176.9000244140625,203.4264373779297,124.2135238647461,119.45999908447266,93.17898559570312,12.869999885559082
2017-04-10,1187.1300048828125,203.5475311279297,124.2606430053711,119.45999908447266,93.61125946044922,14.050000190734863
2017-04-11,1205.010009765625,203.30538940429688,123.72410583496094,121.19000244140625,94.49897003173828,15.069999694824219
2017-04-12,1200.3699951171875,202.41453552246094,123.22528076171875,122.0199966430664,95.01615905761719,15.770000457763672
2017-04-13,1169.280029296875,201.099853515625,122.73580932617188,122.5999984741211,95.30949401855469,15.960000038146973
2017-04-17,1193.9100341796875,202.881591796875,123.7523422241211,122.23999786376953,95.01615905761719,14.65999984741211
2017-04-18,1211.6700439453125,202.276123046875,123.56411743164062,122.81999969482422,96.25896453857422,14.420000076293945
2017-04-19,1210.2900390625,201.90426635742188,123.76177215576172,121.7300033569336,95.73405456542969,14.930000305175781
2017-04-20,1229.0799560546875,203.5475311279297,124.797119140625,121.95999908447266,95.36351776123047,14.149999618530273
2017-04-21,1222.050048828125,202.8988800048828,124.76884460449219,122.30999755859375,95.36351776123047,14.630000114440918
2017-04-24,1250.1500244140625,205.13034057617188,126.27478790283203,121.4800033569336,94.89263153076172,10.84000015258789
2017-04-25,1265.489990234375,206.32394409179688,127.18782043457031,120.25,93.75021362304688,10.760000228881836
2017-04-26,1281.0799560546875,206.19418334960938,127.00897216796875,120.83999633789062,94.26737213134766,10.850000381469727
2017-04-27,1317.72998046875,206.3671875,127.77140808105469,120.38999938964844,94.23648834228516,10.359999656677246
2017-04-28,1316.47998046875,205.91744995117188,127.99732208251953,120.7699966430664,94.4449462890625,10.819999694824219
2017-05-01,1421.5999755859375,206.4363555908203,129.1361541748047,119.66999816894531,93.65979766845703,10.109999656677246
2017-05-02,1452.8199462890625,206.51422119140625,129.35263061523438,119.6500015258789,94.1394271850586,10.59000015258789
2017-05-03,1490.0899658203125,206.2633819580078,128.9384765625,117.9800033569336,94.20128631591797,10.680000305175781
2017-05-04,1537.6700439453125,206.5055694580078,128.9855499267578,116.79000091552734,93.73712921142578,10.460000038146973
2017-05-05,1555.449951171875,207.31854248046875,129.45620727539062,117.01000213623047,93.82221984863281,10.569999694824219
2017-05-08,1723.3499755859375,207.28399658203125,129.73851013183594,116.75,93.31169128417969,9.770000457763672
2017-05-09,1755.3599853515625,207.0936737060547,130.1903533935547,116.05000305175781,93.30401611328125,9.960000038146973
2017-05-10,1787.1300048828125,207.465576171875,130.26560974121094,116.04000091552734,93.19569396972656,10.210000038146973
2017-05-11,1848.5699462890625,207.0418243408203,130.1620635986328,116.5,93.19569396972656,10.600000381469727
2017-05-12,1724.239990234375,206.6958465576172,130.453857421875,116.83000183105469,93.89958953857422,10.399999618530273
2017-05-15,1738.4300537109375,207.83750915527344,130.8679656982422,117.13999938964844,93.64430236816406,10.420000076293945
2017-05-16,1734.449951171875,207.6471710205078,131.4138946533203,117.6500015258789,93.9924087524414,10.649999618530273
2017-05-17,1839.0899658203125,203.96275329589844,128.0725860595703,119.79000091552734,95.3615493774414,15.59000015258789
2017-05-18,1888.6500244140625,204.7843475341797,129.192626953125,118.80999755859375,95.46985626220703,14.65999984741211
2017-05-19,1987.7099609375,206.11631774902344,129.73851013183594,119.4000015258789,95.69419860839844,12.039999961853027
2017-05-22,2173.39990234375,207.16290283203125,130.8303680419922,119.9000015258789,95.43120574951172,10.930000305175781
2017-05-23,2320.419921875,207.62127685546875,130.96209716796875,119.13999938964844,94.78917694091797,10.720000267028809
2017-05-24,2443.639892578125,208.1056671142578,131.56454467773438,119.61000061035156,95.32289123535156,10.020000457763672
2017-05-25,2304.97998046875,209.1002655029297,132.68463134765625,119.4800033569336,95.35382843017578,9.989999771118164
2017-05-26,2202.419921875,209.0570526123047,132.91983032226562,120.54000091552734,95.51628875732422,9.8100004196167
2017-05-30,2175.469970703125,208.87539672851562,133.03282165527344,120.13999938964844,95.98812866210938,10.380000114440918
2017-05-31,2286.409912109375,208.823486328125,132.98570251464844,120.62000274658203,96.22794342041016,10.40999984741211
2017-06-01,2407.8798828125,210.484130859375,133.50343322753906,120.72000122070312,96.23800659179688,9.890000343322754
2017-06-02,2488.550048828125,211.18470764160156,135.0282440185547,121.61000061035156,97.37751770019531,9.75
2017-06-05,2686.81005859375,211.029052734375,134.99996948242188,121.7300033569336,96.77291870117188,10.069999694824219
2017-06-06,2863.199951171875,210.3543701171875,134.4635009765625,123.0999984741211,97.30000305175781,10.449999809265137
2017-06-07,2732.159912109375,210.74362182617188,134.99063110351562,122.44999694824219,96.83492279052734,10.390000343322754
2017-06-08,2805.6201171875,210.84744262695312,135.1317901611328,121.6500015258789,96.57905578613281,10.15999984741211
2017-06-09,2823.81005859375,210.52740478515625,131.75282287597656,120.54000091552734,96.43181610107422,10.699999809265137
2017-06-12,2659.6298828125,210.484130859375,131.04681396484375,120.36000061035156,96.4008560180664,11.460000038146973
2017-06-13,2717.02001953125,211.5133819580078,132.11044311523438,120.4800033569336,96.41629791259766,10.420000076293945
2017-06-14,2506.3701171875,211.2452850341797,131.5363006591797,119.81999969482422,97.9046401977539,10.640000343322754
2017-06-15,2464.580078125,210.8387451171875,130.95272827148438,119.31999969482422,97.74959564208984,10.899999618530273
2017-06-16,2518.56005859375,210.88482666015625,130.38455200195312,119.33999633789062,97.94338989257812,10.380000114440918
2017-06-19,2589.60009765625,212.6404266357422,132.564697265625,118.43000030517578,97.80390167236328,10.369999885559082
2017-06-20,2721.7900390625,211.20635986328125,131.52651977539062,118.18000030517578,98.6798324584961,10.859999656677246
2017-06-21,2689.10009765625,211.1542205810547,132.82901000976562,118.5199966430664,98.88138580322266,10.75
2017-06-22,2705.409912109375,211.05862426757812,132.79124450683594,118.91999816894531,99.09840393066406,10.479999542236328
2017-06-23,2744.909912109375,211.31069946289062,133.30088806152344,119.43000030517578,99.05189514160156,10.020000457763672
2017-06-26,2478.449951171875,211.44973754882812,132.67794799804688,118.36000061035156,99.42398071289062,9.899999618530273
2017-06-27,2552.449951171875,209.7462615966797,130.27130126953125,118.80999755859375,98.36200714111328,11.0600004196167
2017-06-28,2574.7900390625,211.62359619140625,132.14947509765625,118.9000015258789,98.03644561767578,10.029999732971191
2017-06-29,2539.320068359375,209.76364135742188,129.85606384277344,118.31999969482422,97.21473693847656,11.4399995803833
2017-06-30,2480.840087890625,210.15480041503906,129.90322875976562,118.0199966430664,96.98992919921875,11.180000305175781
2017-07-03,2564.06005859375,210.51109313964844,128.5347137451172,116.08999633789062,96.67770385742188,11.220000267028809
2017-07-05,2601.989990234375,210.99781799316406,129.79942321777344,116.5199966430664,96.70099639892578,11.069999694824219
2017-07-06,2608.56005859375,209.06834411621094,128.6291046142578,116.47000122070312,95.90088653564453,12.539999961853027
2017-07-07,2518.659912109375,210.42417907714844,130.01649475097656,115.27999877929688,95.32608032226562,11.1899995803833
2017-07-10,2372.56005859375,210.6501007080078,130.86585998535156,115.47000122070312,95.46590423583984,11.109999656677246
2017-07-11,2337.7900390625,210.4936981201172,131.23399353027344,115.62000274658203,95.6290283203125,10.890000343322754
2017-07-12,2398.840087890625,212.0754852294922,132.79124450683594,116.02999877929688,96.289306640625,10.300000190734863
2017-07-13,2357.89990234375,212.43182373046875,133.08375549316406,115.81999969482422,95.68338012695312,9.899999618530273
2017-07-14,2233.340087890625,213.4226837158203,134.13137817382812,116.7699966430664,95.79991149902344,9.510000228881836
2017-07-17,2228.409912109375,213.3966064453125,134.197509765625,117.29000091552734,96.06405639648438,9.819999694824219
2017-07-18,2318.8798828125,213.5095672607422,135.0940704345703,118.11000061035156,96.90290069580078,9.890000343322754
2017-07-19,2273.429931640625,214.66546630859375,135.88682556152344,118.08000183105469,96.94178771972656,9.789999961853027
2017-07-20,2817.60009765625,214.76113891601562,136.06614685058594,118.23999786376953,97.22140502929688,9.579999923706055
2017-07-21,2667.760009765625,214.56993103027344,136.00955200195312,119.26000213623047,97.6331558227539,9.359999656677246
2017-07-24,2754.860107421875,214.5177764892578,136.6324462890625,119.30999755859375,97.2524642944336,9.430000305175781
2017-07-25,2576.47998046875,215.0392303466797,136.28326416015625,118.91999816894531,95.98633575439453,9.430000305175781
2017-07-26,2529.449951171875,215.04794311523438,136.72683715820312,119.87999725341797,96.14170837402344,9.600000381469727
2017-07-27,2671.780029296875,214.84799194335938,135.86801147460938,119.79000091552734,95.66791534423828,10.109999656677246
2017-07-28,2809.010009765625,214.59596252441406,135.75469970703125,120.69000244140625,96.23490905761719,10.289999961853027
2017-07-31,2875.340087890625,214.47430419921875,135.17901611328125,120.75,96.35142517089844,10.260000228881836
2017-08-01,2718.260009765625,214.9522705078125,135.4904022216797,120.6500015258789,97.02790832519531,10.09000015258789
2017-08-02,2710.669921875,215.05661010742188,135.85858154296875,120.4000015258789,97.08243560791016,10.279999732971191
2017-08-03,2804.72998046875,214.63941955566406,135.3300323486328,120.58999633789062,98.08661651611328,10.4399995803833
2017-08-04,2895.889892578125,215.0305633544922,135.57540893554688,119.6500015258789,97.25370025634766,10.029999732971191
2017-08-07,3378.93994140625,215.43031311035156,136.4342803955078,119.51000213623047,97.3626937866211,9.930000305175781
2017-08-08,3419.93994140625,214.900146484375,136.19830322265625,119.86000061035156,97.01234436035156,10.960000038146973
2017-08-09,3342.469970703125,214.8914794921875,136.01895141601562,121.30999755859375,97.54167938232422,11.109999656677246
2017-08-10,3381.280029296875,211.85821533203125,133.10267639160156,122.20999908447266,98.3746566772461,16.040000915527344
2017-08-11,3650.6201171875,212.17112731933594,134.11256408691406,122.79000091552734,98.42135620117188,15.510000228881836
2017-08-14,4325.1298828125,214.27442932128906,135.8396759033203,121.91999816894531,97.91539001464844,12.329999923706055
2017-08-15,4181.93017578125,214.2483673095703,135.93406677246094,120.9800033569336,97.50281524658203,12.039999961853027
2017-08-16,4376.6298828125,214.6220703125,136.1699676513672,121.87000274658203,97.86083221435547,11.739999771118164
2017-08-17,4331.68994140625,211.27587890625,133.38583374023438,122.48999786376953,98.59258270263672,15.550000190734863
2017-08-18,4160.6201171875,210.94561767578125,133.2914276123047,122.30000305175781,98.56928253173828,14.260000228881836
2017-08-21,4001.739990234375,211.11087036132812,133.12156677246094,122.76000213623047,98.81060028076172,13.1899995803833
2017-08-22,4100.52001953125,213.31837463378906,135.1506805419922,122.20999908447266,98.42915344238281,11.350000381469727
2017-08-23,4151.52001953125,212.5535888671875,134.66937255859375,122.66999816894531,99.09864044189453,12.25
2017-08-24,4334.68017578125,212.05813598632812,134.27294921875,122.29000091552734,98.7327651977539,12.229999542236328
2017-08-25,4371.60009765625,212.5535888671875,133.98980712890625,122.73999786376953,99.11425018310547,11.279999732971191
2017-08-28,4382.66015625,212.56222534179688,134.4051055908203,124.69000244140625,99.05191802978516,11.319999694824219
2017-08-29,4579.02001953125,212.8055877685547,134.93365478515625,124.41999816894531,99.37109375,11.699999809265137
2017-08-30,4565.2998046875,213.81378173828125,136.51919555664062,124.36000061035156,99.33998107910156,11.220000267028809
2017-08-31,4703.39013671875,215.10008239746094,137.98208618164062,125.81999969482422,99.63579559326172,10.59000015258789
2017-09-01,4892.009765625,215.404296875,137.79331970214844,126.05999755859375,98.87362670898438,10.130000114440918
2017-09-05,4376.52978515625,213.85723876953125,136.55690002441406,127.45999908447266,100.44161224365234,12.229999542236328
2017-09-06,4597.1201171875,214.5872802734375,136.97219848632812,126.80999755859375,99.82535552978516,11.630000114440918
2017-09-07,4599.8798828125,214.56121826171875,137.29310607910156,128.1300048828125,100.84721374511719,11.550000190734863
2017-09-08,4228.75,214.30918884277344,136.10398864746094,127.97000122070312,100.62879180908203,12.119999885559082
2017-09-11,4161.27001953125,216.59498596191406,137.67062377929688,126.19000244140625,99.427490234375,10.729999542236328
2017-09-12,4130.81005859375,217.32505798339844,138.00096130371094,126.55999755859375,98.90483856201172,10.579999923706055
2017-09-13,3882.590087890625,217.42935180664062,138.18971252441406,125.61000061035156,98.51478576660156,10.5
2017-09-14,3154.949951171875,217.3597869873047,137.37803649902344,126.16000366210938,98.92045593261719,10.4399995803833
2017-09-15,3637.52001953125,217.6523895263672,137.8499298095703,125.52999877929688,98.9594497680664,10.170000076293945
2017-09-18,4065.199951171875,218.11534118652344,137.66928100585938,124.36000061035156,98.3900146484375,10.149999618530273
2017-09-19,3924.969970703125,218.33372497558594,137.90577697753906,124.62000274658203,98.14818572998047,10.180000305175781
2017-09-20,3905.949951171875,218.41229248046875,137.48013305664062,123.62000274658203,98.21842956542969,9.779999732971191
2017-09-21,3631.0400390625,217.8271026611328,136.63827514648438,122.68000030517578,98.16377258300781,9.670000076293945
2017-09-22,3630.699951171875,217.87074279785156,136.5059051513672,123.23999786376953,98.44461059570312,9.59000015258789
2017-09-25,3926.070068359375,217.42535400390625,135.0681610107422,124.52999877929688,99.06084442138672,10.210000038146973
2017-09-26,3892.35009765625,217.55636596679688,135.4181365966797,123.13999938964844,98.88146209716797,10.170000076293945
2017-09-27,4200.669921875,218.40357971191406,136.63827514648438,121.9800033569336,97.39153289794922,9.869999885559082
2017-09-28,4174.72998046875,218.66561889648438,136.59100341796875,122.20999908447266,97.10289764404297,9.550000190734863
2017-09-29,4163.06982421875,219.4342041015625,137.57470703125,121.58000183105469,97.32133483886719,9.510000228881836
2017-10-02,4409.31982421875,220.38629150390625,137.69764709472656,120.7699966430664,97.1430892944336,9.449999809265137
2017-10-03,4317.47998046875,220.85792541503906,137.99081420898438,120.83000183105469,97.23690795898438,9.510000228881836
2017-10-04,4229.35986328125,221.1199951171875,138.12330627441406,121.16999816894531,97.2447509765625,9.630000114440918
2017-10-05,4328.41015625,222.43014526367188,139.47586059570312,120.5199966430664,96.8773422241211,9.1899995803833
2017-10-06,4370.81005859375,222.17678833007812,139.6650390625,121.08999633789062,96.603759765625,9.649999618530273
2017-10-09,4772.02001953125,221.8099822998047,139.5042266845703,122.08000183105469,96.90863037109375,10.329999923706055
2017-10-10,4781.990234375,222.3951416015625,139.6083221435547,122.4000015258789,97.06491088867188,10.079999923706055
2017-10-11,4826.47998046875,222.74453735351562,140.02442932128906,122.79000091552734,97.25255584716797,9.850000381469727
2017-10-12,5446.91015625,222.4126434326172,139.76907348632812,122.88999938964844,97.66681671142578,9.90999984741211
2017-10-13,5647.2099609375,222.68344116210938,140.30824279785156,123.81999969482422,98.37029266357422,9.609999656677246
2017-10-16,5725.58984375,222.98040771484375,140.79061889648438,122.97000122070312,98.29993438720703,9.90999984741211
2017-10-17,5605.509765625,223.13763427734375,140.97036743164062,122.12999725341797,98.42501831054688,10.3100004196167
2017-10-18,5590.68994140625,223.35598754882812,140.80003356933594,121.66999816894531,97.77618408203125,10.069999694824219
2017-10-19,5708.52001953125,223.41709899902344,140.27981567382812,122.38999938964844,97.94819641113281,10.050000190734863
2017-10-20,6011.4501953125,224.5700225830078,140.65818786621094,121.61000061035156,96.90863037109375,9.970000267028809
2017-10-23,5930.31982421875,223.69659423828125,139.74070739746094,121.80000305175781,97.08057403564453,11.069999694824219
2017-10-24,5526.64013671875,224.08963012695312,139.97715759277344,121.33000183105469,96.47869873046875,11.15999984741211
2017-10-25,5750.7998046875,222.98040771484375,139.44747924804688,121.3499984741211,96.01751708984375,11.229999542236328
2017-10-26,5904.830078125,223.26861572265625,139.0029754638672,120.33000183105469,95.69701385498047,11.300000190734863
2017-10-27,5780.89990234375,225.09408569335938,143.0512237548828,120.9000015258789,96.33018493652344,9.800000190734863
2017-10-30,6130.52978515625,224.25559997558594,143.37281799316406,121.12999725341797,97.25255584716797,10.5
2017-10-31,6468.39990234375,224.60498046875,143.91195678710938,120.66999816894531,97.2838134765625,10.180000305175781
2017-11-01,6767.31005859375,224.90196228027344,143.8646240234375,121.11000061035156,97.71697235107422,10.199999809265137
2017-11-02,7078.5,224.98928833007812,143.59036254882812,121.19000244140625,98.14775848388672,9.930000305175781
2017-11-03,7207.759765625,225.740478515625,144.9713134765625,120.62000274658203,98.41411590576172,9.140000343322754
2017-11-06,7022.759765625,226.08984375,145.46316528320312,121.6500015258789,98.7822494506836,9.399999618530273
2017-11-07,7144.3798828125,225.9326171875,145.54827880859375,121.20999908447266,99.19737243652344,9.890000343322754
2017-11-08,7459.68994140625,226.31692504882812,146.1346893310547,121.62999725341797,98.9780502319336,9.779999732971191
2017-11-09,7143.580078125,225.495849609375,145.36854553222656,122.12999725341797,98.69606018066406,10.5
2017-11-10,6618.14013671875,225.42596435546875,145.359130859375,121.12999725341797,97.20783233642578,11.289999961853027
2017-11-13,6559.490234375,225.63565063476562,145.53883361816406,121.30999755859375,97.41148376464844,11.5
2017-11-14,6635.75,225.111572265625,145.00909423828125,121.55999755859375,98.06944274902344,11.59000015258789
2017-11-15,7315.5400390625,223.98484802246094,144.32806396484375,121.41000366210938,99.13473510742188,13.130000114440918
2017-11-16,7871.68994140625,225.88894653320312,146.1725616455078,121.4000015258789,98.2730941772461,11.760000228881836
2017-11-17,7708.990234375,225.22509765625,145.614501953125,122.86000061035156,99.00159454345703,11.430000305175781
2017-11-20,8200.6396484375,225.6094207763672,145.50094604492188,121.30999755859375,98.96241760253906,10.649999618530273
2017-11-21,8071.259765625,227.08560180664062,147.08055114746094,121.51000213623047,99.2757339477539,9.729999542236328
2017-11-22,8253.5498046875,226.88467407226562,147.26026916503906,122.62999725341797,99.59687805175781,9.880000114440918
2017-11-24,8253.6904296875,227.40872192382812,147.79940795898438,122.31999969482422,99.32274627685547,9.670000076293945
2017-11-27,9818.349609375,227.29515075683594,147.7332305908203,122.83000183105469,99.1817398071289,9.869999885559082
2017-11-28,10058.7998046875,229.60108947753906,148.1115264892578,122.80999755859375,99.31488800048828,10.029999732971191
2017-11-29,9888.6103515625,229.46131896972656,145.5293426513672,122.04000091552734,98.33576202392578,10.699999809265137
2017-11-30,10233.599609375,231.47027587890625,146.74949645996094,121.0999984741211,98.00679779052734,11.279999732971191
2017-12-01,10975.599609375,230.98980712890625,146.12521362304688,121.58999633789062,99.3293685913086,11.430000305175781
2017-12-04,11657.2001953125,230.7103271484375,144.44161987304688,121.18000030517578,99.3764419555664,11.680000305175781
2017-12-05,11916.7001953125,229.8805389404297,144.5362091064453,120.31999969482422,99.87094116210938,11.329999923706055
2017-12-06,14291.5,229.9242706298828,145.18885803222656,120.06999969482422,100.21627044677734,11.020000457763672
2017-12-07,17899.69921875,230.6492156982422,145.68075561523438,118.48999786376953,99.4314193725586,10.15999984741211
2017-12-08,16569.400390625,231.906982421875,146.32386779785156,118.4800033569336,99.43925476074219,9.579999923706055
2017-12-11,16936.80078125,232.605712890625,147.45889282226562,118.01000213623047,99.23514556884766,9.34000015258789
2017-12-12,17415.400390625,233.01625061035156,147.26026916503906,118.1500015258789,99.19591522216797,9.920000076293945
2017-12-13,16408.19921875,232.9900360107422,147.5440216064453,119.16999816894531,99.94153594970703,10.180000305175781
2017-12-14,16564.0,232.0380401611328,147.44000244140625,118.93000030517578,100.36537170410156,10.489999771118164
2017-12-15,17706.900390625,233.97023010253906,149.1141357421875,119.18000030517578,100.74220275878906,9.420000076293945
2017-12-18,19114.19921875,235.45391845703125,150.3643035888672,119.7300033569336,99.8238525390625,9.529999732971191
2017-12-19,17776.69921875,234.5496826171875,149.47335815429688,119.81999969482422,98.52873992919922,10.029999732971191
2017-12-20,16624.599609375,234.42674255371094,149.31222534179688,120.13999938964844,97.43773651123047,9.720000267028809
2017-12-21,15802.900390625,234.9095916748047,149.33120727539062,120.30999755859375,98.00560760498047,9.619999885559082
2017-12-22,13831.7998046875,234.8480987548828,149.16053771972656,120.94000244140625,98.13935852050781,9.899999618530273
2017-12-26,16099.7998046875,234.5671844482422,148.3549346923828,121.7699966430664,98.43037414550781,10.25
2017-12-27,15838.5,234.68133544921875,148.3738555908203,122.2300033569336,99.71247100830078,10.470000267028809
2017-12-28,14606.5,235.16419982910156,148.55393981933594,122.8499984741211,99.62593078613281,10.180000305175781
2017-12-29,14656.2001953125,234.27752685546875,147.6345672607422,123.6500015258789,99.78328704833984,11.039999961853027
2018-01-02,14982.099609375,235.95425415039062,150.22215270996094,125.1500015258789,98.70567321777344,9.770000457763672
2018-01-03,15201.0,237.44679260253906,151.68182373046875,124.81999969482422,99.17758178710938,9.149999618530273
2018-01-04,15599.2001953125,238.447509765625,151.94723510742188,125.45999908447266,99.16188049316406,9.220000267028809
2018-01-05,17429.5,240.03659057617188,153.4731903076172,125.33000183105469,98.87870025634766,9.220000267028809
2018-01-08,15170.099609375,240.47547912597656,154.07032775878906,125.30999755859375,98.81578826904297,9.520000457763672
2018-01-09,14595.400390625,241.01988220214844,154.07980346679688,124.7300033569336,97.49433135986328,10.079999923706055
2018-01-10,14973.2998046875,240.65097045898438,153.7196807861328,125.02999877929688,97.37633514404297,9.819999694824219
2018-01-11,13405.7998046875,242.40695190429688,154.77174377441406,125.44000244140625,97.77753448486328,9.880000114440918
2018-01-12,13980.599609375,243.98703002929688,155.90914916992188,126.95999908447266,97.94271087646484,10.15999984741211
2018-01-16,11490.5,243.15316772460938,155.4636688232422,127.16999816894531,98.3517074584961,11.65999984741211
2018-01-17,11188.599609375,245.4707489013672,157.14132690429688,126.13999938964844,98.21800994873047,11.90999984741211
2018-01-18,11474.900390625,245.05816650390625,157.1697540283203,125.86000061035156,97.30561828613281,12.220000267028809
2018-01-19,11607.400390625,246.17308044433594,157.6626434326172,126.41999816894531,96.7943344116211,11.270000457763672
2018-01-22,10931.400390625,248.1746826171875,159.34974670410156,126.6500015258789,96.8886947631836,11.029999732971191
2018-01-23,10868.400390625,248.70144653320312,160.667236328125,127.27999877929688,97.30561828613281,11.100000381469727
2018-01-24,11359.400390625,248.6049041748047,159.6246337890625,128.8300018310547,96.77860260009766,11.470000267028809
2018-01-25,11259.400390625,248.71017456054688,159.56776428222656,127.97000122070312,97.57300567626953,11.579999923706055
2018-01-26,11171.400390625,251.5897216796875,162.01318359375,128.07000732421875,97.21118927001953,11.079999923706055
2018-01-29,11296.400390625,249.92172241210938,161.22645568847656,127.3499984741211,96.53473663330078,13.84000015258789
2018-01-30,10106.2998046875,247.35826110839844,159.8995361328125,126.80000305175781,95.96839904785156,14.789999961853027
2018-01-31,10221.099609375,247.481201171875,160.56297302246094,127.6500015258789,96.53473663330078,13.539999961853027
2018-02-01,9170.5400390625,247.20025634765625,159.19813537597656,128.07000732421875,95.13569641113281,13.470000267028809
2018-02-02,8830.75,241.81869506835938,156.0229034423828,126.38999938964844,94.25288391113281,17.309999465942383
2018-02-05,6955.27001953125,231.7052764892578,149.87144470214844,126.70999908447266,95.14359283447266,37.31999969482422
2018-02-06,7754.0,236.27037048339844,153.8428955078125,125.37999725341797,94.55242156982422,29.979999542236328
2018-02-07,7621.2998046875,234.9886016845703,151.8524169921875,124.79000091552734,93.65389251708984,27.729999542236328
2018-02-08,8265.58984375,226.1744384765625,145.44503784179688,124.9800033569336,93.5514144897461,33.459999084472656
2018-02-09,8736.98046875,229.5719451904297,147.9568328857422,124.7699966430664,92.96025085449219,29.059999465942383
2018-02-12,8926.5703125,232.9430694580078,150.5823211669922,125.37000274658203,93.3701171875,25.610000610351562
2018-02-13,8598.3095703125,233.5225067138672,151.3595428466797,126.08000183105469,93.78788757324219,24.969999313354492
2018-02-14,9494.6298828125,236.6741943359375,154.19357299804688,128.22999572753906,92.74745178222656,19.260000228881836
2018-02-15,10166.400390625,239.69418334960938,157.05604553222656,128.3800048828125,93.06275177001953,19.1299991607666
2018-02-16,10233.900390625,239.7643280029297,156.35464477539062,127.95999908447266,93.56716918945312,19.459999084472656
2018-02-20,11403.7001953125,238.26319885253906,156.66738891601562,126.23999786376953,93.15731811523438,20.600000381469727
2018-02-21,10690.400390625,237.07798767089844,156.221923828125,125.66000366210938,92.01444244384766,20.020000457763672
2018-02-22,10005.0,237.3852996826172,156.2030029296875,126.30000305175781,92.29031372070312,18.719999313354492
2018-02-23,10301.099609375,241.16905212402344,159.39718627929688,126.13999938964844,93.11005401611328,16.489999771118164
2018-02-26,10366.7001953125,243.96949768066406,161.5108184814453,126.44999694824219,93.14158630371094,15.800000190734863
2018-02-27,10725.599609375,240.92320251464844,159.51089477539062,125.12999725341797,93.00753021240234,18.59000015258789
2018-02-28,10397.900390625,238.48263549804688,158.48728942871094,125.0,93.59869384765625,19.850000381469727
2018-03-01,10951.0,235.0149383544922,155.89962768554688,124.72000122070312,94.23763275146484,22.469999313354492
2018-03-02,11086.400390625,236.2263641357422,157.33091735839844,125.38999938964844,93.4715576171875,19.59000015258789
2018-03-05,11573.2998046875,238.95672607421875,159.074951171875,125.18000030517578,93.21878051757812,18.729999542236328
2018-03-06,10779.900390625,239.5624542236328,159.74790954589844,126.52999877929688,93.30567169189453,18.360000610351562
2018-03-07,9965.5703125,239.47459411621094,160.11752319335938,125.72000122070312,93.20304107666016,17.760000228881836
2018-03-08,9395.009765625,240.63351440429688,160.99896240234375,125.41999816894531,93.7401123046875,16.540000915527344
2018-03-09,9337.5498046875,244.82110595703125,164.12684631347656,125.54000091552734,93.12403106689453,14.640000343322754
2018-03-12,9205.1201171875,244.51382446289062,164.99887084960938,125.54000091552734,93.66112518310547,15.779999732971191
2018-03-13,9194.849609375,242.93365478515625,162.7525177001953,125.77999877929688,94.1349868774414,16.350000381469727
2018-03-14,8269.8095703125,241.68701171875,162.72406005859375,125.69999694824219,94.96424102783203,17.229999542236328
2018-03-15,8300.8603515625,241.42364501953125,162.5819549560547,124.9000015258789,94.96424102783203,16.59000015258789
2018-03-16,8338.349609375,241.68536376953125,162.0985107421875,124.5999984741211,94.62466430664062,15.800000190734863
2018-03-19,8630.650390625,238.41537475585938,158.6399688720703,124.87000274658203,94.32450866699219,19.020000457763672
2018-03-20,8913.4697265625,238.82078552246094,159.162109375,124.30999755859375,93.94544982910156,18.200000762939453
2018-03-21,8929.2802734375,238.362548828125,158.4690399169922,126.4800033569336,94.04810333251953,17.860000610351562
2018-03-22,8728.4697265625,232.4040985107422,154.5576629638672,125.9800033569336,94.98004913330078,23.34000015258789
2018-03-23,8879.6201171875,227.450439453125,150.48484802246094,127.61000061035156,94.90897369384766,24.8700008392334
2018-03-26,8209.400390625,233.67330932617188,156.07664489746094,128.27999877929688,94.54568481445312,21.030000686645508
2018-03-27,7833.0400390625,229.69810485839844,151.02601623535156,127.48999786376953,95.55659484863281,22.5
2018-03-28,7954.47998046875,229.0194091796875,149.28863525390625,125.7300033569336,95.80935668945312,22.8700008392334
2018-03-29,7165.7001953125,231.94577026367188,152.0228271484375,125.79000091552734,96.2752914428711,19.969999313354492
2018-04-02,7083.7998046875,226.93930053710938,147.63674926757812,127.26000213623047,96.46522521972656,23.6200008392334
2018-04-03,7456.10986328125,229.8479461669922,149.2981414794922,126.30000305175781,95.72126007080078,21.100000381469727
2018-04-04,6853.83984375,232.30711364746094,151.65261840820312,126.44999694824219,95.52340698242188,20.059999465942383
2018-04-05,6811.47021484375,234.1405029296875,152.51651000976562,125.80000305175781,94.81106567382812,18.940000534057617
2018-04-06,6636.31982421875,228.92245483398438,148.7000274658203,126.38999938964844,95.84791564941406,21.489999771118164
2018-04-09,6770.72998046875,230.05067443847656,149.74429321289062,126.81999969482422,96.0062255859375,21.770000457763672
2018-04-10,6834.759765625,233.70852661132812,153.04815673828125,127.12000274658203,95.83207702636719,20.469999313354492
2018-04-11,6968.31982421875,232.48338317871094,152.1652374267578,128.11000061035156,96.17241668701172,20.239999771118164
2018-04-12,7889.25,234.39601135253906,153.99755859375,126.62000274658203,95.468017578125,18.489999771118164
2018-04-13,7895.9599609375,233.70852661132812,153.2000274658203,127.44999694824219,95.6895980834961,17.40999984741211
2018-04-16,8058.669921875,235.63003540039062,154.36776733398438,127.62999725341797,95.72126007080078,16.559999465942383
2018-04-17,7902.08984375,238.15090942382812,157.6905517578125,127.75,95.98242950439453,15.25
2018-04-18,8163.419921875,238.32723999023438,158.01333618164062,127.8499984741211,95.21476745605469,15.600000381469727
2018-04-19,8294.3095703125,237.005126953125,156.5607452392578,127.5999984741211,94.43905639648438,15.960000038146973
2018-04-20,8845.830078125,234.9954376220703,154.08299255371094,126.62999725341797,93.75839233398438,16.8799991607666
2018-04-23,8930.8798828125,234.960205078125,153.69371032714844,125.62000274658203,93.7821273803711,16.34000015258789
2018-04-24,9697.5,231.79592895507812,150.4374237060547,126.2300033569336,93.35478210449219,18.020000457763672
2018-04-25,8845.740234375,232.3688201904297,150.61773681640625,125.41000366210938,92.72949981689453,17.84000015258789
2018-04-26,9281.509765625,234.73095703125,153.78863525390625,124.97000122070312,93.37852478027344,16.239999771118164
2018-04-27,8987.0498046875,234.9514617919922,153.88356018066406,125.5,94.09877014160156,15.40999984741211
2018-04-30,9240.5498046875,233.14450073242188,152.7917938232422,124.58999633789062,94.26496887207031,15.930000305175781
2018-05-01,9119.009765625,233.5587158203125,154.53868103027344,123.70999908447266,93.92547607421875,15.489999771118164
2018-05-02,9235.919921875,231.9898681640625,153.6272430419922,123.6500015258789,93.82238006591797,15.970000267028809
2018-05-03,9743.8603515625,231.47862243652344,153.60829162597656,124.27999877929688,94.24273681640625,15.899999618530273
2018-05-04,9700.759765625,234.4754180908203,156.5228729248047,124.54000091552734,94.38554382324219,14.770000457763672
2018-05-07,9373.009765625,235.26870727539062,157.82347106933594,124.56999969482422,94.23481750488281,14.75
2018-05-08,9234.8203125,235.26870727539062,157.66209411621094,124.58999633789062,94.1475601196289,14.710000038146973
2018-05-09,9325.1796875,237.54275512695312,159.38046264648438,124.33000183105469,93.58440399169922,13.420000076293945
2018-05-10,9043.9404296875,239.76385498046875,161.03231811523438,125.18000030517578,94.337890625,13.229999542236328
2018-05-11,8441.490234375,240.4954833984375,160.8804473876953,125.0,94.5759048461914,12.649999618530273
2018-05-14,8716.7900390625,240.610107421875,161.15579223632812,124.48999786376953,94.07616424560547,12.930000305175781
2018-05-15,8510.3798828125,238.9530487060547,159.3709259033203,122.4800033569336,93.00530242919922,14.630000114440918
2018-05-16,8368.830078125,239.95779418945312,160.4247589111328,122.29000091552734,92.64835357666016,13.420000076293945
2018-05-17,8094.31982421875,239.7550811767578,159.80763244628906,122.36000061035156,92.18035888671875,13.430000305175781
2018-05-18,8250.9697265625,239.1556854248047,158.98178100585938,122.41000366210938,92.97360229492188,13.420000076293945
2018-05-21,8418.990234375,240.953857421875,159.87413024902344,122.4800033569336,93.02119445800781,13.079999923706055
2018-05-22,8041.77978515625,240.28399658203125,159.66526794433594,122.41000366210938,92.87837219238281,13.220000267028809
2018-05-23,7557.81982421875,240.945068359375,161.0133819580078,122.54000091552734,93.55265808105469,12.579999923706055
2018-05-24,7587.33984375,240.451416015625,160.9658966064453,123.58999633789062,94.29828643798828,12.529999732971191
2018-05-25,7480.14013671875,239.8785400390625,161.12725830078125,123.20999908447266,94.8852310180664,13.220000267028809
2018-05-29,7472.58984375,237.11964416503906,160.41529846191406,123.19000244140625,96.9634780883789,17.020000457763672
2018-05-30,7406.52001953125,240.28399658203125,161.56398010253906,123.37000274658203,96.31309509277344,14.9399995803833
2018-05-31,7494.169921875,238.8120574951172,161.45960998535156,123.0999984741211,96.15438079833984,15.430000305175781
2018-06-01,7541.4501953125,241.1565704345703,163.994384765625,122.48999786376953,95.64640045166016,13.460000038146973
2018-06-04,7514.47021484375,242.30238342285156,165.47544860839844,122.37000274658203,94.95463562011719,12.739999771118164
2018-06-05,7633.759765625,242.4787139892578,165.9880828857422,122.8499984741211,95.1772689819336,12.399999618530273
2018-06-06,7653.97998046875,244.50596618652344,166.9564666748047,122.91999816894531,94.40611267089844,11.640000343322754
2018-06-07,7678.240234375,244.4795379638672,165.5988311767578,122.86000061035156,95.32042694091797,12.130000114440918
2018-06-08,7624.919921875,245.20230102539062,165.60836791992188,123.01000213623047,95.03422546386719,12.180000305175781
2018-06-11,6906.919921875,245.52841186523438,166.05453491210938,123.2300033569336,94.85923767089844,12.350000381469727
2018-06-12,6582.35986328125,245.84567260742188,166.92791748046875,122.81999969482422,94.88311004638672,12.34000015258789
2018-06-13,6349.89990234375,245.06121826171875,166.91851806640625,123.19000244140625,94.83541107177734,12.9399995803833
2018-06-14,6675.35009765625,245.67831420898438,168.60833740234375,123.37999725341797,95.62249755859375,12.119999885559082
2018-06-15,6456.580078125,245.36485290527344,168.01971435546875,121.33999633789062,95.70999145507812,11.979999542236328
2018-06-18,6734.81982421875,244.86019897460938,167.9226531982422,121.11000061035156,95.62249755859375,12.3100004196167
2018-06-19,6769.93994140625,243.92169189453125,167.4469757080078,120.80000305175781,96.17906951904297,13.350000381469727
2018-06-20,6776.5498046875,244.33770751953125,168.63624572753906,120.26000213623047,95.33629608154297,12.789999961853027
2018-06-21,6729.740234375,242.8060302734375,167.17108154296875,120.05000305175781,95.83717346191406,14.640000343322754
2018-06-22,6083.68994140625,243.24880981445312,166.800048828125,120.33999633789062,95.8292236328125,13.770000457763672
2018-06-25,6249.18017578125,239.93751525878906,163.04196166992188,119.88999938964844,96.04387664794922,17.329999923706055
2018-06-26,6093.669921875,240.4687042236328,163.7079315185547,119.26000213623047,96.17906951904297,15.920000076293945
2018-06-27,6157.1298828125,238.47659301757812,161.48167419433594,118.58000183105469,97.0854263305664,17.90999984741211
2018-06-28,5903.43994140625,239.8400115966797,162.8707733154297,118.22000122070312,97.10929870605469,16.850000381469727
2018-06-29,6218.2998046875,240.18539428710938,163.308349609375,118.6500015258789,96.77537536621094,16.09000015258789
2018-07-02,6614.18017578125,240.69886779785156,164.4024658203125,117.45999908447266,96.69961547851562,15.600000381469727
2018-07-03,6529.58984375,239.8488311767578,162.49964904785156,118.6500015258789,97.2176284790039,16.139999389648438
2018-07-05,6639.14013671875,241.80563354492188,164.5166473388672,119.05000305175781,97.49652099609375,14.970000267028809
2018-07-06,6673.5,243.85086059570312,167.075927734375,118.86000061035156,97.81523895263672,13.369999885559082
2018-07-09,6741.75,246.04656982421875,168.5791778564453,119.1500015258789,97.18570709228516,12.6899995803833
2018-07-10,6329.9501953125,246.9319305419922,168.70281982421875,118.93000030517578,97.17776489257812,12.640000343322754
2018-07-11,6394.7099609375,245.12576293945312,167.84654235839844,117.63999938964844,97.5522689819336,13.630000114440918
2018-07-12,6228.81005859375,247.34812927246094,170.73887634277344,118.12999725341797,97.54432678222656,12.579999923706055
2018-07-13,6238.0498046875,247.54287719726562,170.88153076171875,117.61000061035156,97.79137420654297,12.180000305175781
2018-07-16,6741.75,247.321533203125,170.47244262695312,117.55000305175781,97.38494873046875,12.829999923706055
2018-07-17,7321.0400390625,248.3219757080078,171.5094451904297,116.27999877929688,97.20167541503906,12.0600004196167
2018-07-18,7370.77978515625,248.84437561035156,171.18600463867188,116.30999755859375,96.81121826171875,12.100000381469727
2018-07-19,7466.85986328125,247.90589904785156,170.3297576904297,115.80999755859375,97.42481994628906,12.869999885559082
2018-07-20,7354.1298828125,247.62254333496094,170.2916259765625,116.55999755859375,96.22947692871094,12.859999656677246
2018-07-23,7711.10986328125,248.0830078125,170.83395385742188,116.0,95.04215240478516,12.619999885559082
2018-07-24,8424.26953125,249.33132934570312,171.53805541992188,116.04000091552734,95.36888885498047,12.40999984741211
2018-07-25,8181.39013671875,251.45631408691406,173.93553161621094,116.68000030517578,95.21749114990234,12.289999961853027
2018-07-26,7951.580078125,250.86297607421875,171.30015563964844,115.7699966430664,95.03426361083984,12.140000343322754
2018-07-27,8165.009765625,249.16311645507812,168.98828125,115.83000183105469,95.19356536865234,13.029999732971191
2018-07-30,8180.47998046875,247.86158752441406,166.6002197265625,115.6500015258789,94.86687469482422,14.260000228881836
2018-07-31,7780.43994140625,249.08346557617188,167.87510681152344,115.98999786376953,95.38481140136719,12.829999923706055
2018-08-01,7624.91015625,248.66725158691406,168.51251220703125,115.13999938964844,94.60774230957031,13.149999618530273
2018-08-02,7567.14990234375,250.02195739746094,170.80543518066406,114.5199966430664,94.74351501464844,12.1899995803833
2018-08-03,7434.39013671875,251.0931854248047,171.32870483398438,114.91999816894531,95.21472930908203,11.640000343322754
2018-08-06,6951.7998046875,252.01400756835938,172.3372039794922,114.33000183105469,95.2706069946289,11.270000457763672
2018-08-07,6753.1201171875,252.84622192382812,172.965087890625,114.58999633789062,94.77546691894531,10.930000305175781
2018-08-08,6305.7998046875,252.74005126953125,173.17445373535156,114.91000366210938,94.87130737304688,10.850000381469727
2018-08-09,6568.22998046875,252.39471435546875,173.0697784423828,114.73999786376953,95.66995239257812,11.270000457763672
2018-08-10,6184.7099609375,250.7036590576172,171.74734497070312,114.69000244140625,96.36476135253906,13.15999984741211
2018-08-13,6297.56982421875,249.7652587890625,171.55706787109375,112.95999908447266,96.16511535644531,14.779999732971191
2018-08-14,6199.7099609375,251.35882568359375,172.6321258544922,113.06999969482422,95.9494857788086,13.3100004196167
2018-08-15,6308.52001953125,249.48182678222656,170.52000427246094,111.19000244140625,96.50849914550781,14.640000343322754
2018-08-16,6334.72998046875,251.50048828125,171.08132934570312,111.0999984741211,96.50053405761719,13.449999809265137
2018-08-17,6580.6298828125,252.3858642578125,171.119384765625,112.12999725341797,96.62036895751953,12.640000343322754
2018-08-20,6308.52978515625,252.92588806152344,170.96717834472656,112.69000244140625,97.2672348022461,12.489999771118164
2018-08-21,6488.759765625,253.51922607421875,171.5950927734375,113.0199966430664,96.9397964477539,12.859999656677246
2018-08-22,6376.7099609375,253.36863708496094,172.26107788085938,113.2699966430664,97.32315063476562,12.25
2018-08-23,6534.8798828125,253.03221130371094,172.01373291015625,112.19999694824219,97.47490692138672,12.40999984741211
2018-08-24,6719.9599609375,254.55511474609375,173.61209106445312,114.16000366210938,97.66655731201172,11.989999771118164
2018-08-27,6884.64013671875,256.5647888183594,175.38168334960938,114.58999633789062,97.10751342773438,12.15999984741211
2018-08-28,7096.27978515625,256.6888732910156,175.6385498046875,113.68000030517578,96.52454376220703,12.5
2018-08-29,7047.16015625,258.07000732421875,177.66505432128906,114.19999694824219,96.65227508544922,12.25
2018-08-30,6978.22998046875,257.0252380371094,177.35104370117188,113.63999938964844,96.85990905761719,13.529999732971191
2018-08-31,7037.580078125,257.0340576171875,177.5793914794922,113.51000213623047,96.63629913330078,12.859999656677246
2018-09-04,7361.66015625,256.5914001464844,176.81832885742188,112.93000030517578,96.07756805419922,13.15999984741211
2018-09-05,6792.830078125,255.9009246826172,174.53492736816406,113.31999969482422,95.8214111328125,13.90999984741211
2018-09-06,6529.169921875,255.13055419921875,172.97463989257812,113.54000091552734,96.17366027832031,14.649999618530273
2018-09-07,6467.06982421875,254.634765625,172.3086700439453,113.2300033569336,95.35716247558594,14.880000114440918
2018-09-10,6329.7001953125,255.07742309570312,172.88900756835938,113.1500015258789,95.70939636230469,14.15999984741211
2018-09-11,6321.2001953125,255.91851806640625,174.220947265625,113.22000122070312,94.98094940185547,13.220000267028809
2018-09-12,6351.7998046875,255.98048400878906,173.7071990966797,114.16999816894531,95.2051010131836,13.140000343322754
2018-09-13,6517.31005859375,257.4945983886719,175.5624542236328,113.76000213623047,95.34919738769531,12.369999885559082
2018-09-14,6512.7099609375,257.538818359375,175.04869079589844,113.0199966430664,94.89292907714844,12.069999694824219
2018-09-17,6281.2001953125,256.17529296875,172.5274658203125,113.61000061035156,94.89292907714844,13.680000305175781
2018-09-18,6371.2998046875,257.56536865234375,173.95458984375,113.44000244140625,93.90036010742188,12.789999961853027
2018-09-19,6398.5400390625,257.8398742675781,173.82135009765625,113.87999725341797,93.3400650024414,11.75
2018-09-20,6519.669921875,259.9292907714844,175.7432403564453,114.2699966430664,93.77229309082031,11.800000190734863
2018-09-21,6734.9501953125,259.69183349609375,174.78231811523438,113.48999786376953,93.73228454589844,11.680000305175781
2018-09-24,6595.41015625,258.8291015625,175.26837158203125,113.47000122070312,93.49214935302734,12.199999809265137
2018-09-25,6446.47021484375,258.58905029296875,175.5066680908203,113.6500015258789,93.39606475830078,12.420000076293945
2018-09-26,6495.0,257.8152160644531,175.6305694580078,113.05000305175781,94.052490234375,12.890000343322754
2018-09-27,6676.75,258.53570556640625,177.11746215820312,112.05000305175781,94.11646270751953,12.40999984741211
2018-09-28,6644.1298828125,258.5622863769531,177.079345703125,112.76000213623047,93.86835479736328,12.119999885559082
2018-10-01,6589.6201171875,259.4605407714844,177.44149780273438,112.56999969482422,93.17923736572266,12.0
2018-10-02,6556.10009765625,259.30938720703125,177.0411834716797,113.87000274658203,93.74881744384766,12.050000190734863
2018-10-03,6502.58984375,259.4516906738281,177.2318115234375,113.41999816894531,92.12029266357422,11.609999656677246
2018-10-04,6576.68994140625,257.42388916015625,173.82920837402344,113.4800033569336,91.4704818725586,14.220000267028809
2018-10-05,6622.47998046875,255.98312377929688,171.70376586914062,113.80000305175781,90.68431091308594,14.819999694824219
2018-10-08,6652.22998046875,255.98312377929688,170.65528869628906,112.54000091552734,90.37944030761719,15.6899995803833
2018-10-09,6642.64013671875,255.60951232910156,171.2080841064453,112.5999984741211,91.29400634765625,15.949999809265137
2018-10-10,6585.52978515625,247.5161590576172,163.6785125732422,112.87999725341797,91.0453109741211,22.959999084472656
2018-10-11,6256.240234375,242.06423950195312,161.64837646484375,115.77999877929688,92.15242767333984,24.979999542236328
2018-10-12,6274.580078125,245.42608642578125,166.1470489501953,115.2300033569336,91.83146667480469,21.309999465942383
2018-10-15,6596.5400390625,244.04754638671875,164.135986328125,116.0,91.7913818359375,21.299999237060547
2018-10-16,6596.10986328125,249.38385009765625,168.91111755371094,115.80000305175781,91.99994659423828,17.6200008392334
2018-10-17,6544.43017578125,249.4282989501953,168.9778289794922,115.79000091552734,91.45442199707031,17.399999618530273
2018-10-18,6476.7099609375,245.82630920410156,165.060546875,115.91999816894531,91.42235565185547,20.059999465942383
2018-10-19,6465.41015625,245.69284057617188,164.90802001953125,116.01000213623047,91.22177124023438,19.889999389648438
2018-10-22,6487.16015625,244.59017944335938,165.75628662109375,115.70999908447266,91.10147094726562,19.639999389648438
2018-10-23,6475.740234375,243.34494018554688,165.1462860107422,116.38999938964844,91.39025115966797,20.709999084472656
2018-10-24,6495.83984375,235.97190856933594,157.58810424804688,116.66000366210938,92.0801773071289,25.229999542236328
2018-10-25,6476.2900390625,240.2053680419922,163.03993225097656,116.4000015258789,91.69510650634766,24.219999313354492
2018-10-26,6474.75,235.9807891845703,158.84616088867188,116.7699966430664,92.2486572265625,24.15999984741211
2018-10-29,6332.6298828125,234.67337036132812,155.57701110839844,116.30999755859375,92.0400619506836,24.700000762939453
2018-10-30,6334.27001953125,238.1510009765625,158.14089965820312,115.80000305175781,91.58280181884766,23.350000381469727
2018-10-31,6317.60986328125,240.69448852539062,161.85806274414062,115.1500015258789,91.11747741699219,21.229999542236328
2018-11-01,6377.77978515625,243.2559356689453,163.9930419921875,116.62999725341797,91.20194244384766,19.34000015258789
2018-11-02,6388.43994140625,241.815185546875,161.43869018554688,116.6500015258789,90.06805419921875,19.510000228881836
2018-11-05,6419.66015625,243.14927673339844,161.0384063720703,116.37000274658203,90.42186737060547,19.959999084472656
2018-11-06,6461.009765625,244.68788146972656,162.2583465576172,116.04000091552734,90.3656005859375,19.90999984741211
2018-11-07,6530.14013671875,249.9263916015625,167.3480224609375,116.02999877929688,90.48623657226562,16.360000610351562
2018-11-08,6453.72021484375,249.4728240966797,166.28053283691406,115.77999877929688,90.47821044921875,16.719999313354492
2018-11-09,6385.6201171875,247.03587341308594,163.4783477783203,114.4800033569336,91.15369415283203,17.360000610351562
2018-11-12,6371.27001953125,242.41995239257812,158.5316925048828,113.66000366210938,91.748779296875,20.450000762939453
2018-11-13,6359.490234375,241.9663543701172,158.6651153564453,113.69999694824219,91.69249725341797,20.020000457763672
2018-11-14,5738.35009765625,240.3121337890625,157.45465087890625,114.63999938964844,91.748779296875,21.25
2018-11-15,5648.02978515625,242.82017517089844,160.20913696289062,114.7699966430664,91.70856475830078,19.979999542236328
2018-11-16,5575.5498046875,243.45166015625,159.64686584472656,115.62000274658203,92.23933410644531,18.139999389648438
2018-11-19,4871.490234375,239.3337860107422,154.46185302734375,115.66999816894531,92.4966812133789,20.100000381469727
2018-11-20,4451.8701171875,234.9046173095703,151.69786071777344,115.66999816894531,92.52886199951172,22.479999542236328
2018-11-21,4602.169921875,235.70504760742188,152.85108947753906,115.86000061035156,92.4966812133789,20.799999237060547
2018-11-23,4347.10986328125,234.130859375,151.7455291748047,115.7699966430664,92.59314727783203,21.520000457763672
2018-11-26,3779.1298828125,237.9107666015625,155.25294494628906,115.63999938964844,92.38409423828125,18.899999618530273
2018-11-27,3820.719970703125,238.71116638183594,155.77716064453125,114.94999694824219,92.48865509033203,19.020000457763672
2018-11-28,4257.419921875,244.20767211914062,160.79058837890625,115.37999725341797,92.03831481933594,18.489999771118164
2018-11-29,4278.8466796875,243.67396545410156,160.266357421875,115.73999786376953,92.4001693725586,18.790000915527344
2018-11-30,4017.2685546875,245.1591796875,161.42913818359375,115.54000091552734,92.7459487915039,18.06999969482422
2018-12-03,3894.130859375,248.40550231933594,164.2504119873047,116.41000366210938,93.4045181274414,16.440000534057617
2018-12-04,3956.893798828125,240.35655212402344,157.95025634765625,117.12000274658203,94.96826171875,20.739999771118164
2018-12-06,3521.101806640625,239.9920196533203,159.06544494628906,117.13999938964844,95.2664794921875,21.190000534057617
2018-12-07,3419.937255859375,234.41552734375,153.81375122070312,118.08999633789062,95.44379425048828,23.229999542236328
2018-12-10,3502.656005859375,234.8602294921875,155.42453002929688,117.68000030517578,95.83875274658203,22.639999389648438
2018-12-11,3424.588134765625,234.91358947753906,155.93922424316406,117.54000091552734,95.82266235351562,21.760000228881836
2018-12-12,3486.9501953125,236.09640502929688,157.31175231933594,117.79000091552734,95.39546203613281,21.459999084472656
2018-12-13,3313.67724609375,236.01638793945312,157.35939025878906,117.52999877929688,95.16974639892578,20.649999618530273
2018-12-14,3242.48486328125,231.65841674804688,153.52780151367188,117.05999755859375,95.500244140625,21.6299991607666
2018-12-17,3545.86474609375,227.11363220214844,150.0489501953125,117.87000274658203,96.05640411376953,24.520000457763672
2018-12-18,3696.05908203125,226.8646240234375,150.9925079345703,118.1500015258789,96.63166809082031,25.579999923706055
2018-12-19,3745.95068359375,223.46713256835938,147.28492736816406,117.43000030517578,97.90824890136719,25.579999923706055
2018-12-20,4134.44140625,219.82955932617188,145.14988708496094,119.23999786376953,97.552734375,28.3799991607666
2018-12-21,3896.543701171875,215.32528686523438,140.65126037597656,118.72000122070312,97.53658294677734,30.110000610351562
2018-12-24,4078.59912109375,209.63584899902344,137.1633758544922,120.0199966430664,98.02136993408203,36.06999969482422
2018-12-26,3857.297607421875,220.2276153564453,145.7277374267578,119.66000366210938,96.97098541259766,30.40999984741211
2018-12-27,3654.83349609375,221.9184112548828,146.29165649414062,120.56999969482422,96.98715209960938,29.959999084472656
2018-12-28,3923.918701171875,221.63211059570312,146.21519470214844,121.05999755859375,97.80323028564453,28.34000015258789
2018-12-31,3742.700439453125,223.57334899902344,147.44822692871094,121.25,98.17485046386719,25.420000076293945
2019-01-02,3943.409423828125,223.80593872070312,148.0408477783203,121.33000183105469,98.69193267822266,23.219999313354492
2019-01-03,3836.7412109375,218.46533203125,143.2042999267578,122.43000030517578,99.81501007080078,25.450000762939453
2019-01-04,3857.717529296875,225.78297424316406,149.3312225341797,121.44000244140625,98.65963745117188,21.3799991607666
2019-01-07,4025.248291015625,227.5631866455078,151.1090545654297,121.86000061035156,98.36878204345703,21.399999618530273
2019-01-08,4030.847900390625,229.70123291015625,152.4759979248047,121.52999877929688,98.11019897460938,20.469999313354492
2019-01-09,4035.29638671875,230.77467346191406,153.7185516357422,122.30999755859375,97.95670318603516,19.979999542236328
2019-01-10,3678.924560546875,231.58885192871094,154.15821838378906,121.58999633789062,97.32649230957031,19.5
2019-01-11,3687.365478515625,231.6782989501953,153.59426879882812,121.80000305175781,97.70623016357422,18.190000534057617
2019-01-14,3706.05224609375,230.2648162841797,152.2370147705078,122.08999633789062,97.34269714355469,19.06999969482422
2019-01-15,3630.67529296875,232.90386962890625,155.20970153808594,121.87999725341797,96.98715209960938,18.600000381469727
2019-01-16,3655.0068359375,233.46743774414062,155.1810302734375,122.2699966430664,97.08412170410156,19.040000915527344
2019-01-17,3678.56396484375,235.2387237548828,156.40447998046875,122.11000061035156,97.10835266113281,18.059999465942383
2019-01-18,3657.83935546875,238.36968994140625,157.95289611816406,121.0199966430664,96.59934997558594,17.799999237060547
2019-01-22,3604.5771484375,235.1492156982422,154.78907775878906,121.44999694824219,97.25379180908203,20.799999237060547
2019-01-23,3585.123046875,235.64125061035156,154.98980712890625,121.27999877929688,97.21337127685547,19.520000457763672
2019-01-24,3600.865478515625,235.7664794921875,155.993408203125,121.08999633789062,97.8516845703125,18.889999389648438
2019-01-25,3599.765869140625,237.76141357421875,157.8573455810547,122.86000061035156,97.383056640625,17.420000076293945
2019-01-28,3470.450439453125,235.95437622070312,155.90737915039062,123.29000091552734,97.28610229492188,18.8700008392334
2019-01-29,3448.116943359375,235.64125061035156,154.4354705810547,123.9800033569336,97.77896118164062,19.1299991607666
2019-01-30,3486.181640625,239.37167358398438,158.36392211914062,124.69000244140625,97.70623016357422,17.65999984741211
2019-01-31,3457.792724609375,241.47389221191406,160.73443603515625,124.75,98.5465316772461,16.56999969482422
2019-02-01,3487.9453125,241.59027099609375,160.05580139160156,124.5,97.95133972167969,16.139999389648438
2019-02-04,3459.154052734375,243.28993225097656,162.04393005371094,123.95999908447266,97.51408386230469,15.729999542236328
2019-02-05,3466.357421875,244.30975341796875,163.47769165039062,124.27999877929688,97.95944213867188,15.569999694824219
2019-02-06,3413.767822265625,243.9876708984375,162.990234375,123.44000244140625,98.00800323486328,15.380000114440918
2019-02-07,3399.4716796875,241.6618194580078,160.8013458251953,123.73999786376953,98.65583038330078,16.3700008392334
2019-02-08,3666.7802734375,241.9569549560547,161.1167755126953,124.20999908447266,99.07695007324219,15.720000267028809
2019-02-11,3648.4306640625,242.0911407470703,160.96383666992188,123.5999984741211,98.68821716308594,15.970000267028809
2019-02-12,3653.528564453125,245.20431518554688,163.34390258789062,123.86000061035156,98.43720245361328,15.430000305175781
2019-02-13,3632.070556640625,246.00042724609375,163.45855712890625,123.37000274658203,98.064697265625,15.649999618530273
2019-02-14,3616.880859375,245.454833984375,163.65933227539062,124.05999755859375,98.62345886230469,16.219999313354492
2019-02-15,3620.810791015625,248.1295928955078,164.34754943847656,124.80000305175781,98.77729797363281,14.90999984741211
2019-02-19,3947.094482421875,248.55897521972656,164.67251586914062,126.69999694824219,99.02835083007812,14.880000114440918
2019-02-20,3999.820556640625,249.05996704101562,164.6438446044922,126.4800033569336,98.74491882324219,14.020000457763672
2019-02-21,3954.1181640625,248.17431640625,164.04164123535156,125.05000305175781,97.86227416992188,14.460000038146973
2019-02-22,4005.526611328125,249.7129669189453,165.25558471679688,125.5,98.4453125,13.510000228881836
2019-02-25,3882.6962890625,250.05296325683594,165.85772705078125,125.37000274658203,98.15375518798828,14.850000381469727
2019-02-26,3854.35791015625,249.87396240234375,166.02976989746094,125.58000183105469,98.63961029052734,15.170000076293945
2019-02-27,3851.04736328125,249.76666259765625,165.92466735839844,124.69000244140625,97.52215576171875,14.699999809265137
2019-02-28,3854.785400390625,249.30148315429688,165.54237365722656,123.98999786376953,97.19010162353516,14.779999732971191
2019-03-01,3859.583740234375,250.85813903808594,166.68931579589844,121.87999725341797,96.29181671142578,13.569999694824219
2019-03-04,3761.55712890625,249.9456024169922,166.71800231933594,121.55999755859375,97.04649353027344,14.630000114440918
2019-03-05,3896.375,249.605712890625,166.84225463867188,121.72000122070312,97.24938201904297,14.739999771118164
2019-03-06,3903.942626953125,248.0938720703125,165.89598083496094,121.61000061035156,97.60641479492188,15.739999771118164
2019-03-07,3911.484375,246.01840209960938,163.8600311279297,121.51000213623047,98.23938751220703,16.59000015258789
2019-03-08,3901.131591796875,245.5263671875,163.61155700683594,122.83999633789062,98.65326690673828,16.049999237060547
2019-03-11,3905.227294921875,249.08688354492188,167.01434326171875,122.23999786376953,98.36109924316406,14.329999923706055
2019-03-12,3909.15625,250.026123046875,167.93194580078125,122.9800033569336,99.0508804321289,13.770000457763672
2019-03-13,3906.71728515625,251.6811065673828,169.19363403320312,123.83999633789062,98.86418914794922,13.40999984741211
2019-03-14,3924.369140625,251.52011108398438,168.90689086914062,122.41000366210938,98.15013885498047,13.5
2019-03-15,3960.9111328125,252.7627410888672,170.47451782226562,122.97000122070312,98.79930877685547,12.880000114440918
2019-03-18,4032.50732421875,253.67919921875,170.88046264648438,123.04000091552734,98.74252319335938,13.100000381469727
2019-03-19,4071.190185546875,253.7421112060547,171.45501708984375,123.37999725341797,98.52345275878906,13.5600004196167
2019-03-20,4087.476318359375,252.9783477783203,172.13494873046875,124.18000030517578,99.55403137207031,13.90999984741211
2019-03-21,4029.326904296875,255.83567810058594,174.82574462890625,123.68000030517578,99.77311706542969,13.630000114440918
2019-03-22,4023.96826171875,250.91171264648438,170.98580932617188,123.97000122070312,101.32305145263672,16.479999542236328
2019-03-25,3963.070556640625,250.72312927246094,170.6602325439453,124.91999816894531,101.48533630371094,16.329999923706055
2019-03-26,3985.080810546875,252.59194946289062,171.45501708984375,124.30000305175781,101.41232299804688,14.680000305175781
2019-03-27,4087.066162109375,251.27114868164062,170.3537139892578,123.6500015258789,102.3455810546875,15.149999618530273
2019-03-28,4069.107177734375,252.2235870361328,170.7464141845703,121.9000015258789,102.70260620117188,14.430000305175781
2019-03-29,4098.37451171875,253.81394958496094,172.03915405273438,122.01000213623047,102.60523986816406,13.710000038146973
2019-04-01,4158.18310546875,256.8240051269531,174.31820678710938,121.52999877929688,101.1478271484375,13.399999618530273
2019-04-02,4879.8779296875,256.9497985839844,174.97894287109375,121.9800033569336,101.33487701416016,13.359999656677246
2019-04-03,4973.02197265625,257.35418701171875,175.98435974121094,121.80000305175781,100.45655059814453,13.739999771118164
2019-04-04,4922.798828125,258.0370178222656,175.91734313964844,122.11000061035156,100.74117279052734,13.579999923706055
2019-04-05,5036.68115234375,259.2859802246094,176.8270263671875,121.9800033569336,100.87128448486328,12.819999694824219
2019-04-08,5289.77099609375,259.483642578125,177.2771759033203,122.51000213623047,100.51346588134766,13.180000305175781
2019-04-09,5204.95849609375,258.15386962890625,176.65472412109375,123.1500015258789,100.83064270019531,14.279999732971191
2019-04-10,5324.5517578125,259.0344543457031,177.60269165039062,123.52999877929688,101.0746078491211,13.300000190734863
2019-04-11,5064.48779296875,258.9624938964844,177.181396484375,121.94999694824219,100.48094940185547,13.020000457763672
2019-04-12,5089.5390625,260.714599609375,177.94744873046875,121.83000183105469,99.76528930664062,12.010000228881836
2019-04-15,5067.1083984375,260.5438537597656,177.9761505126953,121.5999984741211,100.0173568725586,12.319999694824219
2019-04-16,5235.5595703125,260.714599609375,178.58900451660156,120.51000213623047,99.3911361694336,12.180000305175781
2019-04-17,5251.93798828125,260.0766296386719,179.2114715576172,120.27999877929688,99.43183135986328,12.600000381469727
2019-04-18,5298.3857421875,260.58880615234375,179.44125366210938,120.37000274658203,99.95232391357422,12.09000015258789
2019-04-22,5399.365234375,260.81341552734375,179.94874572753906,120.37000274658203,99.47245788574219,12.420000076293945
2019-04-23,5572.3623046875,263.1585693359375,182.2374267578125,120.12000274658203,99.68389892578125,12.279999732971191
2019-04-24,5464.86669921875,262.5746154785156,181.66285705566406,120.47000122070312,100.49718475341797,13.140000343322754
2019-04-25,5210.515625,262.4128112792969,182.4002227783203,120.56999969482422,100.35081481933594,13.25
2019-04-26,5279.34814453125,263.63482666015625,182.56295776367188,121.37000274658203,100.69239807128906,12.729999542236328
2019-04-29,5247.3525390625,264.0481872558594,182.9172821044922,120.83000183105469,100.0499038696289,13.109999656677246
2019-04-30,5350.7265625,264.1828918457031,181.50003051757812,121.19999694824219,100.56226348876953,13.119999885559082
2019-05-01,5402.697265625,262.19720458984375,180.91590881347656,120.4000015258789,100.97710418701172,14.800000190734863
2019-05-02,5505.28369140625,261.6310729980469,180.1307373046875,119.94000244140625,100.49626159667969,14.420000076293945
2019-05-03,5768.28955078125,264.19183349609375,183.0034637451172,120.6500015258789,100.78150939941406,12.869999885559082
2019-05-06,5746.80712890625,263.10467529296875,181.88308715820312,120.80999755859375,101.05859375,15.4399995803833
2019-05-07,5829.50146484375,258.7109069824219,178.34002685546875,121.20999908447266,101.83283996582031,19.31999969482422
2019-05-08,5982.45751953125,258.35150146484375,177.88998413085938,120.91000366210938,101.39278411865234,19.399999618530273
2019-05-09,6174.52880859375,257.56976318359375,176.93240356445312,121.19999694824219,101.8083724975586,19.100000381469727
2019-05-10,6378.84912109375,258.8636474609375,177.15267944335938,121.43000030517578,101.66983795166016,16.040000915527344
2019-05-13,7814.9150390625,252.3583526611328,171.00497436523438,122.66999816894531,102.46851348876953,20.549999237060547
2019-05-14,7994.416015625,254.64064025878906,172.88185119628906,122.45999908447266,102.16698455810547,18.059999465942383
2019-05-15,8205.16796875,256.13214111328125,175.32362365722656,122.38999938964844,102.79456329345703,16.440000534057617
2019-05-16,7884.9091796875,258.5041809082031,177.0855712890625,121.51000213623047,102.45223999023438,15.289999961853027
2019-05-17,7343.8955078125,256.8330383300781,175.27577209472656,120.6500015258789,102.68045043945312,15.960000038146973
2019-05-20,7978.30908203125,255.1348114013672,172.31687927246094,120.63999938964844,102.46851348876953,16.309999465942383
2019-05-21,7963.32763671875,257.4349365234375,174.11709594726562,120.36000061035156,102.30557250976562,14.949999809265137
2019-05-22,7680.06640625,256.644287109375,173.34146118164062,120.23999786376953,102.89228057861328,14.75
2019-05-23,7881.8466796875,253.50845336914062,170.68894958496094,121.16999816894531,104.04964447021484,16.920000076293945
2019-05-24,7987.37158203125,254.08346557617188,170.60276794433594,121.30000305175781,104.13920593261719,15.850000381469727
2019-05-28,8719.9619140625,251.72039794921875,169.96121215820312,120.83000183105469,104.8890380859375,17.5
2019-05-29,8659.4873046875,250.03121948242188,168.56314086914062,120.87000274658203,105.2068862915039,17.899999618530273
2019-05-30,8319.47265625,250.7141571044922,169.271728515625,121.69000244140625,106.11153411865234,17.299999237060547
2019-05-31,8574.501953125,247.3356170654297,166.57135009765625,123.33000183105469,107.43997955322266,18.709999084472656
2019-06-03,8208.9951171875,246.7066650390625,162.90383911132812,125.11000061035156,108.15861511230469,18.860000610351562
2019-06-04,7707.77099609375,252.06187438964844,167.4906463623047,125.1500015258789,106.92543029785156,16.969999313354492
2019-06-05,7824.2314453125,254.2452392578125,168.73550415039062,125.47000122070312,106.32113647460938,16.09000015258789
2019-06-06,7822.0234375,255.89852905273438,170.0760955810547,125.87999725341797,106.66413879394531,15.930000305175781
2019-06-07,8043.951171875,258.4593811035156,173.360595703125,126.58999633789062,107.58699035644531,16.299999237060547
2019-06-10,8000.32958984375,259.64532470703125,175.38108825683594,125.33000183105469,106.57428741455078,15.9399995803833
2019-06-11,7927.71435546875,259.5824279785156,175.6204833984375,125.18000030517578,106.63961029052734,15.989999771118164
2019-06-12,8145.857421875,259.12420654296875,174.60546875,125.83000183105469,106.72129821777344,15.90999984741211
2019-06-13,8230.923828125,260.1934509277344,175.63966369628906,126.5999984741211,107.08880615234375,15.819999694824219
2019-06-14,8693.8330078125,259.9059143066406,174.89276123046875,126.55999755859375,107.35826873779297,15.279999732971191
2019-06-17,9320.3525390625,260.0047607421875,175.946044921875,126.4800033569336,107.54613494873047,15.350000381469727
2019-06-18,9081.7626953125,262.7272644042969,178.5028533935547,127.12000274658203,108.08512115478516,15.149999618530273
2019-06-19,9273.521484375,263.3202819824219,179.17311096191406,127.88999938964844,108.24027252197266,14.329999923706055
2019-06-20,9527.16015625,265.8361511230469,180.83932495117188,131.11000061035156,108.52616882324219,14.75
2019-06-21,10144.556640625,265.4497375488281,180.5712432861328,131.97999572753906,107.33379364013672,15.399999618530273
2019-06-24,11011.1025390625,265.124755859375,180.5769500732422,133.94000244140625,108.13414001464844,15.260000228881836
2019-06-25,11790.9169921875,262.5243225097656,177.4771270751953,134.1999969482422,108.46897888183594,16.280000686645508
2019-06-26,13016.2314453125,262.2625732421875,178.30250549316406,132.97000122070312,107.7747573852539,16.209999084472656
2019-06-27,11182.806640625,263.19244384765625,178.98387145996094,132.83999633789062,108.53427124023438,15.819999694824219
2019-06-28,12407.33203125,264.54693603515625,179.21417236328125,133.1999969482422,108.46076202392578,15.079999923706055
2019-07-01,10583.134765625,266.94854736328125,181.63262939453125,130.6199951171875,108.2071304321289,14.0600004196167
2019-07-02,10801.677734375,267.6436767578125,182.3524169921875,133.41000366210938,109.04173278808594,12.930000305175781
2019-07-03,11961.26953125,269.7835998535156,183.72476196289062,133.6300048828125,109.81908416748047,12.569999694824219
2019-07-05,10978.4599609375,269.4765319824219,183.35049438476562,132.13999938964844,108.36258697509766,13.279999732971191
2019-07-08,12285.9580078125,267.995849609375,182.06451416015625,131.2899932861328,108.50984191894531,13.960000038146973
2019-07-09,12573.8125,268.3299865722656,182.97622680664062,131.75,108.46896362304688,14.09000015258789
2019-07-10,12156.5126953125,269.6120300292969,184.79962158203125,133.8300018310547,107.87167358398438,13.029999732971191
2019-07-11,11358.662109375,270.2440490722656,184.66529846191406,132.6999969482422,106.4314956665039,12.930000305175781
2019-07-12,11815.986328125,271.4539489746094,185.73057556152344,133.52999877929688,106.55423736572266,12.390000343322754
2019-07-15,10895.08984375,271.5442199707031,186.3255615234375,133.52999877929688,107.1679458618164,12.680000305175781
2019-07-16,9477.6416015625,270.66839599609375,185.36587524414062,132.39999389648438,106.84882354736328,12.859999656677246
2019-07-17,9693.802734375,268.8265075683594,184.45416259765625,134.5800018310547,108.0025634765625,13.970000267028809
2019-07-18,10666.482421875,269.8106689453125,184.66529846191406,136.47999572753906,108.01073455810547,13.529999732971191
2019-07-19,10530.732421875,268.3118896484375,183.31210327148438,134.47000122070312,107.757080078125,14.449999809265137
2019-07-22,10343.1064453125,268.9710998535156,184.77088928222656,134.4499969482422,107.96161651611328,13.529999732971191
2019-07-23,9900.767578125,270.89422607421875,185.98007202148438,133.69000244140625,107.3724594116211,12.609999656677246
2019-07-24,9811.92578125,272.1672058105469,187.2852020263672,134.3699951171875,107.83891296386719,12.069999694824219
2019-07-25,9911.841796875,270.8670654296875,185.50982666015625,133.4199981689453,107.32341766357422,12.739999771118164
2019-07-26,9870.3037109375,272.68182373046875,187.41961669921875,133.63999938964844,107.57705688476562,12.15999984741211
2019-07-29,9519.1455078125,272.1852722167969,186.776611328125,134.52999877929688,107.60977935791016,12.829999923706055
2019-07-30,9607.423828125,271.5170593261719,185.97047424316406,134.97999572753906,107.87167358398438,13.9399995803833
2019-07-31,10085.6279296875,268.546630859375,183.39849853515625,133.2100067138672,108.7390365600586,16.1200008392334
2019-08-01,10399.6689453125,266.2081604003906,182.48675537109375,136.41000366210938,110.89859008789062,17.8700008392334
2019-08-02,10518.1748046875,264.20367431640625,179.79962158203125,135.88999938964844,111.92350769042969,17.610000610351562
2019-08-05,11805.6533203125,256.2583923339844,173.44639587402344,137.7899932861328,113.8584213256836,24.59000015258789
2019-08-06,11478.1689453125,259.85186767578125,175.87449645996094,138.91000366210938,114.76846313476562,20.170000076293945
2019-08-07,11941.96875,260.00531005859375,176.8245391845703,141.02000427246094,114.80950164794922,19.489999771118164
2019-08-08,11966.4072265625,265.1065979003906,180.67298889160156,141.72999572753906,115.05542755126953,16.90999984741211
2019-08-09,11862.9365234375,263.3008728027344,178.97422790527344,141.25999450683594,114.82583618164062,17.969999313354492
2019-08-12,11382.6162109375,260.0956115722656,176.92050170898438,142.6300048828125,117.21998596191406,21.09000015258789
2019-08-13,10895.830078125,264.14056396484375,180.7976837158203,141.77999877929688,116.81816864013672,17.520000457763672
2019-08-14,10051.7041015625,256.33056640625,175.3945770263672,142.75,119.4500961303711,22.100000381469727
2019-08-15,10311.5458984375,257.0076599121094,175.1930694580078,143.6999969482422,120.77832794189453,21.18000030517578
2019-08-16,10374.3388671875,260.7997741699219,178.0049591064453,142.77999877929688,119.81082153320312,18.469999313354492
2019-08-19,10916.0537109375,263.94189453125,180.83607482910156,141.11000061035156,118.09725952148438,16.8799991607666
2019-08-20,10763.232421875,261.9193420410156,179.43495178222656,142.2100067138672,119.3188705444336,17.5
2019-08-21,10138.0498046875,264.0502624511719,181.0279998779297,141.75999450683594,118.5235595703125,15.800000190734863
2019-08-22,10131.0556640625,263.9689636230469,180.44259643554688,141.39999389648438,117.73644256591797,16.68000030517578
2019-08-23,10407.96484375,257.1882629394531,174.73240661621094,144.1699981689453,119.6714096069336,19.8700008392334
2019-08-26,10370.8203125,260.0323791503906,177.37156677246094,144.19000244140625,119.18766784667969,19.31999969482422
2019-08-27,10185.5,259.0120849609375,176.99728393554688,145.57000732421875,121.0242691040039,20.309999465942383
2019-08-28,9754.4228515625,260.8360290527344,177.63067626953125,145.16000366210938,121.18001556396484,19.350000381469727
2019-08-29,9510.2001953125,264.1676025390625,180.3466033935547,144.1199951171875,120.72085571289062,17.8799991607666
2019-08-30,9598.173828125,264.0502624511719,179.914794921875,143.75,120.75367736816406,18.979999542236328
2019-09-03,10623.5400390625,262.5063171386719,178.1680908203125,145.75,120.9097671508789,19.65999984741211
2019-09-04,10594.4931640625,265.4857177734375,180.74009704589844,146.66000366210938,121.09049987792969,17.329999923706055
2019-09-05,10575.533203125,268.8987731933594,184.05105590820312,143.13999938964844,118.8974609375,16.270000457763672
2019-09-06,10353.302734375,269.1064453125,183.86866760253906,141.9199981689453,119.74342346191406,15.0
2019-09-09,10334.974609375,269.241943359375,183.48484802246094,141.38999938964844,117.61614227294922,15.270000457763672
2019-09-10,10115.9755859375,269.1787414550781,182.95703125,140.17999267578125,115.55461120605469,15.199999809265137
2019-09-11,10178.3720703125,271.0928039550781,184.67483520507812,141.02999877929688,115.34920501708984,14.609999656677246
2019-09-12,10410.126953125,272.03179931640625,185.44265747070312,141.32000732421875,114.59363555908203,14.220000267028809
2019-09-13,10360.546875,271.8511962890625,184.7804412841797,140.14999389648438,112.14604187011719,13.739999771118164
2019-09-16,10276.7939453125,271.0116271972656,183.955078125,141.32000732421875,113.57513427734375,14.670000076293945
2019-09-17,10241.2724609375,271.6976623535156,184.83804321289062,141.60000610351562,114.1911392211914,14.4399995803833
2019-09-18,10198.248046875,271.86016845703125,184.76126098632812,140.7100067138672,114.67573547363281,13.949999809265137
2019-09-19,10266.4150390625,271.8421325683594,185.06834411621094,141.27999877929688,115.02072143554688,14.050000190734863
2019-09-20,10181.6416015625,270.5578308105469,183.11056518554688,142.9499969482422,116.5402603149414,15.319999694824219
2019-09-23,9729.32421875,270.49432373046875,183.19140625,143.75,116.51557159423828,14.90999984741211
2019-09-24,8620.56640625,268.3716735839844,180.7584228515625,144.50999450683594,117.92005157470703,17.049999237060547
2019-09-25,8486.9931640625,269.9590759277344,182.7874298095703,141.8300018310547,116.19526672363281,15.960000038146973
2019-09-26,8118.9677734375,269.39666748046875,182.11434936523438,141.7899932861328,116.94261932373047,16.06999969482422
2019-09-27,8251.845703125,267.9454040527344,179.85447692871094,141.05999755859375,117.2300796508789,17.219999313354492
2019-09-30,8293.8681640625,269.1880798339844,181.5662078857422,138.8699951171875,117.51763916015625,16.239999771118164
2019-10-01,8343.2763671875,265.9862060546875,180.08526611328125,139.6300048828125,117.87142944335938,18.559999465942383
2019-10-02,8393.0419921875,261.2875671386719,176.98878479003906,141.25999450683594,118.15934753417969,20.559999465942383
2019-10-03,8259.9921875,263.4283447265625,178.93130493164062,141.89999389648438,119.23722839355469,19.1200008392334
2019-10-04,8205.939453125,266.9930419921875,181.5662078857422,141.89999389648438,120.11762237548828,17.040000915527344
2019-10-07,8245.623046875,265.8410949707031,181.01800537109375,140.69000244140625,119.12205505371094,17.860000610351562
2019-10-08,8228.783203125,261.71392822265625,178.3062286376953,141.9199981689453,119.44287109375,20.280000686645508
2019-10-09,8595.740234375,264.1993408203125,180.0467987060547,142.0500030517578,118.7682113647461,18.639999389648438
2019-10-10,8586.4736328125,265.9862060546875,181.441162109375,140.80999755859375,116.99925994873047,17.56999969482422
2019-10-11,8321.7568359375,268.74365234375,183.77796936035156,140.02999877929688,115.55110931396484,15.579999923706055
2019-10-14,8374.6865234375,268.4444580078125,183.7587432861328,140.58999633789062,116.39041137695312,14.569999694824219
2019-10-15,8205.369140625,271.10205078125,186.09548950195312,139.61000061035156,114.98345184326172,13.539999961853027
2019-10-16,8047.52685546875,270.6666259765625,185.63389587402344,140.41000366210938,115.12333679199219,13.680000305175781
2019-10-17,8103.9111328125,271.46484375,186.1243133544922,140.61000061035156,114.84358215332031,13.789999961853027
2019-10-18,7973.20751953125,270.27655029296875,184.33570861816406,140.4600067138672,114.84358215332031,14.25
2019-10-21,8243.720703125,272.10888671875,185.97047424316406,139.7899932861328,113.97965240478516,14.0
2019-10-22,8078.203125,271.2200012207031,184.4895782470703,140.1999969482422,114.6461410522461,14.460000038146973
2019-10-23,7514.671875,272.0091247558594,184.8453369140625,140.52999877929688,114.76126098632812,14.010000228881836
2019-10-24,7493.48876953125,272.4534606933594,186.6436004638672,141.52999877929688,114.53092956542969,13.710000038146973
2019-10-25,8660.7001953125,273.5692443847656,188.13417053222656,141.86000061035156,113.9714126586914,12.649999618530273
2019-10-28,9256.1484375,275.11114501953125,189.99012756347656,140.63999938964844,112.93472290039062,13.109999656677246
2019-10-29,9427.6875,275.029541015625,188.51878356933594,140.25,113.00880432128906,13.199999809265137
2019-10-30,9205.7265625,275.8731689453125,189.43234252929688,141.02000427246094,114.66260528564453,12.329999923706055
2019-10-31,9199.5849609375,275.1383972167969,189.51889038085938,142.42999267578125,116.20933532714844,13.220000267028809
2019-11-01,9261.1044921875,277.687255859375,191.240234375,142.55999755859375,115.85169982910156,12.300000190734863
2019-11-04,9412.6123046875,278.80291748046875,192.42306518554688,142.14999389648438,114.32689666748047,12.829999923706055
2019-11-05,9342.52734375,278.4945983886719,192.52879333496094,139.85000610351562,113.04109191894531,13.100000381469727
2019-11-06,9360.8798828125,278.5581970214844,192.09609985351562,140.4499969482422,113.72517395019531,12.619999885559082
2019-11-07,9267.5615234375,279.5377197265625,192.74037170410156,138.27000427246094,111.66464233398438,12.729999542236328
2019-11-08,8804.880859375,280.2270812988281,193.5096435546875,137.38999938964844,111.19483184814453,12.069999694824219
2019-11-11,8757.7880859375,279.69189453125,193.25001525878906,137.05999755859375,111.26901245117188,12.6899995803833
2019-11-12,8815.662109375,280.28143310546875,193.8077850341797,137.42999267578125,111.78008270263672,12.680000305175781
2019-11-13,8808.2626953125,280.3721008300781,193.85586547851562,137.97999572753906,112.50535583496094,13.0
2019-11-14,8708.0947265625,280.78033447265625,193.70204162597656,138.55999755859375,113.66752624511719,13.050000190734863
2019-11-15,8491.9921875,282.81219482421875,195.125244140625,138.2100067138672,113.5438461303711,12.050000190734863
2019-11-18,8309.2861328125,283.0207824707031,195.27906799316406,138.6199951171875,113.74993896484375,12.460000038146973
2019-11-19,8206.1455078125,282.9391784667969,195.56756591796875,138.69000244140625,114.6977767944336,12.859999656677246
2019-11-20,8027.26806640625,281.88690185546875,194.3943634033203,138.75999450683594,115.88461303710938,12.779999732971191
2019-11-21,7642.75,281.4335021972656,193.96163940429688,138.0,115.15933990478516,13.130000114440918
2019-11-22,7296.57763671875,282.0592956542969,194.08668518066406,137.74000549316406,115.30770874023438,12.34000015258789
2019-11-25,7146.1337890625,284.2452697753906,196.3849639892578,137.0800018310547,115.64556884765625,11.869999885559082
2019-11-26,7218.37109375,284.8893127441406,196.75997924804688,137.74000549316406,116.32144165039062,11.539999961853027
2019-11-27,7531.66357421875,286.1593322753906,198.13511657714844,137.00999450683594,115.98357391357422,11.75
2019-11-29,7761.24365234375,285.09796142578125,197.23121643066406,137.86000061035156,115.73625946044922,12.619999885559082
2019-12-02,7321.98828125,282.6761779785156,195.21173095703125,137.7899932861328,114.19316864013672,14.90999984741211
2019-12-03,7320.1455078125,280.78033447265625,193.6827850341797,139.11000061035156,116.58750915527344,15.960000038146973
2019-12-04,7252.03466796875,282.5128173828125,194.6636505126953,138.9199981689453,115.42341613769531,14.800000190734863
2019-12-05,7448.3076171875,283.0207824707031,195.0482940673828,139.0,114.86189270019531,14.520000457763672
2019-12-06,7546.99658203125,285.6058654785156,197.1350555419922,137.6199951171875,114.2262191772461,13.619999885559082
2019-12-09,7400.8994140625,284.7079162597656,196.24072265625,137.5800018310547,114.47386932373047,15.859999656677246
2019-12-10,7278.11962890625,284.3904113769531,196.0772247314453,137.97000122070312,114.48217010498047,15.680000305175781
2019-12-11,7217.42724609375,285.19769287109375,197.11582946777344,138.9199981689453,115.38208770751953,14.989999771118164
2019-12-12,7243.13427734375,287.65582275390625,198.58712768554688,138.42999267578125,113.4831771850586,13.9399995803833
2019-12-13,7269.6845703125,287.8281555175781,199.24105834960938,139.0500030517578,114.79590606689453,12.630000114440918
2019-12-16,6932.48046875,289.8056945800781,201.24122619628906,139.0399932861328,113.76386260986328,12.140000343322754
2019-12-17,6640.51513671875,289.86907958984375,201.35658264160156,139.00999450683594,113.60698699951172,12.289999961853027
2019-12-18,7276.802734375,289.88726806640625,201.510498046875,139.02000427246094,112.67400360107422,12.579999923706055
2019-12-19,7202.84423828125,291.07550048828125,202.77023315429688,139.3800048828125,112.8542709350586,12.5
2019-12-20,7218.81640625,292.3516845703125,203.58763122558594,139.52000427246094,113.00308990478516,12.510000228881836
2019-12-23,7355.62841796875,292.7983093261719,204.1253662109375,139.9499969482422,112.83773803710938,12.609999656677246
2019-12-24,7322.5322265625,292.8074035644531,204.2313690185547,141.27000427246094,113.16024017333984,12.670000076293945
2019-12-26,7238.966796875,294.3661193847656,206.0335235595703,142.3800048828125,113.4331283569336,12.649999618530273
2019-12-27,7290.08837890625,294.2931213378906,205.8600311279297,142.3300018310547,113.55718231201172,13.430000305175781
2019-12-30,7292.9951171875,292.6706237792969,204.51089477539062,142.6300048828125,113.14371490478516,14.819999694824219
2019-12-31,7193.59912109375,293.381591796875,204.8963623046875,142.89999389648438,112.0356216430664,13.779999732971191
2020-01-02,6985.47021484375,296.1253356933594,208.31752014160156,143.9499969482422,113.30081939697266,12.470000267028809
2020-01-03,7344.88427734375,293.8829040527344,206.40939331054688,145.86000061035156,115.04566192626953,14.020000457763672
2020-01-06,7769.21923828125,295.00408935546875,207.7393035888672,147.38999938964844,114.39241027832031,13.850000381469727
2020-01-07,8163.6923828125,294.1746826171875,207.71041870117188,147.97000122070312,113.83009338378906,13.789999961853027
2020-01-08,8079.86279296875,295.7424621582031,209.27162170410156,146.86000061035156,113.07760620117188,13.449999809265137
2020-01-09,7879.0712890625,297.7477111816406,211.0448455810547,146.02999877929688,113.47447204589844,12.539999961853027
2020-01-10,8166.55419921875,296.8909606933594,210.5052032470703,146.91000366210938,114.4833755493164,12.5600004196167
2020-01-13,8144.1943359375,298.93280029296875,212.93377685546875,145.82000732421875,114.13604736328125,12.319999694824219
2020-01-14,8827.7646484375,298.4769592285156,212.0953369140625,145.69000244140625,114.7231674194336,12.390000343322754
2020-01-15,8807.0107421875,299.15155029296875,212.18203735351562,146.5399932861328,115.48397827148438,12.420000076293945
2020-01-16,8723.7861328125,301.6400451660156,214.21551513671875,146.30999755859375,115.1201400756836,12.319999694824219
2020-01-17,8929.0380859375,302.5788269042969,215.27560424804688,146.5800018310547,114.13604736328125,12.100000381469727
2020-01-21,8745.89453125,301.9863586425781,215.17919921875,146.74000549316406,115.33513641357422,12.850000381469727
2020-01-22,8680.8759765625,302.02288818359375,215.747802734375,146.7899932861328,115.74043273925781,12.90999984741211
2020-01-23,8406.515625,302.3692321777344,216.44166564941406,147.1199951171875,116.55077362060547,12.979999542236328
2020-01-24,8445.4345703125,299.6802062988281,214.6201934814453,147.97999572753906,117.49348449707031,14.5600004196167
2020-01-27,8909.8193359375,294.8764343261719,210.18716430664062,148.99000549316406,119.32106018066406,18.229999542236328
2020-01-28,9358.58984375,297.966552734375,213.41561889648438,147.66000366210938,118.38658905029297,16.280000686645508
2020-01-29,9316.6298828125,297.7204284667969,213.7625732421875,148.4600067138672,119.54431915283203,16.389999389648438
2020-01-30,9508.9931640625,298.6866149902344,214.52392578125,148.47000122070312,119.56092071533203,15.489999771118164
2020-01-31,9350.529296875,293.2630615234375,211.12197875976562,149.3300018310547,120.65243530273438,18.84000015258789
2020-02-03,9293.521484375,295.4416198730469,214.31190490722656,148.36000061035156,120.55471801757812,17.969999313354492
2020-02-04,9180.962890625,299.9446105957031,219.21722412109375,146.42999267578125,118.93119049072266,16.049999237060547
2020-02-05,9613.423828125,303.4083251953125,219.94000244140625,146.61000061035156,117.63070678710938,15.149999618530273
2020-02-06,9729.8017578125,304.4293212890625,221.83853149414062,147.39999389648438,118.16082763671875,14.960000038146973
2020-02-07,9795.943359375,302.8067932128906,220.88442993164062,147.7899932861328,119.63528442382812,15.470000267028809
2020-02-10,9856.611328125,305.0672607421875,223.55397033691406,148.1699981689453,119.96660614013672,15.039999961853027
2020-02-11,10208.236328125,305.5960388183594,223.59246826171875,147.66000366210938,119.36196899414062,15.180000305175781
2020-02-12,10326.0546875,307.56488037109375,225.7705078125,147.5399932861328,118.75724792480469,13.739999771118164
2020-02-13,10214.3798828125,307.2366638183594,225.4813995361328,148.3800048828125,119.21280670166016,14.149999618530273
2020-02-14,10312.1162109375,307.7288818359375,226.12709045410156,149.0,119.73469543457031,13.680000305175781
2020-02-18,10141.99609375,306.93585205078125,226.21380615234375,150.91000366210938,120.55471801757812,14.829999923706055
2020-02-19,9633.38671875,308.4034423828125,228.38218688964844,151.7899932861328,120.54645538330078,14.380000114440918
2020-02-20,9608.4755859375,307.1365051269531,226.26197814941406,152.41000366210938,121.49069213867188,15.5600004196167
2020-02-21,9686.44140625,303.973388671875,221.91558837890625,154.6999969482422,122.62554168701172,17.079999923706055
2020-02-24,9650.1748046875,293.8921203613281,213.35780334472656,156.08999633789062,124.45610809326172,25.030000686645508
2020-02-25,9341.705078125,284.9864196777344,207.55621337890625,153.3000030517578,125.11872863769531,27.850000381469727
2020-02-26,8820.5224609375,283.9383544921875,208.62591552734375,153.97000122070312,124.45610809326172,27.559999465942383
2020-02-27,8784.494140625,271.1860656738281,198.1792449951172,154.0,125.80635070800781,39.15999984741211
2020-02-28,8672.455078125,270.0467529296875,198.33343505859375,148.3800048828125,128.64749145507812,40.11000061035156
2020-03-02,8869.669921875,281.7415771484375,208.56813049316406,149.1999969482422,127.70095825195312,33.41999816894531
2020-03-03,8787.7861328125,273.67449951171875,201.87989807128906,153.88999938964844,129.6835174560547,36.81999969482422
2020-03-04,8755.24609375,285.1779479980469,210.3028106689453,154.16000366210938,128.30654907226562,31.989999771118164
2020-03-05,9078.7626953125,275.6981201171875,203.91336059570312,157.49000549316406,131.50033569335938,39.619998931884766
2020-03-06,9122.5458984375,271.1405334472656,200.47288513183594,157.5500030517578,138.3440399169922,41.939998626708984
2020-03-09,7923.64453125,249.96592712402344,186.5471649169922,157.80999755859375,142.09365844726562,54.459999084472656
2020-03-10,7909.7294921875,262.9003601074219,196.70474243164062,154.47999572753906,134.81021118164062,47.29999923706055
2020-03-11,7911.43017578125,250.08447265625,188.13726806640625,153.92999267578125,129.84945678710938,53.900001525878906
2020-03-12,4970.7880859375,226.15707397460938,170.88670349121094,147.7899932861328,130.65411376953125,75.47000122070312
2020-03-13,5563.70703125,245.49032592773438,185.36175537109375,143.27999877929688,127.70095825195312,57.83000183105469
2020-03-16,5014.47998046875,218.62794494628906,163.15769958496094,141.63999938964844,135.9715576171875,82.69000244140625
2020-03-17,5225.62939453125,230.4320831298828,175.53179931640625,143.55999755859375,126.90459442138672,75.91000366210938
2020-03-18,5238.4384765625,218.7646942138672,170.19281005859375,140.6999969482422,119.74555969238281,76.44999694824219
2020-03-19,6191.19287109375,219.22955322265625,171.21437072753906,138.0399932861328,123.00566864013672,72.0
2020-03-20,6198.7783203125,209.78199768066406,164.50686645507812,140.11000061035156,132.255126953125,66.04000091552734
2020-03-23,6416.31494140625,204.418212890625,164.62567138671875,146.3000030517578,137.70533752441406,61.59000015258789
2020-03-24,6734.8037109375,222.93917846679688,177.3738555908203,153.39999389648438,135.14205932617188,61.66999816894531
2020-03-25,6681.06298828125,226.2766571044922,176.0603790283203,151.3000030517578,134.83506774902344,63.95000076293945
2020-03-26,6716.4404296875,239.48892211914062,185.33181762695312,153.24000549316406,135.49871826171875,61.0
2020-03-27,6469.79833984375,232.35557556152344,178.95773315429688,152.25,139.11550903320312,65.54000091552734
2020-03-30,6429.841796875,239.9014892578125,185.4669952392578,152.9199981689453,137.9708251953125,57.08000183105469
2020-03-31,6438.64453125,236.32562255859375,183.8831787109375,148.0500030517578,136.85086059570312,53.540000915527344
2020-04-01,6606.7763671875,225.68988037109375,176.07005310058594,149.4499969482422,138.7682647705078,57.060001373291016
2020-04-02,6793.62451171875,230.89772033691406,179.6434326171875,151.89999389648438,139.6488800048828,50.90999984741211
2020-04-03,6733.38720703125,227.560302734375,177.09376525878906,152.64999389648438,139.98118591308594,46.79999923706055
2020-04-06,7271.78125,242.84461975097656,189.7550811767578,156.8800048828125,139.61557006835938,45.2400016784668
2020-04-07,7176.41455078125,243.0921630859375,189.6778106689453,156.0399932861328,138.1534423828125,46.70000076293945
2020-04-08,7334.0986328125,251.25250244140625,193.70510864257812,154.64999389648438,137.1482696533203,43.349998474121094
2020-04-09,7302.08935546875,255.07582092285156,193.98516845703125,158.69000244140625,137.39755249023438,41.66999816894531
2020-04-13,6845.03759765625,252.7469482421875,196.0808563232422,161.41000366210938,136.14309692382812,41.16999816894531
2020-04-14,6842.427734375,260.20123291015625,204.60865783691406,162.67999267578125,136.10984802246094,37.7599983215332
2020-04-15,6642.10986328125,254.6724090576172,202.26181030273438,161.85000610351562,139.71522521972656,40.84000015258789
2020-04-16,7116.80419921875,255.9010009765625,205.95108032226562,161.7100067138672,141.30201721191406,40.11000061035156
2020-04-17,7096.1845703125,262.81427001953125,207.92123413085938,158.57000732421875,139.40792846679688,38.150001525878906
2020-04-20,6881.95849609375,258.18408203125,205.45852661132812,159.6999969482422,140.5294189453125,43.83000183105469
2020-04-21,6880.3232421875,250.3446502685547,197.87718200683594,158.61000061035156,142.2989501953125,45.40999984741211
2020-04-22,7117.20751953125,255.9010009765625,203.7491455078125,161.72999572753906,140.84515380859375,41.97999954223633
2020-04-23,7429.724609375,255.88267517089844,203.3145294189453,163.33999633789062,141.59278869628906,41.380001068115234
2020-04-24,7550.90087890625,259.4493713378906,206.52084350585938,162.63999938964844,141.92501831054688,35.93000030517578
2020-04-27,7795.60107421875,263.19024658203125,208.18202209472656,161.55999755859375,139.2833251953125,33.290000915527344
2020-04-28,7807.05859375,261.97991943359375,204.26097106933594,160.83999633789062,140.88665771484375,33.56999969482422
2020-04-29,8801.0380859375,268.8381042480469,211.50430297851562,161.72999572753906,140.15562438964844,31.229999542236328
2020-04-30,8658.5537109375,266.3351135253906,211.4173583984375,158.8000030517578,138.51901245117188,34.150001525878906
2020-05-01,8864.7666015625,259.2843322753906,205.45852661132812,159.77999877929688,139.7052001953125,37.189998626708984
2020-05-04,8912.654296875,259.9994812011719,207.85365295410156,160.33999633789062,139.0480499267578,35.970001220703125
2020-05-05,9003.0703125,262.4017028808594,210.21009826660156,161.02000427246094,138.1580810546875,33.61000061035156
2020-05-06,9268.76171875,260.6229553222656,211.50430297851562,158.9499969482422,135.92874145507812,34.119998931884766
2020-05-07,9951.5185546875,263.7677917480469,214.22776794433594,161.38999938964844,138.19960021972656,31.440000534057617
2020-05-08,9842.666015625,268.1321716308594,217.16372680664062,160.4199981689453,136.40283203125,27.979999542236328
2020-05-11,8601.7958984375,268.1871643066406,219.10484313964844,159.4199981689453,135.33815002441406,27.56999969482422
2020-05-12,8804.4775390625,262.8418273925781,214.51748657226562,160.0399932861328,136.72723388671875,33.040000915527344
2020-05-13,9269.9873046875,258.1932067871094,211.83261108398438,161.5800018310547,137.68385314941406,35.279998779296875
2020-05-14,9733.7216796875,261.2830810546875,214.23744201660156,163.00999450683594,139.0314483642578,32.61000061035156
2020-05-15,9328.197265625,262.48419189453125,215.6281280517578,163.92999267578125,138.67379760742188,31.889999389648438
2020-05-18,9726.5751953125,270.4794616699219,219.64572143554688,162.69000244140625,135.62928771972656,29.299999237060547
2020-05-19,9729.0380859375,267.7013244628906,219.09524536132812,164.25999450683594,136.13670349121094,30.530000686645508
2020-05-20,9522.9814453125,272.2490234375,223.4701690673828,164.64999389648438,136.54428100585938,27.989999771118164
2020-05-21,9081.76171875,270.3693542480469,221.0364227294922,162.25,136.88536071777344,29.530000686645508
2020-05-22,9182.5771484375,270.8829040527344,221.7993927001953,163.2100067138672,137.70887756347656,28.15999984741211
2020-05-26,8835.052734375,274.2203369140625,221.20062255859375,160.88999938964844,135.86219787597656,28.010000228881836
2020-05-27,9181.017578125,278.30035400390625,222.40785217285156,161.17999267578125,135.6126251220703,27.6200008392334
2020-05-28,9525.7509765625,277.7869873046875,222.11813354492188,161.72000122070312,135.11349487304688,28.59000015258789
2020-05-29,9439.1240234375,279.0246887207031,225.372802734375,162.91000366210938,136.0784454345703,27.510000228881836
2020-06-01,10167.2685546875,280.1524963378906,226.04885864257812,163.66000366210938,135.16229248046875,28.229999542236328
2020-06-02,9529.8037109375,282.4721374511719,227.56503295898438,162.60000610351562,134.67083740234375,26.84000015258789
2020-06-03,9656.7177734375,286.2313232421875,228.58880615234375,159.60000610351562,132.88011169433594,25.65999984741211
2020-06-04,9800.63671875,285.47955322265625,226.98562622070312,161.27999877929688,130.95616149902344,25.809999465942383
2020-06-05,9665.533203125,292.796142578125,231.48614501953125,158.00999450683594,130.02328491210938,24.520000457763672
2020-06-08,9771.4892578125,296.3353576660156,233.28244018554688,159.72000122070312,130.5230255126953,25.809999465942383
2020-06-09,9795.7001953125,294.1257629394531,234.97259521484375,161.25999450683594,132.00559997558594,27.56999969482422
2020-06-10,9870.0947265625,292.4844970703125,237.79261779785156,163.57000732421875,133.96286010742188,27.56999969482422
2020-06-11,9321.78125,275.62310791015625,226.0101776123047,162.38999938964844,136.4949188232422,40.790000915527344
2020-06-12,9480.84375,278.92388916015625,227.8065185546875,162.6199951171875,135.178955078125,36.09000015258789
2020-06-15,9450.7021484375,281.5278015136719,230.5782928466797,162.3300018310547,135.2538604736328,34.400001525878906
2020-06-16,9538.0244140625,286.94659423828125,234.53799438476562,162.25,133.17996215820312,33.66999816894531
2020-06-17,9480.2548828125,285.7546081542969,235.2816162109375,162.55999755859375,133.72964477539062,33.470001220703125
2020-06-18,9411.8408203125,285.8647155761719,235.91900634765625,162.24000549316406,135.14559936523438,32.939998626708984
2020-06-19,9288.0185546875,284.23095703125,235.8804168701172,164.02999877929688,135.2538604736328,35.119998931884766
2020-06-22,9648.7177734375,286.0543212890625,238.70921325683594,165.08999633789062,135.27053833007812,31.770000457763672
2020-06-23,9629.658203125,287.3712463378906,240.7408447265625,166.47999572753906,134.34605407714844,31.3700008392334
2020-06-24,9313.6103515625,280.0408020019531,235.77783203125,165.89999389648438,135.78697204589844,33.84000015258789
2020-06-25,9264.8134765625,283.0429992675781,238.0222930908203,165.8000030517578,136.1784210205078,32.220001220703125
2020-06-26,9162.91796875,276.32025146484375,232.40142822265625,166.5399932861328,137.63595581054688,34.72999954223633
2020-06-29,9190.8544921875,280.3814697265625,234.93612670898438,166.6300048828125,137.20285034179688,31.780000686645508
2020-06-30,9137.9931640625,283.9731140136719,239.54124450683594,167.3699951171875,136.53652954101562,30.43000030517578
2020-07-01,9228.3251953125,285.9621887207031,242.33717346191406,166.6199951171875,136.27137756347656,28.6200008392334
2020-07-02,9123.41015625,287.53704833984375,243.98182678222656,166.97999572753906,136.41311645507812,27.68000030517578
2020-07-06,9375.474609375,291.9757995605469,249.9801025390625,167.97999572753906,135.85440063476562,27.940000534057617
2020-07-07,9252.27734375,288.96453857421875,248.2579345703125,169.0399932861328,137.7640380859375,29.43000030517578
2020-07-08,9428.3330078125,291.1745910644531,251.52796936035156,170.08999633789062,137.21368408203125,28.079999923706055
2020-07-09,9277.9677734375,289.5169677734375,253.6466064453125,169.6300048828125,139.39834594726562,29.260000228881836
2020-07-10,9278.8076171875,292.4730529785156,255.37840270996094,169.19000244140625,138.6979522705078,27.290000915527344
2020-07-13,9243.6142578125,289.94061279296875,250.12515258789062,169.39999389648438,139.15663146972656,32.189998626708984
2020-07-14,9243.2138671875,293.6979675292969,251.89561462402344,170.19000244140625,139.3567657470703,29.520000457763672
2020-07-15,9192.8369140625,296.3962097167969,252.4083251953125,170.33999633789062,138.70626831054688,27.760000228881836
2020-07-16,9132.2275390625,295.42010498046875,250.68621826171875,168.72999572753906,139.3650665283203,28.0
2020-07-17,9151.392578125,296.2765197753906,250.9765167236328,170.1199951171875,139.07322692871094,25.68000030517578
2020-07-20,9164.2314453125,298.67083740234375,258.09698486328125,170.94000244140625,139.4150390625,24.459999084472656
2020-07-21,9374.8876953125,299.3063049316406,255.40745544433594,173.0,139.49847412109375,24.84000015258789
2020-07-22,9525.36328125,301.0099792480469,256.3072204589844,175.6300048828125,139.9154510498047,24.31999969482422
2020-07-23,9581.072265625,297.41839599609375,249.61241149902344,177.17999267578125,141.54974365234375,26.079999923706055
2020-07-24,9536.892578125,295.5029296875,247.2421417236328,178.6999969482422,141.54144287109375,25.84000015258789
2020-07-27,10990.873046875,297.6578674316406,251.65367126464844,182.22999572753906,141.01612854003906,24.739999771118164
2020-07-28,10912.8232421875,295.77001953125,248.45143127441406,183.75,141.99169921875,25.440000534057617
2020-07-29,11100.4677734375,299.4075622558594,251.31512451171875,185.1300048828125,141.74990844726562,24.100000381469727
2020-07-30,11111.2138671875,298.3393859863281,252.630859375,183.75999450683594,142.68382263183594,24.760000228881836
2020-07-31,11323.466796875,300.6968078613281,257.1391296386719,185.42999267578125,142.59213256835938,24.459999084472656
2020-08-03,11246.3486328125,302.787353515625,260.6124267578125,185.63999938964844,141.8742218017578,24.280000686645508
2020-08-04,11205.892578125,303.9569091796875,261.57977294921875,189.58999633789062,143.22659301757812,23.760000228881836
2020-08-05,11747.0224609375,305.8448486328125,262.2279357910156,191.35000610351562,141.9744110107422,22.989999771118164
2020-08-06,11779.7734375,307.8892517089844,265.7011413574219,193.88999938964844,142.7675018310547,22.649999618530273
2020-08-07,11601.47265625,308.1102294921875,262.63433837890625,190.80999755859375,141.8157196044922,22.209999084472656
2020-08-10,11878.111328125,309.0311584472656,261.5120849609375,190.14999389648438,141.1813201904297,22.1299991607666
2020-08-11,11410.525390625,306.4802551269531,256.55877685546875,179.94000244140625,139.50340270996094,24.030000686645508
2020-08-12,11584.9345703125,310.7533264160156,263.0115661621094,179.10000610351562,138.23451232910156,22.280000686645508
2020-08-13,11784.1376953125,310.1914978027344,263.6114501953125,183.3300018310547,136.7569122314453,22.1299991607666
2020-08-14,11768.87109375,310.2007141113281,263.30181884765625,182.5399932861328,136.22264099121094,22.049999237060547
2020-08-17,12254.40234375,311.1860656738281,266.3590393066406,186.5,136.56484985351562,21.350000381469727
2020-08-18,11991.2333984375,311.85833740234375,268.9226989746094,188.17999267578125,137.54164123535156,21.510000228881836
2020-08-19,11758.283203125,310.5598449707031,267.1136169433594,182.24000549316406,136.68167114257812,22.540000915527344
2020-08-20,11878.3720703125,311.52679443359375,270.8189392089844,183.5,137.91726684570312,22.719999313354492
2020-08-21,11592.4892578125,312.6319580078125,272.6957702636719,182.02999877929688,138.74374389648438,22.540000915527344
2020-08-24,11774.595703125,315.7998962402344,274.3984680175781,181.0,138.51828002929688,22.3700008392334
2020-08-25,11366.134765625,316.9049987792969,276.5559387207031,181.22000122070312,137.45809936523438,22.030000686645508
2020-08-26,11488.36328125,320.0821533203125,282.4573669433594,183.36000061035156,136.9322052001953,23.270000457763672
2020-08-27,11323.3974609375,320.7820739746094,281.5770263671875,181.24000549316406,134.6031494140625,24.469999313354492
2020-08-28,11542.5,322.8540954589844,283.00885009765625,184.38999938964844,134.50291442871094,22.959999084472656
2020-08-31,11680.8203125,321.68450927734375,285.28240966796875,184.8300018310547,135.3961639404297,26.40999984741211
2020-09-01,11970.478515625,324.7142639160156,290.1582946777344,185.0500030517578,136.94476318359375,26.1200008392334
2020-09-02,11414.0341796875,329.41107177734375,292.90594482421875,182.6199951171875,138.24855041503906,26.56999969482422
2020-09-03,10245.296875,318.07452392578125,278.05548095703125,181.13999938964844,138.64134216308594,33.599998474121094
2020-09-04,10511.8134765625,315.4775695800781,274.35015869140625,181.63999938964844,136.00880432128906,30.75
2020-09-08,10131.5166015625,306.85772705078125,261.1638488769531,181.2899932861328,136.84446716308594,31.459999084472656
2020-09-09,10242.34765625,312.91741943359375,268.835693359375,183.0500030517578,136.47679138183594,28.809999465942383
2020-09-10,10363.138671875,307.4840393066406,263.4759521484375,182.4600067138672,137.17041015625,29.709999084472656
2020-09-11,10400.9150390625,307.64056396484375,261.6474914550781,182.4499969482422,137.46298217773438,26.8700008392334
2020-09-14,10680.837890625,311.6925354003906,266.2042236328125,183.88999938964844,137.4546356201172,25.850000381469727
2020-09-15,10796.951171875,313.2674255371094,269.9772644042969,183.4499969482422,137.12030029296875,25.59000015258789
2020-09-16,10974.9052734375,312.02410888671875,265.6720886230469,183.97000122070312,136.71080017089844,26.040000915527344
2020-09-17,10948.990234375,309.2798156738281,261.5216979980469,182.9600067138672,137.12867736816406,26.459999084472656
2020-09-18,10944.5859375,305.7191467285156,258.1840515136719,183.1999969482422,136.70240783691406,25.829999923706055
2020-09-21,10462.259765625,302.31671142578125,258.8031921386719,179.52000427246094,137.39605712890625,27.780000686645508
2020-09-22,10538.4599609375,305.3955383300781,263.6114501953125,178.64999389648438,137.2873992919922,26.860000610351562
2020-09-23,10246.1865234375,298.3131408691406,255.56219482421875,174.7899932861328,137.47125244140625,28.579999923706055
2020-09-24,10760.06640625,299.1082458496094,256.752197265625,175.44000244140625,137.997802734375,28.510000228881836
2020-09-25,10692.716796875,303.94384765625,262.7214050292969,174.94000244140625,137.997802734375,26.3799991607666
2020-09-28,10709.65234375,308.9922790527344,268.1778259277344,176.6999969482422,137.6050567626953,26.190000534057617
2020-09-29,10844.640625,307.3095397949219,266.9685363769531,178.19000244140625,137.76382446289062,26.270000457763672
2020-09-30,10784.4912109375,309.63946533203125,268.79693603515625,177.1199951171875,136.44337463378906,26.3700008392334
2020-10-01,10619.4521484375,311.6273498535156,273.0634460449219,178.6999969482422,136.66836547851562,26.700000762939453
2020-10-02,10575.974609375,308.66864013671875,265.38189697265625,178.5399932861328,136.15805053710938,27.6299991607666
2020-10-05,10793.33984375,314.1423645019531,271.0414123535156,179.41000366210938,133.49766540527344,27.959999084472656
2020-10-06,10604.40625,309.6764831542969,266.2042236328125,177.3000030517578,134.21705627441406,29.479999542236328
2020-10-07,10668.96875,315.06689453125,270.8092956542969,177.22000122070312,133.23831176757812,28.059999465942383
2020-10-08,10915.685546875,317.859130859375,272.2507629394531,177.85000610351562,133.95773315429688,26.360000610351562
2020-10-09,11064.4580078125,320.6977233886719,276.410888671875,181.0800018310547,133.93270874023438,25.0
2020-10-12,11555.36328125,325.8570556640625,284.9437561035156,180.55999755859375,134.35939025878906,25.06999969482422
2020-10-13,11425.8994140625,323.7303466796875,284.9340515136719,177.72000122070312,135.32144165039062,26.06999969482422
2020-10-14,11429.5068359375,321.6962585449219,282.55413818359375,178.27000427246094,135.63099670410156,26.399999618530273
2020-10-15,11495.349609375,321.2986755371094,280.65789794921875,178.9199981689453,135.3967742919922,26.969999313354492
2020-10-16,11322.123046875,321.10455322265625,279.1197204589844,178.3000030517578,135.02024841308594,27.40999984741211
2020-10-19,11742.037109375,316.22259521484375,274.5629577636719,178.38999938964844,134.50991821289062,29.18000030517578
2020-10-20,11916.3349609375,317.4893798828125,275.15313720703125,179.25,133.22991943359375,29.350000381469727
2020-10-21,12823.689453125,316.8883056640625,274.94036865234375,180.60000610351562,132.76976013183594,28.649999618530273
2020-10-22,12965.8916015625,318.6265563964844,274.9306335449219,178.8300018310547,131.38937377929688,28.110000610351562
2020-10-23,12931.5390625,319.7083740234375,275.472412109375,178.63999938964844,132.19252014160156,27.549999237060547
2020-10-26,13075.248046875,313.8000793457031,271.3414001464844,178.5500030517578,133.42234802246094,32.459999084472656
2020-10-27,13654.21875,312.7183532714844,273.4601135253906,179.02000427246094,134.31747436523438,33.349998474121094
2020-10-28,13271.28515625,302.0299377441406,262.7987976074219,176.1300048828125,134.4430389404297,40.279998779296875
2020-10-29,13437.8828125,305.0997619628906,267.3941650390625,175.39999389648438,133.1378631591797,37.59000015258789
2020-10-30,13546.5224609375,301.91912841796875,260.6124267578125,176.1999969482422,131.8243865966797,38.02000045776367
2020-11-02,13550.4892578125,305.3030700683594,261.1928405761719,177.91000366210938,132.81185913085938,37.130001068115234
2020-11-03,13950.30078125,310.6935119628906,265.7108154296875,178.9199981689453,132.04132080078125,35.54999923706055
2020-11-04,14133.70703125,317.6373596191406,277.57177734375,178.82000732421875,134.90557861328125,29.56999969482422
2020-11-05,15579.8486328125,323.83203125,284.80828857421875,182.92999267578125,135.14012145996094,27.579999923706055
2020-11-06,15565.880859375,323.7581481933594,285.02117919921875,183.19000244140625,133.50697326660156,24.860000610351562
2020-11-09,15332.3154296875,327.826416015625,279.19708251953125,175.0800018310547,130.70130920410156,25.75
2020-11-10,15290.90234375,327.3455810546875,274.19537353515625,175.66000366210938,129.94757080078125,24.799999237060547
2020-11-11,15701.33984375,329.7773132324219,280.32904052734375,174.89999389648438,130.4165496826172,23.450000762939453
2020-11-12,16276.34375,326.5781555175781,279.0132751464844,175.9600067138672,132.635986328125,25.350000381469727
2020-11-13,16317.80859375,331.0994567871094,281.4609069824219,177.16000366210938,132.46005249023438,23.100000381469727
2020-11-16,16716.111328125,335.23236083984375,283.6570129394531,177.14999389648438,132.1417999267578,22.450000762939453
2020-11-17,17645.40625,333.429443359375,282.75732421875,176.5,133.0044708251953,22.709999084472656
2020-11-18,17804.005859375,329.4166564941406,280.6676330566406,175.49000549316406,133.38973999023438,23.84000015258789
2020-11-19,17817.08984375,330.8036193847656,282.8637390136719,175.16000366210938,134.07655334472656,23.110000610351562
2020-11-20,18621.314453125,328.5382995605469,280.9289245605469,175.69000244140625,135.26573181152344,23.700000762939453
2020-11-23,18364.12109375,330.5076904296875,280.9385070800781,172.22999572753906,134.64598083496094,22.65999984741211
2020-11-24,19107.46484375,335.8334045410156,284.8857116699219,169.58999633789062,133.3059539794922,21.639999389648438
2020-11-25,18732.12109375,335.3156433105469,286.6368408203125,169.50999450683594,132.89556884765625,21.25
2020-11-27,17108.40234375,336.2494812011719,289.2779541015625,167.7899932861328,134.18536376953125,20.84000015258789
2020-11-30,19625.8359375,334.76092529296875,289.86810302734375,166.6699981689453,134.01785278320312,20.56999969482422
2020-12-01,18802.998046875,338.4222412109375,293.58306884765625,170.17999267578125,132.0418701171875,20.770000457763672
2020-12-02,19201.091796875,339.1342468261719,293.9603271484375,171.4600067138672,130.993896484375,21.170000076293945
2020-12-03,19445.3984375,339.0417785644531,294.37640380859375,172.80999755859375,132.05026245117188,21.280000686645508
2020-12-04,18699.765625,341.9635009765625,295.5760803222656,172.32000732421875,130.11361694335938,20.790000915527344
2020-12-07,19191.630859375,341.2608337402344,297.249755859375,174.88999938964844,131.28732299804688,21.299999237060547
2020-12-08,18321.14453125,342.25933837890625,298.2559814453125,175.5,131.90769958496094,20.68000030517578
2020-12-09,18553.916015625,339.1897888183594,291.5029602050781,172.5,131.47177124023438,22.270000457763672
2020-12-10,18264.9921875,339.07879638671875,292.6736755371094,172.1699981689453,132.6371612548828,22.520000457763672
2020-12-11,18058.904296875,338.68115234375,292.0255432128906,172.49000549316406,133.10655212402344,23.309999465942383
2020-12-14,19246.64453125,337.1648864746094,294.14422607421875,171.5399932861328,132.73765563964844,24.719999313354492
2020-12-15,19417.076171875,341.7231140136719,297.2885437011719,173.94000244140625,132.29336547851562,22.889999389648438
2020-12-16,21310.59765625,342.25933837890625,298.9234924316406,174.89999389648438,131.94119262695312,22.5
2020-12-17,22805.162109375,344.17327880859375,300.877685546875,176.74000549316406,131.59217834472656,21.93000030517578
2020-12-18,23137.9609375,342.7990417480469,299.9682922363281,176.44000244140625,131.19764709472656,21.56999969482422
2020-12-21,22803.08203125,341.5733337402344,299.4072265625,175.8800048828125,131.7179412841797,25.15999984741211
2020-12-22,23783.029296875,340.99774169921875,300.2212829589844,174.49000549316406,132.3977508544922,24.229999542236328
2020-12-23,23241.345703125,341.3040771484375,298.70928955078125,175.64999389648438,131.48297119140625,23.309999465942383
2020-12-24,23735.94921875,342.63189697265625,300.0274658203125,176.35000610351562,132.00338745117188,21.530000686645508
2020-12-28,27084.80859375,345.5754089355469,303.05126953125,175.7100067138672,132.0620880126953,21.700000762939453
2020-12-29,27362.4375,344.9161682128906,303.3227233886719,176.35000610351562,131.89422607421875,23.079999923706055
2020-12-30,28840.953125,345.4082336425781,303.33233642578125,177.6999969482422,132.17958068847656,22.770000457763672
2020-12-31,29001.720703125,347.1632385253906,304.07861328125,178.36000061035156,132.3726043701172,22.75
2021-01-04,31971.9140625,342.4369812011719,299.7851867675781,182.3300018310547,132.21311950683594,26.969999313354492
2021-01-05,33992.4296875,344.79541015625,302.256591796875,182.8699951171875,131.2312469482422,25.34000015258789
2021-01-06,36824.36328125,346.8568115234375,298.0697021484375,179.89999389648438,128.53732299804688,25.06999969482422
2021-01-07,39371.04296875,352.01025390625,305.2805480957031,179.47999572753906,127.404296875,22.3700008392334
2021-01-08,40797.609375,354.015869140625,309.20574951171875,173.33999633789062,126.99311828613281,21.559999465942383
2021-01-11,35566.65625,351.6294860839844,304.73779296875,173.0,126.78325653076172,24.079999923706055
2021-01-12,33922.9609375,351.7037048339844,304.253173828125,174.1199951171875,126.68257904052734,23.329999923706055
2021-01-13,37316.359375,352.6508483886719,306.307861328125,173.3699951171875,128.1092987060547,22.209999084472656
2021-01-14,39187.328125,351.4158935546875,304.6698913574219,173.27999877929688,126.9091796875,23.25
2021-01-15,36825.3671875,348.8531799316406,302.256591796875,171.1300048828125,127.4127197265625,24.34000015258789
2021-01-19,36069.8046875,351.5924072265625,306.6665344238281,172.5800018310547,127.82393646240234,23.239999771118164
2021-01-20,35547.75,356.4579162597656,313.7997741699219,175.38999938964844,127.94984436035156,21.579999923706055
2021-01-21,30825.69921875,356.7828369140625,316.3100891113281,175.27999877929688,127.05186462402344,21.31999969482422
2021-01-22,33005.76171875,355.5201416015625,315.3990478515625,173.89999389648438,127.46310424804688,21.90999984741211
2021-01-25,32366.392578125,356.92218017578125,318.0062255859375,174.0500030517578,128.96530151367188,23.190000534057617
2021-01-26,32569.849609375,356.3651123046875,318.4714050292969,173.6199951171875,128.72193908691406,23.020000457763672
2021-01-27,30432.546875,347.6553649902344,309.5934753417969,172.52000427246094,129.0492401123047,37.209999084472656
2021-01-28,33466.09765625,350.6451721191406,311.42535400390625,172.67999267578125,128.3358917236328,30.209999084472656
2021-01-29,34316.38671875,343.62548828125,304.8734436035156,172.61000061035156,127.56373596191406,33.09000015258789
2021-02-01,33537.17578125,349.34527587890625,312.491455078125,174.22999572753906,127.71163177490234,30.239999771118164
2021-02-02,35510.2890625,354.2850646972656,317.58941650390625,172.11000061035156,126.8882064819336,25.559999465942383
2021-02-03,37472.08984375,354.56365966796875,316.3294372558594,171.85000610351562,125.76237487792969,22.90999984741211
2021-02-04,36926.06640625,358.5935363769531,320.0706481933594,168.14999389648438,125.42626190185547,21.770000457763672
2021-02-05,38144.30859375,360.0049133300781,321.1560974121094,169.80999755859375,124.37604522705078,20.8700008392334
2021-02-08,46196.46484375,362.60479736328125,323.3077087402344,171.52000427246094,124.92222595214844,21.239999771118164
2021-02-09,46481.10546875,362.3633728027344,323.2398681640625,172.0800018310547,125.01461029052734,21.6299991607666
2021-02-10,44918.18359375,362.20556640625,322.50323486328125,172.7100067138672,125.84635162353516,21.989999771118164
2021-02-11,47909.33203125,362.79058837890625,324.27691650390625,171.2100067138672,125.15740966796875,21.25
2021-02-12,47504.8515625,364.5826721191406,326.0893859863281,170.69000244140625,123.6030502319336,19.969999313354492
2021-02-16,49199.87109375,364.2669372558594,325.2073974609375,168.24000549316406,121.72095489501953,21.459999084472656
2021-02-17,52149.0078125,364.3505554199219,323.64697265625,166.3300018310547,122.49397277832031,21.5
2021-02-18,51679.796875,362.7999572753906,322.23193359375,166.32000732421875,121.9982681274414,22.489999771118164
2021-02-19,55888.1328125,362.15911865234375,320.82659912109375,167.00999450683594,120.37666320800781,22.049999237060547
2021-02-22,54207.3203125,359.37347412109375,312.5107727050781,169.50999450683594,119.4608154296875,23.450000762939453
2021-02-23,48824.42578125,359.8099365234375,311.580322265625,169.1199951171875,119.11632537841797,23.110000610351562
2021-02-24,49705.33203125,363.7747802734375,314.14874267578125,169.0,118.3349380493164,21.34000015258789
2021-02-25,47093.8515625,355.0094299316406,303.19671630859375,165.82000732421875,116.40245819091797,28.889999389648438
2021-02-26,46339.76171875,353.18017578125,304.46636962890625,161.80999755859375,120.25062561035156,27.950000762939453
2021-03-01,49631.2421875,361.7413024902344,313.6253662109375,161.52999877929688,118.66238403320312,23.350000381469727
2021-03-02,48378.98828125,358.9185485839844,308.5951843261719,162.41000366210938,118.67084503173828,24.100000381469727
2021-03-03,50538.2421875,354.1644287109375,299.63970947265625,160.6199951171875,117.38377380371094,26.670000076293945
2021-03-04,48561.16796875,349.7817077636719,294.73553466796875,159.0399932861328,116.62662506103516,28.56999969482422
2021-03-05,48927.3046875,356.2165222167969,299.17449951171875,159.13999938964844,116.85375213623047,24.65999984741211
2021-03-08,52246.5234375,354.4429931640625,290.70361328125,157.49000549316406,115.94523620605469,25.469999313354492
2021-03-09,54824.1171875,359.5035400390625,302.1693420410156,160.83999633789062,117.55197143554688,24.030000686645508
2021-03-10,56008.55078125,361.7413024902344,301.3067321777344,161.66000366210938,117.78751373291016,22.559999465942383
2021-03-11,57805.12109375,365.4090270996094,308.2462463378906,161.52000427246094,116.93787384033203,21.90999984741211
2021-03-12,57332.08984375,365.9011535644531,305.74566650390625,161.49000549316406,114.45631408691406,20.690000534057617
2021-03-15,55907.19921875,368.0832214355469,309.01190185546875,162.1999969482422,115.1292495727539,20.030000686645508
2021-03-16,56804.90234375,367.6189270019531,310.7080993652344,162.35000610351562,114.6666259765625,19.790000915527344
2021-03-17,58870.89453125,368.8725280761719,311.9874267578125,163.50999450683594,113.80855560302734,19.229999542236328
2021-03-18,57858.921875,363.50555419921875,302.43109130859375,162.55999755859375,112.65608978271484,21.579999923706055
2021-03-19,58346.65234375,362.8329772949219,303.4971618652344,163.24000549316406,113.35428619384766,20.950000762939453
2021-03-22,54529.14453125,365.7301940917969,309.188720703125,163.0,114.6245346069336,18.8799991607666
2021-03-23,54738.9453125,362.8515930175781,307.8397521972656,161.80999755859375,115.65921783447266,20.299999237060547
2021-03-24,52774.265625,361.00701904296875,302.6479797363281,162.3699951171875,116.28169250488281,21.200000762939453
2021-03-25,51704.16015625,363.03790283203125,302.1240539550781,161.77999877929688,115.36483001708984,19.809999465942383
2021-03-26,55137.3125,368.8882751464844,306.65594482421875,162.24000549316406,114.96100616455078,18.860000610351562
2021-03-29,57750.19921875,368.7019348144531,306.5686950683594,160.30999755859375,113.9852066040039,20.739999771118164
2021-03-30,58917.69140625,367.7237548828125,305.0256652832031,157.57000732421875,114.58244323730469,19.610000610351562
2021-03-31,58918.83203125,369.2143249511719,309.6933898925781,159.9600067138672,113.94314575195312,19.399999618530273
2021-04-01,59095.80859375,373.201416015625,314.9724426269531,161.97999572753906,115.83428192138672,17.329999923706055
2021-04-05,59057.87890625,378.5580749511719,321.2608947753906,161.9199981689453,115.3288345336914,17.90999984741211
2021-04-06,58192.359375,378.33447265625,321.0377197265625,163.22000122070312,116.11222076416016,18.1200008392334
2021-04-07,56048.9375,378.7723388671875,321.8140563964844,162.75999450683594,115.3036117553711,17.15999984741211
2021-04-08,58323.953125,380.57025146484375,325.17169189453125,164.50999450683594,116.25543212890625,16.950000762939453
2021-04-09,58245.00390625,383.3370666503906,327.14166259765625,163.27000427246094,115.83428192138672,16.690000534057617
2021-04-12,59893.453125,383.47686767578125,326.7146911621094,162.27999877929688,115.78372192382812,16.90999984741211
2021-04-13,63503.45703125,384.61334228515625,330.52850341796875,163.42999267578125,116.65140533447266,16.649999618530273
2021-04-14,63109.6953125,383.29986572265625,326.5594177246094,162.72000122070312,116.28070831298828,16.989999771118164
2021-04-15,63314.01171875,387.4173889160156,331.5086975097656,165.35000610351562,118.22660827636719,16.56999969482422
2021-04-16,61572.7890625,388.71234130859375,331.8968811035156,166.35000610351562,117.30841064453125,16.25
2021-04-19,55724.265625,386.8026123046875,328.8592529296875,165.88999938964844,116.97144317626953,17.290000915527344
2021-04-20,56473.03125,383.9705810546875,326.46240234375,166.47999572753906,117.51056671142578,18.68000030517578
2021-04-21,53906.08984375,387.6037902832031,329.2572326660156,168.1300048828125,117.7464370727539,17.5
2021-04-22,51762.2734375,384.06365966796875,325.2882080078125,167.0399932861328,118.2602767944336,18.709999084472656
2021-04-23,51093.65234375,388.2279357910156,329.38348388671875,166.39999389648438,117.98236083984375,17.329999923706055
2021-04-26,54021.75390625,389.038330078125,331.52801513671875,166.83999633789062,117.81381225585938,17.639999389648438
2021-04-27,55033.1171875,388.9545593261719,330.091796875,166.4199981689453,116.78612518310547,17.559999465942383
2021-04-28,54824.703125,388.8426818847656,328.9757995605469,166.91000366210938,116.86193084716797,17.280000686645508
2021-04-29,53555.109375,391.32080078125,330.15972900390625,166.22000122070312,116.5165786743164,17.610000610351562
2021-04-30,57750.17578125,388.74951171875,327.9956970214844,165.66000366210938,116.78612518310547,18.610000610351562
2021-05-03,57200.29296875,389.58807373046875,326.2488708496094,167.80999755859375,116.85619354248047,18.309999465942383
2021-05-04,53333.5390625,387.18450927734375,320.37786865234375,166.5800018310547,117.64915466308594,19.479999542236328
2021-05-05,57424.0078125,387.30560302734375,319.30059814453125,167.27000427246094,117.84313201904297,19.149999618530273
2021-05-06,56396.515625,390.3985290527344,321.7072448730469,170.05999755859375,118.03718566894531,18.389999389648438
2021-05-07,57356.40234375,393.2398376464844,324.31781005859375,171.58999633789062,117.45508575439453,16.690000534057617
2021-05-10,55859.796875,389.3458251953125,316.12725830078125,172.11000061035156,116.2656478881836,19.65999984741211
2021-05-11,56704.57421875,385.8710021972656,315.69061279296875,172.13999938964844,115.60757446289062,21.84000015258789
2021-05-12,49150.53515625,377.6730651855469,307.5196533203125,170.42999267578125,114.39290618896484,27.59000015258789
2021-05-13,49716.19140625,382.2098388671875,309.8971862792969,171.1300048828125,114.5700454711914,23.1299991607666
2021-05-14,49880.53515625,388.0788879394531,316.73876953125,172.69000244140625,115.64132690429688,18.809999465942383
2021-05-17,43537.51171875,387.09130859375,314.81719970703125,174.6999969482422,115.39676666259766,19.719999313354492
2021-05-18,42909.40234375,383.75628662109375,312.6919860839844,175.0399932861328,115.10147094726562,21.34000015258789
2021-05-19,37002.44140625,382.7502136230469,313.051025390625,175.16000366210938,114.82308959960938,22.18000030517578
2021-05-20,40782.73828125,386.8677673339844,319.1065368652344,175.9600067138672,115.76793670654297,20.670000076293945
2021-05-21,37304.69140625,386.5510559082031,317.34033203125,176.0399932861328,116.13912200927734,20.149999618530273
2021-05-24,38705.98046875,390.4916076660156,322.677734375,176.35000610351562,116.5693359375,18.399999618530273
2021-05-25,38402.22265625,389.62530517578125,323.12408447265625,177.9499969482422,117.64915466308594,18.84000015258789
2021-05-26,39294.19921875,390.3985290527344,324.24981689453125,177.63999938964844,117.44667053222656,17.360000610351562
2021-05-27,38436.96875,390.6034851074219,323.03680419921875,177.7100067138672,116.97428894042969,16.739999771118164
2021-05-28,35697.60546875,391.30218505859375,324.05572509765625,178.3800048828125,116.78866577148438,16.760000228881836
2021-06-01,36684.92578125,390.9573974609375,322.9786071777344,177.89999389648438,116.7624740600586,17.899999618530273
2021-06-02,37575.1796875,391.57232666015625,323.6093444824219,178.77000427246094,117.03282165527344,17.479999542236328
2021-06-03,39208.765625,390.1190185546875,320.24188232421875,175.27000427246094,116.59349822998047,18.040000915527344
2021-06-04,36894.40625,393.6869812011719,325.6763916015625,177.16000366210938,118.19025421142578,16.420000076293945
2021-06-07,33560.70703125,393.30499267578125,326.6467590332031,177.8699951171875,117.82696533203125,16.420000076293945
2021-06-08,33472.6328125,393.3888854980469,326.8021240234375,177.32000732421875,118.65486145019531,17.06999969482422
2021-06-09,37345.12109375,392.802001953125,326.8796691894531,176.97999572753906,119.70246124267578,17.889999389648438
2021-06-10,36702.59765625,394.6278381347656,330.2858581542969,177.74000549316406,120.42052459716797,16.100000381469727
2021-06-11,37334.3984375,395.2799987792969,331.1495666503906,175.74000549316406,120.22624206542969,15.649999618530273
2021-06-14,40218.4765625,396.1650085449219,334.3229675292969,174.7100067138672,119.3053970336914,16.389999389648438
2021-06-15,40406.26953125,395.4383544921875,332.13946533203125,174.0500030517578,119.16180419921875,17.020000457763672
2021-06-16,38347.0625,393.2304382324219,330.92645263671875,171.11000061035156,119.06044006347656,18.149999618530273
2021-06-17,38053.50390625,393.1001281738281,335.1282958984375,165.85000610351562,120.84294891357422,17.75
2021-06-18,35787.24609375,387.7969665527344,332.4985046386719,164.92999267578125,123.11555480957031,20.700000762939453
2021-06-21,31676.693359375,393.3486633300781,334.56494140625,166.9499969482422,121.05414581298828,17.889999389648438
2021-06-22,32505.66015625,395.45159912109375,337.68365478515625,166.25,121.34986114501953,16.65999984741211
2021-06-23,33723.02734375,394.9750061035156,337.8487548828125,166.13999938964844,121.03727722167969,16.31999969482422
2021-06-24,34662.4375,397.3115539550781,339.937744140625,166.0399932861328,121.23157501220703,15.970000267028809
2021-06-25,31637.779296875,398.7228698730469,339.5198974609375,166.58999633789062,119.97286224365234,15.619999885559082
2021-06-28,34434.3359375,399.526611328125,343.6490783691406,166.5800018310547,121.2061996459961,15.760000228881836
2021-06-29,35867.77734375,399.7415771484375,344.8926696777344,164.8300018310547,121.40902709960938,16.020000457763672
2021-06-30,35040.8359375,400.07806396484375,344.3485412597656,165.6300048828125,121.94971466064453,15.829999923706055
2021-07-01,33572.1171875,402.2930908203125,344.48455810546875,166.1999969482422,121.95641326904297,15.479999542236328
2021-07-02,33897.046875,405.3680419921875,348.438720703125,167.2899932861328,122.69237518310547,15.069999694824219
2021-07-06,34235.1953125,404.6296081542969,349.9447021484375,168.1199951171875,124.13043975830078,16.440000534057617
2021-07-07,33855.328125,406.0596923828125,350.68310546875,168.75999450683594,125.23016357421875,16.200000762939453
2021-07-08,32877.37109375,402.7510681152344,348.5650939941406,168.64999389648438,125.72077941894531,19.0
2021-07-09,33798.01171875,407.05035400390625,350.74139404296875,169.2100067138672,123.9527816772461,16.18000030517578
2021-07-12,33155.84765625,408.5084228515625,352.1112976074219,169.0,123.79209899902344,16.170000076293945
2021-07-13,32702.025390625,407.1157531738281,352.1112976074219,169.22000122070312,122.84465026855469,17.1200008392334
2021-07-14,32822.34765625,407.7233581542969,352.7427978515625,171.0399932861328,124.24041748046875,16.329999923706055
2021-07-15,31780.73046875,406.3306579589844,350.2652587890625,171.07000732421875,125.61080932617188,17.010000228881836
2021-07-16,31421.5390625,403.1437072753906,347.4283752441406,169.41000366210938,125.37397003173828,18.450000762939453
2021-07-19,30817.83203125,397.1900329589844,344.5818176269531,169.61000061035156,128.12322998046875,22.5
2021-07-20,29807.34765625,402.8819274902344,348.58447265625,169.38999938964844,126.88814544677734,19.729999542236328
2021-07-21,32110.693359375,406.1437683105469,351.2757568359375,168.75999450683594,125.28091430664062,17.90999984741211
2021-07-22,32313.10546875,406.9942932128906,353.5977783203125,169.08999633789062,126.4652328491211,17.690000534057617
2021-07-23,33581.55078125,411.18145751953125,357.7268371582031,168.55999755859375,125.6192398071289,17.200000762939453
2021-07-26,37337.53515625,412.1907653808594,358.008544921875,168.16000366210938,125.24710845947266,17.579999923706055
2021-07-27,39406.94140625,410.3122863769531,354.0641174316406,168.44000244140625,126.58361053466797,19.360000610351562
2021-07-28,39995.90625,410.14398193359375,355.4242858886719,169.2899932861328,126.59207153320312,18.309999465942383
2021-07-29,40008.421875,411.8450012207031,356.0557861328125,171.1699981689453,125.88992309570312,17.700000762939453
2021-07-30,42235.546875,409.84490966796875,354.2000732421875,169.82000732421875,126.48213958740234,18.239999771118164
2021-08-02,39201.9453125,408.98504638671875,354.2292175292969,169.61000061035156,127.61026000976562,19.459999084472656
2021-08-03,38152.98046875,412.3122863769531,356.37640380859375,169.49000549316406,127.67801666259766,18.040000915527344
2021-08-04,39747.50390625,410.2842712402344,356.891357421875,169.52999877929688,127.94058227539062,17.969999313354492
2021-08-05,40869.5546875,412.8824462890625,359.1550598144531,168.86000061035156,127.28839111328125,17.280000686645508
2021-08-06,42816.5,413.56475830078125,357.5811462402344,164.63999938964844,125.16259765625,16.149999618530273
2021-08-09,46365.40234375,413.2282409667969,358.2417907714844,161.72000122070312,124.7137222290039,16.719999313354492
2021-08-10,45585.03125,413.7423095703125,356.4054870605469,161.77000427246094,124.13778686523438,16.790000915527344
2021-08-11,45593.63671875,414.7704772949219,355.7934875488281,164.0,124.06153869628906,16.170000076293945
2021-08-12,44428.2890625,416.01348876953125,357.0759582519531,164.0399932861328,123.85829162597656,15.59000015258789
2021-08-13,47793.3203125,416.7705993652344,358.3292541503906,166.38999938964844,125.81470489501953,15.449999809265137
2021-08-16,46004.484375,417.7518615722656,358.4847412109375,167.22000122070312,126.11962127685547,16.1200008392334
2021-08-17,44695.359375,415.013427734375,355.3271484375,166.97000122070312,126.0688247680664,17.90999984741211
2021-08-18,44801.1875,410.4710693359375,351.90716552734375,167.10000610351562,126.49230194091797,21.56999969482422
2021-08-19,46717.578125,411.10662841796875,353.6075134277344,166.61000061035156,127.42393493652344,21.670000076293945
2021-08-20,49339.17578125,414.37786865234375,357.2702331542969,166.6999969482422,127.50868225097656,18.559999465942383
2021-08-23,49546.1484375,418.0229187011719,362.61376953125,168.72999572753906,127.42393493652344,17.149999618530273
2021-08-24,47706.1171875,418.6865234375,363.72137451171875,168.64999389648438,126.4329833984375,17.219999313354492
2021-08-25,48960.7890625,419.5650939941406,364.13916015625,167.47999572753906,125.38275909423828,16.790000915527344
2021-08-26,46942.21875,417.08831787109375,361.8267517089844,167.6699981689453,125.73001861572266,18.84000015258789
2021-08-27,49058.66796875,420.8174743652344,365.3438720703125,170.19000244140625,126.58544921875,16.389999389648438
2021-08-30,47054.984375,422.6680603027344,369.4438781738281,169.35000610351562,126.91580200195312,16.190000534057617
2021-08-31,47166.6875,422.0419006347656,369.1427307128906,169.69000244140625,126.05188751220703,16.479999542236328
2021-09-01,48847.02734375,422.2662048339844,369.75469970703125,169.6999969482422,126.26305389404297,16.110000610351562
2021-09-02,49327.72265625,423.5653076171875,369.5798034667969,169.25,126.81422424316406,16.40999984741211
2021-09-03,50025.375,423.46240234375,370.7165222167969,171.05999755859375,125.66093444824219,16.40999984741211
2021-09-07,46811.12890625,421.9484558105469,371.24114990234375,167.7100067138672,124.60083770751953,18.139999389648438
2021-09-08,46091.390625,421.43438720703125,369.948974609375,167.2899932861328,125.44886016845703,17.959999084472656
2021-09-09,46391.421875,419.6304931640625,368.67633056640625,168.02999877929688,126.96693420410156,18.799999237060547
2021-09-10,44883.91015625,416.3218994140625,365.87811279296875,167.17999267578125,125.84747314453125,20.950000762939453
2021-09-13,44963.07421875,417.3874206542969,365.6256408691406,167.74000549316406,126.61080169677734,19.3700008392334
2021-09-14,47092.4921875,415.1349182128906,364.5861511230469,168.82000732421875,128.14564514160156,19.459999084472656
2021-09-15,48176.34765625,418.6024169921875,367.296630859375,167.8300018310547,127.69624328613281,18.18000030517578
2021-09-16,47783.359375,417.9388427734375,367.54925537109375,164.02999877929688,127.11103057861328,18.690000534057617
2021-09-17,47267.51953125,413.86767578125,363.1966857910156,163.77000427246094,126.50045776367188,20.809999465942383
2021-09-20,42843.80078125,406.9667663574219,355.6919860839844,164.94000244140625,128.0693359375,25.709999084472656
2021-09-21,40693.67578125,406.5823669433594,356.12957763671875,166.0399932861328,127.95905303955078,24.360000610351562
2021-09-22,43574.5078125,410.5484619140625,359.4559631347656,165.4199981689453,128.72232055664062,20.8700008392334
2021-09-23,44895.09765625,415.5366516113281,362.77264404296875,163.50999450683594,125.81358337402344,18.6299991607666
2021-09-24,42839.75,416.22113037109375,363.1130676269531,163.3000030517578,124.58394622802734,17.75
2021-09-27,42235.73046875,415.0303649902344,360.214599609375,163.63999938964844,124.12596130371094,18.760000228881836
2021-09-28,41034.54296875,406.6667175292969,350.0213928222656,162.0500030517578,122.19248962402344,23.25
2021-09-29,41564.36328125,407.35113525390625,349.4474792480469,161.32000732421875,122.40444946289062,22.559999465942383
2021-09-30,43790.89453125,402.3724060058594,348.1636657714844,164.22000122070312,122.3875732421875,23.139999389648438
2021-10-01,48116.94140625,407.1542663574219,350.3229064941406,164.58999633789062,123.41753387451172,21.100000381469727
2021-10-04,49112.90234375,401.9035949707031,342.9698791503906,165.36000061035156,123.10327911376953,22.959999084472656
2021-10-05,51514.8125,406.0853576660156,347.599609375,164.58999633789062,121.91461944580078,21.299999237060547
2021-10-06,55361.44921875,407.7730407714844,349.8269348144531,165.02999877929688,122.60234832763672,21.0
2021-10-07,53805.984375,411.2985534667969,353.03656005859375,164.16000366210938,121.32023620605469,19.540000915527344
2021-10-08,53967.84765625,410.5484619140625,351.276123046875,164.22999572753906,120.47112274169922,18.770000457763672
2021-10-11,57484.7890625,407.576171875,348.5819396972656,163.9199981689453,120.16539764404297,20.0
2021-10-12,56041.05859375,406.57293701171875,347.3661804199219,164.66000366210938,122.22026062011719,19.850000381469727
2021-10-13,57401.09765625,408.03564453125,350.1478271484375,167.58999633789062,123.40901947021484,18.639999389648438
2021-10-14,57321.5234375,414.8990783691406,356.596435546875,168.0,123.86756134033203,16.860000610351562
2021-10-15,61593.94921875,418.0588684082031,358.8432312011719,165.3300018310547,123.14579010009766,16.299999237060547
2021-10-18,62026.078125,419.2965087890625,362.45159912109375,164.9199981689453,123.72317504882812,16.309999465942383
2021-10-19,64261.9921875,422.5313415527344,365.1944885253906,165.4499969482422,122.01651000976562,15.699999809265137
2021-10-20,65992.8359375,424.1908874511719,364.7179870605469,166.89999389648438,121.19287109375,15.489999771118164
2021-10-21,62210.171875,425.29736328125,366.9452209472656,166.75,121.04844665527344,15.010000228881836
2021-10-22,60692.265625,424.8565979003906,363.8619689941406,167.77000427246094,122.38157653808594,15.430000305175781
2021-10-25,63039.82421875,427.13507080078125,367.587158203125,168.92999267578125,122.19477844238281,15.239999771118164
2021-10-26,60363.79296875,427.51953125,368.7445983886719,167.67999267578125,123.20521545410156,15.979999542236328
2021-10-27,58482.38671875,425.6254577636719,369.6004943847656,168.1199951171875,125.44685363769531,16.979999542236328
2021-10-28,60622.13671875,429.7323303222656,373.7050476074219,168.0800018310547,125.02230834960938,16.530000686645508
2021-10-29,62227.96484375,430.6042785644531,375.5433349609375,166.64999389648438,125.40442657470703,16.260000228881836
2021-11-01,61004.40625,431.3450622558594,376.8271789550781,167.52000427246094,124.50154876708984,16.40999984741211
2021-11-02,63226.40234375,433.0889892578125,378.4029235839844,167.16000366210938,125.05409240722656,16.030000686645508
2021-11-03,62970.046875,435.7331237792969,382.4197998046875,165.77000427246094,123.76183319091797,15.100000381469727
2021-11-04,61452.23046875,437.7865295410156,387.3218688964844,167.64999389648438,125.06263732910156,15.4399995803833
2021-11-05,61125.67578125,439.3053894042969,387.6915588378906,169.83999633789062,126.93299102783203,16.479999542236328
2021-11-08,67566.828125,439.680419921875,387.1662902832031,170.4499969482422,126.69499969482422,17.219999313354492
2021-11-09,66971.828125,438.2271423339844,384.5013122558594,171.2899932861328,128.3443603515625,17.780000686645508
2021-11-10,64995.23046875,434.7018127441406,378.8503112792969,173.14999389648438,125.99781799316406,18.729999542236328
2021-11-11,64949.9609375,434.8423156738281,379.9007568359375,174.1199951171875,125.81077575683594,17.65999984741211
2021-11-12,64155.94140625,438.1240539550781,383.8983154296875,174.4499969482422,125.25819396972656,16.290000915527344
2021-11-15,63557.87109375,438.27398681640625,383.8106689453125,174.17999267578125,123.68531036376953,16.489999771118164
2021-11-16,60161.24609375,440.0086975097656,386.5438232421875,172.9199981689453,123.37074279785156,16.3700008392334
2021-11-17,60368.01171875,438.93975830078125,386.7481384277344,174.5,124.3485107421875,17.110000610351562
2021-11-18,56942.13671875,440.4305419921875,390.7552490234375,173.94000244140625,124.81605529785156,17.59000015258789
2021-11-19,58119.578125,439.6429748535156,392.93402099609375,172.61000061035156,126.13385772705078,17.90999984741211
2021-11-22,56289.2890625,438.4053649902344,388.3723449707031,168.74000549316406,124.65455627441406,19.170000076293945
2021-11-23,57569.07421875,438.9866638183594,386.6022033691406,167.27999877929688,122.8521728515625,19.3799991607666
2021-11-24,56280.42578125,440.1586608886719,387.8471374511719,167.1199951171875,124.82459259033203,18.579999923706055
2021-11-26,53569.765625,430.341796875,380.4940185546875,166.85000610351562,127.978759765625,28.6200008392334
2021-11-29,57806.56640625,435.6205749511719,388.751708984375,166.6199951171875,126.95001220703125,22.959999084472656
2021-11-30,57005.42578125,427.1444396972656,383.0423583984375,165.5,128.8799591064453,27.190000534057617
2021-12-01,57229.828125,422.4000549316406,376.5257568359375,166.16000366210938,129.67503356933594,31.1200008392334
2021-12-02,56477.81640625,428.86968994140625,379.2392578125,165.24000549316406,129.83680725097656,27.950000762939453
2021-12-03,53598.24609375,425.137939453125,372.6448974609375,166.6300048828125,131.38601684570312,30.670000076293945
2021-12-06,50582.625,430.1729431152344,375.6308898925781,166.22000122070312,129.5813751220703,27.18000030517578
2021-12-07,50700.0859375,439.0709228515625,386.94256591796875,166.80999755859375,128.53436279296875,21.889999389648438
2021-12-08,50504.796875,440.2336730957031,388.6738586425781,166.89999389648438,126.31265258789062,19.899999618530273
2021-12-09,47672.12109375,437.26141357421875,382.95477294921875,165.8800048828125,127.01920318603516,21.579999923706055
2021-12-10,47243.3046875,441.37762451171875,387.11767578125,166.5800018310547,126.71278381347656,18.690000534057617
2021-12-13,46737.48046875,437.4677429199219,381.5250549316406,167.0,128.5854949951172,20.309999465942383
2021-12-14,46612.6328125,434.45782470703125,377.57611083984375,165.44000244140625,128.27902221679688,21.889999389648438
2021-12-15,48896.72265625,441.2463073730469,386.1839599609375,166.14999389648438,127.04479217529297,19.290000915527344
2021-12-16,47665.42578125,437.3551330566406,376.2533264160156,168.16000366210938,127.0941162109375,20.56999969482422
2021-12-17,46202.14453125,432.700439453125,374.37615966796875,167.8000030517578,128.53431701660156,21.56999969482422
2021-12-20,46880.27734375,428.09930419921875,370.7445373535156,167.08999633789062,127.57142639160156,22.8700008392334
2021-12-21,48936.61328125,435.7019348144531,379.0419921875,167.02000427246094,127.0855941772461,21.010000228881836
2021-12-22,48628.51171875,440.0585021972656,383.65814208984375,168.58999633789062,127.67366790771484,18.6299991607666
2021-12-23,50784.5390625,442.7965087890625,386.5505676269531,168.97000122070312,126.56585693359375,17.959999084472656
2021-12-27,50640.41796875,449.06304931640625,392.93914794921875,169.3699951171875,126.87265014648438,17.68000030517578
2021-12-28,47588.85546875,448.69610595703125,391.1180725097656,168.63999938964844,126.36988067626953,17.540000915527344
2021-12-29,46444.7109375,449.27008056640625,391.0596618652344,168.58999633789062,124.98930358886719,16.950000762939453
2021-12-30,47178.125,448.02801513671875,389.8909912109375,169.8000030517578,126.03755187988281,17.329999923706055
2021-12-31,46306.4453125,446.89892578125,387.4562072753906,170.9600067138672,126.28459930419922,17.219999313354492
2022-01-03,46458.1171875,449.4864501953125,391.1861877441406,168.3300018310547,122.96961975097656,16.600000381469727
2022-01-04,45897.57421875,449.3359069824219,386.1123352050781,169.57000732421875,122.45836639404297,16.90999984741211
2022-01-05,43569.00390625,440.7077331542969,374.2505187988281,169.05999755859375,121.79364776611328,19.729999542236328
2022-01-06,43160.9296875,440.293701171875,373.987548828125,166.99000549316406,122.10890197753906,19.610000610351562
2022-01-07,41557.90234375,438.552978515625,369.93621826171875,167.75,121.23116302490234,18.760000228881836
2022-01-10,41821.26171875,438.00726318359375,370.1796875,168.25999450683594,121.52940368652344,19.399999618530273
2022-01-11,42735.85546875,441.9967041015625,375.7405090332031,170.2899932861328,122.33898162841797,18.40999984741211
2022-01-12,43949.1015625,443.191650390625,377.23065185546875,170.74000549316406,121.87032318115234,17.6200008392334
2022-01-13,42591.5703125,437.0851745605469,367.79376220703125,170.16000366210938,122.9525146484375,20.309999465942383
2022-01-14,43099.69921875,437.2639465332031,370.0823974609375,169.6699981689453,121.09483337402344,19.190000534057617
2022-01-18,42375.6328125,429.5201110839844,360.8694763183594,169.38999938964844,119.39044952392578,22.790000915527344
2022-01-19,41744.328125,425.0601806640625,356.9057922363281,172.0800018310547,120.21707916259766,23.850000381469727
2022-01-20,40680.41796875,420.3555603027344,352.2701721191406,171.64999389648438,120.95845794677734,25.59000015258789
2022-01-21,36457.31640625,412.1037292480469,342.5021667480469,171.08999633789062,122.398681640625,28.850000381469727
2022-01-24,36654.328125,413.8538513183594,344.07012939453125,172.02999877929688,121.39308166503906,29.899999618530273
2022-01-25,36954.00390625,408.8011169433594,336.0940856933594,172.5800018310547,121.19709777832031,31.15999984741211
2022-01-26,36852.12109375,407.7755126953125,335.56817626953125,169.7899932861328,119.73130798339844,31.959999084472656
2022-01-27,37138.234375,405.761962890625,332.18890380859375,167.60000610351562,121.9299545288086,30.489999771118164
2022-01-28,37784.33203125,415.83917236328125,342.6092834472656,167.10000610351562,121.97257232666016,27.65999984741211
2022-01-31,38483.125,423.3289489746094,353.5653076171875,168.08999633789062,121.34193420410156,24.829999923706055
2022-02-01,38743.2734375,426.18927001953125,355.9708557128906,168.22999572753906,120.93917846679688,21.959999084472656
2022-02-02,36952.984375,430.329345703125,358.86322021484375,168.83999633789062,121.34874725341797,22.09000015258789
2022-02-03,37154.6015625,420.2144470214844,344.3135986328125,168.60000610351562,120.40154266357422,24.350000381469727
2022-02-04,41500.875,422.1903991699219,348.6571350097656,168.86000061035156,118.62654876708984,23.219999313354492
2022-02-07,43840.28515625,420.8354187011719,345.8523254394531,170.11000061035156,118.70337677001953,22.860000610351562
2022-02-08,44118.4453125,424.298095703125,349.7380676269531,170.6300048828125,117.90969848632812,21.440000534057617
2022-02-09,44338.796875,430.50811767578125,357.1493225097656,171.2100067138672,118.13159942626953,19.959999084472656
2022-02-10,43565.11328125,422.77374267578125,349.0661315917969,170.55999755859375,116.25416564941406,23.90999984741211
2022-02-11,42407.9375,414.4371337890625,337.9931335449219,173.80999755859375,117.97795867919922,27.360000610351562
2022-02-14,42586.91796875,413.08233642578125,338.41192626953125,174.74000549316406,116.51018524169922,28.329999923706055
2022-02-15,44575.203125,419.74407958984375,346.826171875,173.0800018310547,115.1874771118164,25.700000762939453
2022-02-16,43961.859375,420.2144470214844,346.7385559082031,174.86000061035156,115.87015533447266,24.290000915527344
2022-02-17,40538.01171875,411.2380676269531,336.42523193359375,177.25,116.7320556640625,28.110000610351562
2022-02-18,40030.9765625,408.57525634765625,332.58819580078125,177.1199951171875,117.96088409423828,27.75
2022-02-22,38286.02734375,404.1906433105469,329.2477111816406,177.49000549316406,118.26812744140625,28.809999465942383
2022-02-23,37296.5703125,397.0207824707031,320.81402587890625,178.2899932861328,116.6382064819336,31.020000457763672
2022-02-24,38332.609375,402.9956359863281,331.5947570800781,177.13999938964844,116.71499633789062,30.31999969482422
2022-02-25,39214.21875,411.8873291015625,336.73687744140625,176.5500030517578,116.80037689208984,27.59000015258789
2022-02-28,43193.234375,410.8335266113281,337.7398986816406,178.3800048828125,119.36038970947266,30.149999618530273
2022-03-01,44354.63671875,404.5763854980469,332.56866455078125,181.6199951171875,120.74047088623047,33.31999969482422
2022-03-02,43924.1171875,412.0190734863281,338.1489562988281,179.72999572753906,116.6132583618164,30.739999771118164
2022-03-03,42451.7890625,409.9678649902344,333.31854248046875,180.8000030517578,117.80098724365234,30.479999542236328
2022-03-04,39137.60546875,406.6370544433594,328.4881286621094,183.67999267578125,119.8346939086914,31.979999542236328
2022-03-07,38062.0390625,394.649658203125,316.3731689453125,186.41000366210938,118.92036437988281,36.45000076293945
2022-03-08,38737.26953125,391.6575927734375,314.9025573730469,191.50999450683594,117.72408294677734,35.130001068115234
2022-03-09,41982.92578125,402.1582336425781,326.238525390625,185.82000732421875,116.57054138183594,32.45000076293945
2022-03-10,39437.4609375,400.3421936035156,322.61566162109375,186.39999389648438,114.89570617675781,30.229999542236328
2022-03-11,38794.97265625,395.2518615722656,315.92510986328125,185.08999633789062,115.28021240234375,30.75
2022-03-14,39666.75390625,392.3633117675781,309.8579406738281,182.3000030517578,112.5885238647461,31.770000457763672
2022-03-15,39338.78515625,400.991455078125,319.57720947265625,178.88999938964844,112.39202880859375,29.829999923706055
2022-03-16,41143.9296875,409.8832092285156,331.4291687011719,180.00999450683594,113.49433135986328,26.670000076293945
2022-03-17,40951.37890625,415.0111999511719,335.4416198730469,180.88999938964844,112.64839935302734,25.670000076293945
2022-03-18,41801.15625,419.5566711425781,342.307373046875,179.3000030517578,114.02410125732422,23.8700008392334
2022-03-21,41077.99609375,419.43402099609375,341.35565185546875,180.6699981689453,111.38371276855469,23.530000686645508
2022-03-22,42358.80859375,424.34197998046875,348.06427001953125,179.36000061035156,109.95669555664062,22.940000534057617
2022-03-23,42892.95703125,418.87713623046875,343.0621337890625,181.80999755859375,112.36634826660156,23.56999969482422
2022-03-24,43960.93359375,425.19146728515625,350.68719482421875,183.1300048828125,111.48622131347656,21.670000076293945
2022-03-25,44348.73046875,427.26788330078125,350.39471435546875,182.3800048828125,109.93959045410156,20.809999465942383
2022-03-28,47128.00390625,430.30706787109375,355.8161926269531,179.05999755859375,110.87954711914062,19.6299991607666
2022-03-29,47465.73046875,435.63037109375,361.9396667480469,179.13999938964844,111.71695709228516,18.899999618530273
2022-03-30,47062.6640625,432.94036865234375,357.94183349609375,180.5800018310547,112.5885238647461,19.329999923706055
2022-03-31,45538.67578125,426.2768859863281,353.5052490234375,180.64999389648438,112.86199188232422,20.559999465942383
2022-04-01,46281.64453125,427.4849853515625,352.8324279785156,179.5,113.29161071777344,19.6299991607666
2022-04-04,46622.67578125,431.1470947265625,360.09674072265625,180.3699951171875,112.5042495727539,18.56999969482422
2022-04-05,45555.9921875,425.70111083984375,352.10113525390625,179.24000549316406,109.96248626708984,21.030000686645508
2022-04-06,43206.73828125,421.4444274902344,344.4564514160156,179.66000366210938,109.07245635986328,22.100000381469727
2022-04-07,43503.84765625,423.56805419921875,345.2756042480469,180.33999633789062,108.25090026855469,21.549999237060547
2022-04-08,42287.6640625,422.4354553222656,340.4488525390625,181.47000122070312,107.07842254638672,21.15999984741211
2022-04-11,39521.90234375,415.2149963378906,332.3948059082031,182.3699951171875,105.38395690917969,24.3700008392334
2022-04-12,40127.18359375,413.67657470703125,330.9906311035156,183.77000427246094,105.23846435546875,24.260000228881836
2022-04-13,41166.73046875,418.4146423339844,337.71868896484375,184.64999389648438,105.45240783691406,21.81999969482422
2022-04-14,39935.515625,413.2046203613281,329.9960632324219,184.0399932861328,103.33858489990234,22.700000762939453
2022-04-18,40826.21484375,413.37451171875,330.24957275390625,184.61000061035156,102.82508087158203,22.170000076293945
2022-04-19,41502.75,420.0475158691406,337.63092041015625,181.82000732421875,102.05487060546875,21.3700008392334
2022-04-20,41374.37890625,419.736083984375,332.706787109375,182.7100067138672,104.10881805419922,20.31999969482422
2022-04-21,40527.36328125,413.45953369140625,325.8227233886719,182.05999755859375,103.33858489990234,22.68000030517578
2022-04-22,39740.3203125,402.114501953125,317.290771484375,180.2899932861328,102.68818664550781,28.209999084472656
2022-04-25,40458.30859375,404.4458312988281,321.3665771484375,177.0500030517578,103.71512603759766,27.020000457763672
2022-04-26,38117.4609375,392.7327575683594,309.23663330078125,177.32000732421875,104.75922393798828,33.52000045776367
2022-04-27,39241.12109375,393.8370361328125,308.86614990234375,175.97999572753906,103.41561126708984,31.600000381469727
2022-04-28,39773.828125,403.78509521484375,319.83575439453125,176.92999267578125,103.56965637207031,29.989999771118164
2022-04-29,38609.82421875,388.8629455566406,305.4435729980469,176.91000366210938,102.22601318359375,33.400001525878906
2022-05-02,38529.328125,391.2037048339844,310.5432434082031,173.6300048828125,100.45404815673828,32.34000015258789
2022-05-03,37750.453125,392.9969787597656,310.8747863769531,174.08999633789062,101.13130187988281,29.25
2022-05-04,39698.37109375,404.96490478515625,321.38616943359375,175.8000030517578,101.68852996826172,25.420000076293945
2022-05-05,36575.140625,390.5712585449219,305.1998291015625,175.1300048828125,98.90242767333984,31.200000762939453
2022-05-06,36040.921875,388.2400817871094,301.543212890625,175.4199981689453,97.445068359375,30.190000534057617
2022-05-09,30296.953125,375.80963134765625,289.74481201171875,172.8800048828125,98.3023452758789,34.75
2022-05-10,31022.90625,376.677978515625,293.2648620605469,171.4199981689453,99.19389343261719,32.9900016784668
2022-05-11,28936.35546875,370.6940002441406,284.56707763671875,172.82000732421875,101.1056137084961,32.560001373291016
2022-05-12,29047.751953125,370.3070068359375,283.8942565917969,170.1699981689453,100.9169921875,31.770000457763672
2022-05-13,29283.103515625,379.1602783203125,294.41546630859375,168.7899932861328,99.42536926269531,28.8700008392334
2022-05-16,29862.91796875,377.6217956542969,291.002685546875,170.39999389648438,99.32246398925781,27.469999313354492
2022-05-17,30425.857421875,385.3896484375,298.5400085449219,169.3300018310547,98.12228393554688,26.100000381469727
2022-05-18,28720.271484375,369.8539733886719,283.8846130371094,169.4199981689453,100.2140121459961,30.959999084472656
2022-05-19,30314.333984375,367.5887451171875,282.3634338378906,171.91000366210938,100.45404815673828,29.350000381469727
2022-05-20,29200.740234375,367.7492980957031,281.48590087890625,172.02999877929688,101.5942153930664,29.43000030517578
2022-05-23,29098.91015625,374.6298828125,286.16619873046875,172.8300018310547,99.92254638671875,28.479999542236328
2022-05-24,29655.5859375,371.77001953125,280.08172607421875,174.1300048828125,101.894287109375,29.450000762939453
2022-05-25,29562.361328125,375.05450439453125,284.0015563964844,173.0800018310547,102.29716491699219,28.3700008392334
2022-05-26,29267.224609375,382.54876708984375,291.87042236328125,172.75999450683594,101.83427429199219,27.5
2022-05-27,28627.57421875,391.9399108886719,301.3970642089844,172.85000610351562,102.0828628540039,25.719999313354492
2022-05-31,31792.310546875,389.7407531738281,300.5975341796875,171.13999938964844,99.92254638671875,26.190000534057617
2022-06-01,29799.080078125,386.5882873535156,298.3742370605469,172.22999572753906,99.8083724975586,25.690000534057617
2022-06-02,30467.48828125,393.9503479003906,306.54541015625,174.35000610351562,99.85987091064453,24.719999313354492
2022-06-03,29704.390625,387.48492431640625,298.5692443847656,172.5800018310547,99.64517974853516,24.790000915527344
2022-06-06,31370.671875,388.664794921875,299.5638427734375,171.82000732421875,97.80738830566406,25.06999969482422
2022-06-07,31155.478515625,392.39300537109375,302.1478271484375,172.94000244140625,98.86367797851562,24.020000457763672
2022-06-08,30214.35546875,388.1267395019531,299.97344970703125,172.77999877929688,97.98773956298828,23.959999084472656
2022-06-09,30111.998046875,378.89605712890625,291.9386901855469,172.22999572753906,98.31404876708984,26.09000015258789
2022-06-10,29083.8046875,367.90966796875,281.641845703125,174.5399932861328,97.70430755615234,27.75
2022-06-13,22487.388671875,353.9407653808594,268.5466003417969,169.92999267578125,94.63843536376953,34.02000045776367
2022-06-14,22206.79296875,352.8742370605469,269.0341796875,168.57000732421875,93.44474792480469,32.689998626708984
2022-06-15,22572.83984375,357.9049987792969,275.75238037109375,170.77000427246094,95.18804168701172,29.6200008392334
2022-06-16,20381.650390625,346.0597229003906,264.6267395019531,172.69000244140625,95.94379425048828,32.95000076293945
2022-06-17,20471.482421875,346.80572509765625,267.8445129394531,171.27000427246094,96.25296783447266,31.1299991607666
2022-06-21,20710.59765625,355.5361022949219,274.60211181640625,170.6300048828125,94.62126922607422,30.190000534057617
2022-06-22,19987.029296875,354.8914489746094,274.2015686035156,171.30999755859375,97.22339630126953,28.950000762939453
2022-06-23,21085.876953125,358.37042236328125,278.2852478027344,170.25999450683594,98.0220947265625,29.049999237060547
2022-06-24,21231.65625,369.7643127441406,287.8203125,170.08999633789062,96.6651840209961,27.229999542236328
2022-06-27,20735.478515625,368.35198974609375,285.7100524902344,169.89999389648438,95.84073638916016,26.950000762939453
2022-06-28,20280.634765625,360.825439453125,277.00537109375,169.6199951171875,96.28731536865234,28.360000610351562
2022-06-29,20104.0234375,360.5316162109375,277.2594299316406,169.49000549316406,97.79019165039062,28.15999984741211
2022-06-30,19784.7265625,357.6025390625,273.820556640625,168.4600067138672,98.64895629882812,28.709999084472656
2022-07-01,19269.3671875,361.3847351074219,275.6279296875,168.32000732421875,99.66178131103516,26.700000762939453
2022-07-05,20190.115234375,362.0672912597656,280.34661865234375,164.75,100.44483184814453,27.540000915527344
2022-07-06,20548.24609375,363.2900695800781,282.1441955566406,162.13999938964844,98.75825500488281,26.729999542236328
2022-07-07,21637.587890625,368.7311096191406,288.18182373046875,162.22999572753906,97.88916778564453,26.079999923706055
2022-07-08,21731.1171875,368.4278259277344,288.5433044433594,162.3000030517578,96.80496978759766,24.639999389648438
2022-07-11,19970.556640625,364.21905517578125,282.378662109375,161.42999267578125,98.47431182861328,26.170000076293945
2022-07-12,19323.9140625,360.99609375,279.6431884765625,160.8300018310547,99.05943298339844,27.290000915527344
2022-07-13,20212.07421875,359.1002502441406,279.0667419433594,161.60000610351562,100.19527435302734,26.81999969482422
2022-07-14,20569.919921875,358.2281188964844,280.0633239746094,159.3300018310547,99.3778076171875,26.399999618530273
2022-07-15,20836.328125,365.07220458984375,285.1434020996094,159.00999450683594,99.93712615966797,24.229999542236328
2022-07-18,22485.689453125,362.05780029296875,282.7303466796875,159.16000366210938,98.89595031738281,25.299999237060547
2022-07-19,23389.43359375,371.8403015136719,291.42523193359375,159.5399932861328,98.36245727539062,24.5
2022-07-20,23231.732421875,374.2100830078125,296.0461730957031,158.0399932861328,98.62056732177734,23.8799991607666
2022-07-21,23164.62890625,378.0207214355469,300.29595947265625,160.27000427246094,100.3243637084961,23.110000610351562
2022-07-22,22714.978515625,374.51336669921875,295.0301513671875,160.6699981689453,102.01090240478516,23.030000686645508
2022-07-25,21361.701171875,374.9684143066406,293.3498840332031,160.22999572753906,101.01274108886719,23.360000610351562
2022-07-26,21239.75390625,370.53216552734375,287.58575439453125,160.0399932861328,101.09019470214844,24.690000534057617
2022-07-27,22930.548828125,380.1535339355469,299.73919677734375,161.6699981689453,100.52229309082031,23.239999771118164
2022-07-28,23843.88671875,384.92156982421875,302.669921875,163.63999938964844,101.32251739501953,22.329999923706055
2022-07-29,23804.6328125,390.53326416015625,308.18975830078125,164.10000610351562,101.04716491699219,21.329999923706055
2022-08-01,23314.19921875,389.3768310546875,308.0041809082031,165.02999877929688,103.48074340820312,22.84000015258789
2022-08-02,22978.1171875,386.8079528808594,307.0857849121094,164.0500030517578,101.2911148071289,23.93000030517578
2022-08-03,22846.5078125,392.8652038574219,315.4485778808594,164.4499969482422,102.88591766357422,21.950000762939453
2022-08-04,22630.95703125,392.5997314453125,316.9237060546875,167.1699981689453,102.8514175415039,21.440000534057617
2022-08-05,23289.314453125,391.93621826171875,314.3348388671875,165.2899932861328,100.40321350097656,21.149999618530273
2022-08-08,23809.486328125,391.4811706542969,313.31878662109375,166.69000244140625,102.02385711669922,21.290000915527344
2022-08-09,23164.318359375,389.9266357421875,309.7724609375,167.1999969482422,101.62730407714844,21.770000457763672
2022-08-10,23947.642578125,398.1165466308594,318.41845703125,166.77999877929688,100.96353912353516,19.739999771118164
2022-08-11,23957.529296875,398.1165466308594,316.611083984375,166.33999633789062,98.6101303100586,20.200000762939453
2022-08-12,24402.818359375,404.85638427734375,322.7757263183594,167.8699951171875,99.61012268066406,19.530000686645508
2022-08-15,24136.97265625,406.5246887207031,325.3841552734375,165.7100067138672,99.52388763427734,19.950000762939453
2022-08-16,23883.291015625,407.3208923339844,324.62213134765625,165.4199981689453,99.93771362304688,19.690000534057617
2022-08-17,23335.998046875,404.42974853515625,320.91949462890625,164.35000610351562,98.89462280273438,19.899999618530273
2022-08-18,23212.73828125,405.60516357421875,321.6913146972656,163.9199981689453,99.04117584228516,19.559999465942383
2022-08-19,20877.552734375,400.1546936035156,315.41925048828125,162.72000122070312,97.44635009765625,20.600000381469727
2022-08-22,21398.908203125,391.8224792480469,307.1151123046875,161.63999938964844,97.11876678466797,23.799999237060547
2022-08-23,21528.087890625,390.8744812011719,306.8611145019531,162.77000427246094,96.58430480957031,24.110000610351562
2022-08-24,21395.01953125,392.12579345703125,307.75018310546875,163.25,95.8774185180664,22.81999969482422
2022-08-25,21600.904296875,397.66162109375,313.1917419433594,163.75,97.21360778808594,21.780000686645508
2022-08-26,20260.01953125,384.2012023925781,300.3546447753906,161.75999450683594,97.94634246826172,25.559999465942383
2022-08-29,20297.994140625,381.6607360839844,297.3944091796875,161.86000061035156,97.13600158691406,26.209999084472656
2022-08-30,19796.80859375,377.4709167480469,294.0825500488281,160.50999450683594,97.37741088867188,26.209999084472656
2022-08-31,20049.763671875,374.5987243652344,292.3728942871094,159.27000427246094,96.44636535644531,25.8700008392334
2022-09-01,20127.140625,375.7741394042969,292.4998474121094,157.8699951171875,94.68061828613281,25.559999465942383
2022-09-02,19969.771484375,371.8118591308594,288.367431640625,159.25999450683594,95.21622467041016,25.469999313354492
2022-09-06,18837.66796875,370.408935546875,286.29620361328125,158.3300018310547,92.85786437988281,26.90999984741211
2022-09-07,19290.32421875,377.0633850097656,292.07977294921875,159.94000244140625,94.32646942138672,24.639999389648438
2022-09-08,19329.833984375,379.5279235839844,293.5940856933594,158.97999572753906,93.35893249511719,23.610000610351562
2022-09-09,21381.15234375,385.42401123046875,300.0126647949219,159.82000732421875,93.56623840332031,22.790000915527344
2022-09-12,22370.44921875,389.5663757324219,303.57855224609375,160.6300048828125,92.7973861694336,23.8700008392334
2022-09-13,20296.70703125,372.6271057128906,286.931396484375,158.5399932861328,93.01336669921875,27.270000457763672
2022-09-14,20241.08984375,374.0489501953125,289.20758056640625,157.92999267578125,93.33299255371094,26.15999984741211
2022-09-15,19701.2109375,369.80224609375,284.39117431640625,154.97999572753906,93.27250671386719,26.270000457763672
2022-09-16,19772.583984375,366.9810791015625,282.6521911621094,155.83999633789062,92.49503326416016,26.299999237060547
2022-09-19,19544.12890625,369.8269958496094,284.8533630371094,155.9600067138672,92.71099853515625,25.760000228881836
2022-09-20,18890.7890625,365.5819396972656,282.582763671875,155.07000732421875,91.78665924072266,27.15999984741211
2022-09-21,18547.400390625,359.20477294921875,277.5227966308594,155.7899932861328,93.32435607910156,27.989999771118164
2022-09-22,19413.55078125,356.1875305175781,274.10711669921875,155.6999969482422,90.9400634765625,27.350000381469727
2022-09-23,19297.638671875,350.2197265625,269.64422607421875,153.00999450683594,91.3115005493164,29.920000076293945
2022-09-26,19222.671875,346.7550964355469,268.5284423828125,151.22999572753906,89.5665054321289,32.2599983215332
2022-09-27,19110.546875,345.8699035644531,268.63616943359375,151.5399932861328,87.20811462402344,32.599998474121094
2022-09-28,19426.720703125,352.67535400390625,273.9798889160156,154.69000244140625,90.1280288696289,30.18000030517578
2022-09-29,19573.05078125,345.3083190917969,266.08172607421875,154.66000366210938,89.66153717041016,31.84000015258789
2022-09-30,19431.7890625,339.9685974121094,261.56982421875,154.6699981689453,88.50392150878906,31.6200008392334
2022-10-03,19623.580078125,348.9442138671875,267.70635986328125,158.42999267578125,89.91020202636719,30.100000381469727
2022-10-04,20336.84375,359.75677490234375,276.123291015625,160.6999969482422,89.65908813476562,29.06999969482422
2022-10-05,20160.716796875,358.9192199707031,275.9764404296875,159.80999755859375,88.80180358886719,28.549999237060547
2022-10-06,19955.443359375,355.21673583984375,273.8037109375,159.6300048828125,88.3082275390625,30.520000457763672
2022-10-07,19546.849609375,345.3083190917969,263.3706970214844,157.8800048828125,87.45094299316406,31.360000610351562
2022-10-10,19141.484375,342.6717529296875,260.73797607421875,155.47999572753906,86.09142303466797,32.45000076293945
2022-10-11,19051.41796875,340.50164794921875,257.1558532714844,155.16000366210938,86.47242736816406,33.630001068115234
2022-10-12,19157.4453125,339.3785400390625,257.0677490234375,155.99000549316406,86.89673614501953,33.56999969482422
2022-10-13,19382.904296875,348.3350524902344,263.0966796875,154.91000366210938,86.06546020507812,31.940000534057617
2022-10-14,19185.65625,340.39691162109375,255.18862915039062,152.97999572753906,85.3553695678711,32.02000045776367
2022-10-17,19550.7578125,349.14410400390625,263.6153564453125,153.4199981689453,84.93972778320312,31.3700008392334
2022-10-18,19334.416015625,353.2464904785156,265.70001220703125,153.75,85.138916015625,30.5
2022-10-19,19139.53515625,350.7431945800781,264.7310485839844,151.69000244140625,83.58887481689453,30.760000228881836
2022-10-20,19053.740234375,347.8020935058594,263.38043212890625,151.4499969482422,82.16006469726562,29.979999542236328
2022-10-21,19172.46875,356.2541809082031,269.55615234375,154.14999389648438,80.67931365966797,29.690000534057617
2022-10-24,19345.572265625,360.61346435546875,272.5215759277344,153.64999389648438,80.01253509521484,29.850000381469727
2022-10-25,20095.857421875,366.3719482421875,278.158935546875,154.0,82.34193420410156,28.459999084472656
2022-10-26,20770.44140625,363.61163330078125,272.0126647949219,154.97999572753906,83.52825927734375,27.280000686645508
2022-10-27,20285.8359375,361.6699523925781,267.0604248046875,154.74000549316406,84.40284729003906,27.389999389648438
2022-10-28,20595.3515625,370.2743835449219,275.23260498046875,153.16000366210938,83.82267761230469,25.75
2022-10-31,20495.7734375,367.5997314453125,272.0322265625,151.91000366210938,83.22516632080078,25.8799991607666
2022-11-01,20485.2734375,365.9912109375,269.252685546875,153.4600067138672,84.00296020507812,25.809999465942383
2022-11-02,20159.50390625,356.80621337890625,260.0234375,152.38999938964844,83.63836669921875,25.860000610351562
2022-11-03,20209.98828125,353.1322021484375,254.94395446777344,151.80999755859375,83.18701171875,25.299999237060547
2022-11-04,21147.23046875,358.2148742675781,259.0447692871094,156.47000122070312,81.78939819335938,24.549999237060547
2022-11-07,20602.81640625,361.6414489746094,261.892822265625,155.85000610351562,80.9734115600586,24.350000381469727
2022-11-08,18541.271484375,363.5926513671875,263.8013916015625,159.4499969482422,81.85884857177734,25.540000915527344
2022-11-09,15880.7802734375,356.10186767578125,257.7137451171875,158.64999389648438,82.12792205810547,26.09000015258789
2022-11-10,17586.771484375,375.6711730957031,276.7300109863281,163.47999572753906,85.28771209716797,23.530000686645508
2022-11-11,17034.29296875,379.3070983886719,281.8291320800781,164.55999755859375,84.9751968383789,22.520000457763672
2022-11-14,16618.19921875,376.0804443359375,279.36279296875,164.9199981689453,84.76687622070312,23.729999542236328
2022-11-15,16884.61328125,379.2879943847656,283.22869873046875,165.5,86.1384048461914,24.540000915527344
2022-11-16,16669.439453125,376.3945617675781,279.36279296875,165.1199951171875,88.02213287353516,24.110000610351562
2022-11-17,16687.517578125,375.2428283691406,278.7462158203125,163.9199981689453,87.09329986572266,23.93000030517578
2022-11-18,16697.77734375,376.946533203125,278.7559509277344,162.7899932861328,86.49429321289062,23.1200008392334
2022-11-21,15787.2841796875,375.5758972167969,275.88836669921875,161.8800048828125,86.8589096069336,22.360000610351562
2022-11-22,16189.76953125,380.6300354003906,279.8619384765625,162.07000732421875,88.09156799316406,21.290000915527344
2022-11-23,16610.70703125,383.0287170410156,282.6708068847656,163.0800018310547,89.62804412841797,20.350000381469727
2022-11-25,16521.841796875,382.9430236816406,280.8113098144531,163.22000122070312,89.32422637939453,20.5
2022-11-28,16217.322265625,376.83233642578125,276.69085693359375,161.92999267578125,89.57596588134766,22.209999084472656
2022-11-29,16444.982421875,376.1851501464844,274.5964660644531,162.72999572753906,88.52560424804688,21.889999389648438
2022-11-30,17168.56640625,388.03515625,287.1141052246094,164.80999755859375,89.1766357421875,20.579999923706055
2022-12-01,16967.1328125,387.74969482421875,287.46649169921875,167.83999633789062,92.02549743652344,19.84000015258789
2022-12-02,17088.66015625,387.3023681640625,286.3213806152344,167.25999450683594,93.18275451660156,19.059999465942383
2022-12-05,16974.826171875,380.3350524902344,281.5159606933594,164.38999938964844,91.8775405883789,20.75
2022-12-06,17089.50390625,374.8525390625,275.68280029296875,164.83999633789062,93.0609359741211,22.170000076293945
2022-12-07,16848.126953125,374.2148742675781,274.5573425292969,166.3300018310547,95.25369262695312,22.68000030517578
2022-12-08,17233.474609375,377.14654541015625,277.8066711425781,166.47000122070312,94.9926528930664,22.290000915527344
2022-12-09,17133.15234375,374.3291015625,276.03521728515625,167.05999755859375,92.52145385742188,22.829999923706055
2022-12-12,17206.4375,379.72589111328125,279.4997863769531,165.67999267578125,92.81729888916016,25.0
2022-12-13,17781.318359375,382.600341796875,282.5044250488281,168.50999450683594,93.71354675292969,22.549999237060547
2022-12-14,17815.650390625,380.1542053222656,280.40997314453125,168.10000610351562,94.11380767822266,21.139999389648438
2022-12-15,17364.865234375,370.85504150390625,270.99481201171875,165.35000610351562,94.48102569580078,22.829999923706055
2022-12-16,16647.484375,366.4765930175781,268.4110107421875,166.7899932861328,93.42560577392578,22.6200008392334
2022-12-19,16439.6796875,363.3690185546875,264.63885498046875,166.32000732421875,91.85556030273438,22.420000076293945
2022-12-20,16906.3046875,363.8662109375,264.4329528808594,169.0800018310547,90.2244873046875,21.479999542236328
2022-12-21,16817.53515625,369.3069152832031,268.268798828125,168.8000030517578,90.45127868652344,20.06999969482422
2022-12-22,16830.341796875,364.0382995605469,261.70556640625,166.75999450683594,90.43383026123047,21.969999313354492
2022-12-23,16796.953125,366.1324157714844,262.2941589355469,167.25999450683594,89.10801696777344,20.8700008392334
2022-12-27,16717.173828125,364.6885681152344,258.5858154296875,168.6699981689453,87.34613037109375,21.649999618530273
2022-12-28,16552.572265625,360.1562805175781,255.17172241210938,167.91000366210938,86.83145141601562,22.139999389648438
2022-12-29,16642.341796875,366.63916015625,261.3915710449219,168.85000610351562,87.81710052490234,21.440000534057617
2022-12-30,16602.5859375,365.6734619140625,261.2345886230469,169.63999938964844,86.84017181396484,21.670000076293945
2023-01-03,16679.857421875,364.13397216796875,259.4687194824219,171.05999755859375,88.4974365234375,22.899999618530273
2023-01-04,16863.23828125,366.94512939453125,260.7049255371094,172.6699981689453,89.70988464355469,22.010000228881836
2023-01-05,16836.736328125,362.7569885253906,256.6236877441406,170.52000427246094,90.08494567871094,22.459999084472656
2023-01-06,16951.96875,371.0758361816406,263.7069091796875,173.7100067138672,91.74217224121094,21.1299991607666
2023-01-09,17196.5546875,370.8654479980469,265.4139099121094,174.10000610351562,92.23063659667969,21.969999313354492
2023-01-10,17446.29296875,373.4662780761719,267.6605224609375,174.74000549316406,90.70423126220703,20.579999923706055
2023-01-11,17934.896484375,378.1899108886719,272.29107666015625,174.6199951171875,92.17829895019531,21.09000015258789
2023-01-12,18869.587890625,379.5667724609375,273.7626953125,176.63999938964844,93.99256134033203,18.829999923706055
2023-01-13,19909.57421875,381.0392761230469,275.6462707519531,178.75999450683594,93.11157989501953,18.350000381469727
2023-01-17,21161.51953125,380.34124755859375,276.2054748535156,177.58999633789062,92.50975799560547,19.360000610351562
2023-01-18,20688.78125,374.3364562988281,272.6148681640625,177.0800018310547,94.75141143798828,20.34000015258789
2023-01-19,21086.79296875,371.61126708984375,269.9365539550781,179.88999938964844,94.15829467773438,20.520000457763672
2023-01-20,22676.552734375,378.53411865234375,277.3238525390625,179.2899932861328,92.63184356689453,19.850000381469727
2023-01-23,22934.431640625,383.07598876953125,283.48492431640625,179.6300048828125,92.19573211669922,19.809999465942383
2023-01-24,22636.46875,382.664794921875,282.9060363769531,180.27999877929688,93.52153015136719,19.200000762939453
2023-01-25,23117.859375,382.80828857421875,282.2781982421875,181.11000061035156,93.74834442138672,19.079999923706055
2023-01-26,23032.77734375,387.01544189453125,287.7818908691406,179.47000122070312,93.3122329711914,18.729999542236328
2023-01-27,23078.728515625,387.90472412109375,290.6466064453125,179.22000122070312,93.07671356201172,18.510000228881836
2023-01-30,22840.138671875,383.0377197265625,284.77008056640625,178.75999450683594,92.7365493774414,19.940000534057617
2023-01-31,23139.283203125,388.66961669921875,289.0376281738281,179.41000366210938,93.47794342041016,19.399999618530273
2023-02-01,23723.76953125,392.80035400390625,295.2182922363281,181.6699981689453,94.60165405273438,17.8700008392334
2023-02-02,23471.87109375,398.5184020996094,305.8136291503906,177.89999389648438,94.72405242919922,18.729999542236328
2023-02-03,23449.322265625,394.2824401855469,300.3786315917969,173.4600067138672,93.30740356445312,18.329999923706055
2023-02-06,22760.109375,391.87286376953125,297.8376770019531,173.82000732421875,92.6165771484375,19.43000030517578
2023-02-07,23264.291015625,396.9979553222656,304.008544921875,173.97999572753906,91.87324523925781,18.65999984741211
2023-02-08,22939.3984375,392.6569519042969,298.6029052734375,174.41000366210938,92.31048583984375,19.6299991607666
2023-02-09,21819.0390625,389.2529602050781,295.9638671875,173.02999877929688,91.4360122680664,20.709999084472656
2023-02-10,21651.18359375,390.1612854003906,294.02142333984375,173.36000061035156,90.4128646850586,20.530000686645508
2023-02-13,21808.1015625,394.74139404296875,298.73040771484375,172.47999572753906,91.1736831665039,20.34000015258789
2023-02-14,22220.8046875,394.55975341796875,300.9378662109375,172.61000061035156,90.96381378173828,18.90999984741211
2023-02-15,24307.841796875,395.8410339355469,303.2432556152344,170.88999938964844,90.11556243896484,18.229999542236328
2023-02-16,23623.474609375,390.39080810546875,297.5531921386719,170.75,88.83878326416016,20.170000076293945
2023-02-17,24565.6015625,389.4154052734375,295.4537658691406,171.25999450683594,89.52965545654297,20.020000457763672
2023-02-21,24436.353515625,381.6034240722656,288.4588317871094,170.6199951171875,87.78943634033203,22.8700008392334
2023-02-22,24188.84375,381.0775146484375,288.67462158203125,169.66000366210938,88.59394836425781,22.290000915527344
2023-02-23,23947.4921875,383.1046447753906,291.19598388671875,169.57000732421875,89.45968627929688,21.139999389648438
2023-02-24,23198.126953125,379.01220703125,286.320068359375,168.35000610351562,88.29664611816406,21.670000076293945
2023-02-27,23522.87109375,380.3030090332031,288.3705749511719,169.00999450683594,88.5414810180664,20.950000762939453
2023-02-28,23147.353515625,378.8974609375,287.9977111816406,169.77999877929688,88.94375610351562,20.700000762939453
2023-03-01,23646.55078125,377.4440612792969,285.6824645996094,170.75999450683594,87.98820495605469,20.579999923706055
2023-03-02,23475.466796875,380.37957763671875,288.0467529296875,170.66000366210938,87.20800018310547,19.59000015258789
2023-03-03,22362.6796875,386.47998046875,294.0017395019531,172.49000549316406,89.32069396972656,18.489999771118164
2023-03-06,22429.7578125,386.74774169921875,294.3353576660156,171.6199951171875,88.6281509399414,18.610000610351562
2023-03-07,22219.76953125,380.8193359375,290.72509765625,168.6199951171875,89.17166137695312,19.59000015258789
2023-03-08,21718.080078125,381.4408874511719,292.1770324707031,168.5399932861328,89.25931549072266,19.110000610351562
2023-03-09,20363.021484375,374.4033203125,287.11480712890625,170.1999969482422,89.47848510742188,22.610000610351562
2023-03-10,20187.244140625,369.0008850097656,283.0826110839844,173.8699951171875,92.5642318725586,24.799999237060547
2023-03-13,24197.533203125,368.4750671386719,285.1820983886719,177.86000061035156,92.77466583251953,26.520000457763672
2023-03-14,24746.07421875,374.5658874511719,291.73553466796875,176.8300018310547,91.2492904663086,23.729999542236328
2023-03-15,24375.9609375,372.2232360839844,293.2659606933594,178.2100067138672,93.01134490966797,26.139999389648438
2023-03-16,25052.7890625,378.7539978027344,300.9967041015625,178.57000732421875,92.28372955322266,22.989999771118164
2023-03-17,27423.9296875,374.3253479003906,299.5741271972656,183.77000427246094,93.66883087158203,25.510000228881836
2023-03-20,27767.236328125,377.9247131347656,300.6372985839844,183.83999633789062,92.84477996826172,24.149999618530273
2023-03-21,28175.81640625,382.8871154785156,304.93115234375,180.3699951171875,92.04701232910156,21.3799991607666
2023-03-22,27307.4375,376.3602294921875,300.78466796875,183.44000244140625,93.27433776855469,22.260000228881836
2023-03-23,28333.97265625,377.3775939941406,304.3514404296875,185.74000549316406,93.27433776855469,22.610000610351562
2023-03-24,27493.28515625,379.8539733886719,305.4715881347656,183.64999389648438,93.66883087158203,21.739999771118164
2023-03-27,27139.888671875,380.5642395019531,303.3786926269531,181.9499969482422,91.46845245361328,20.600000381469727
2023-03-28,27268.130859375,379.71002197265625,301.7672119140625,183.44000244140625,91.6350326538086,19.969999313354492
2023-03-29,28348.44140625,385.2289733886719,307.2696228027344,182.52999877929688,91.45091247558594,19.1200008392334
2023-03-30,28033.5625,387.48468017578125,310.1781311035156,184.17999267578125,91.87171173095703,19.020000457763672
2023-03-31,28478.484375,392.9461364746094,315.33660888671875,183.22000122070312,93.248046875,18.700000762939453
2023-04-03,27790.220703125,394.4434814453125,314.5701599121094,184.5399932861328,93.68659210205078,18.549999237060547
2023-04-04,28168.08984375,392.2550048828125,313.509033203125,187.97999572753906,94.15239715576172,19.0
2023-04-05,28177.984375,391.22802734375,310.41387939453125,187.8300018310547,95.13671875,19.079999923706055
2023-04-06,28044.140625,392.75421142578125,312.5066833496094,186.49000549316406,95.3827896118164,18.399999618530273
2023-04-10,29652.98046875,393.1571960449219,312.3298645019531,185.11000061035156,93.84477233886719,18.969999313354492
2023-04-11,30235.05859375,393.2629089355469,310.32537841796875,186.27999877929688,94.03813171386719,19.100000381469727
2023-04-12,30139.052734375,391.6599426269531,307.5841369628906,187.19000244140625,93.94146728515625,19.09000015258789
2023-04-13,30399.06640625,396.86224365234375,313.6072692871094,189.72000122070312,93.20323181152344,17.799999237060547
2023-04-14,30485.69921875,395.892822265625,313.01763916015625,186.36000061035156,92.35072326660156,17.06999969482422
2023-04-17,29445.044921875,397.3133850097656,313.2829284667969,185.52999877929688,91.25214385986328,16.950000762939453
2023-04-18,30397.552734375,397.572509765625,313.3025817871094,186.25,91.57733154296875,16.829999923706055
2023-04-19,28822.6796875,397.50537109375,313.1552429199219,185.36000061035156,91.48941802978516,16.459999084472656
2023-04-20,28245.98828125,395.3360900878906,310.767578125,186.08999633789062,92.27162170410156,17.170000076293945
2023-04-21,27276.91015625,395.643310546875,311.09185791015625,184.25,91.75308990478516,16.770000457763672
2023-04-24,27525.33984375,396.0559997558594,310.44329833984375,184.80999755859375,92.64073944091797,16.889999389648438
2023-04-25,28307.59765625,389.7690124511719,304.5872497558594,185.75,94.00297546386719,18.760000228881836
2023-04-26,28422.701171875,388.11810302734375,306.4344177246094,184.74000549316406,93.00108337402344,18.84000015258789
2023-04-27,29473.787109375,395.8448181152344,314.7666931152344,184.75,92.0782699584961,17.030000686645508
2023-04-28,29340.26171875,399.2234191894531,316.9381103515625,184.8000030517578,93.56353759765625,15.779999732971191
2023-05-01,28091.568359375,398.8203125,316.57464599609375,183.97000122070312,90.86566162109375,16.079999923706055
2023-05-02,28680.537109375,394.3379211425781,313.8135681152344,187.52000427246094,93.13004302978516,17.780000686645508
2023-05-03,29006.30859375,391.6311340332031,311.7599792480469,189.11000061035156,93.64988708496094,18.34000015258789
2023-05-04,28847.7109375,388.8572998046875,310.6595764160156,190.44000244140625,92.72474670410156,20.09000015258789
2023-05-05,29534.384765625,396.0559997558594,317.2624206542969,187.4600067138672,92.4163589477539,17.190000534057617
2023-05-08,27694.2734375,396.1615295410156,318.0484313964844,187.69000244140625,91.1211929321289,16.979999542236328
2023-05-09,27658.775390625,394.4242248535156,316.0341491699219,189.02000427246094,90.79519653320312,17.709999084472656
2023-05-10,27621.755859375,396.2671813964844,319.47320556640625,188.75,91.6762924194336,16.940000534057617
2023-05-11,27000.7890625,395.5760803222656,320.5147399902344,187.1300048828125,92.64544677734375,16.93000030517578
2023-05-12,26804.990234375,395.0577087402344,319.3650817871094,186.80999755859375,91.87012481689453,17.030000686645508
2023-05-15,27192.693359375,396.42071533203125,321.09442138671875,187.2100067138672,90.9185562133789,17.1200008392334
2023-05-16,27036.650390625,393.7716369628906,321.4579772949219,184.8699951171875,90.64543151855469,17.989999771118164
2023-05-17,27398.802734375,398.5516052246094,325.3489990234375,184.22999572753906,90.3810806274414,16.8700008392334
2023-05-18,26832.208984375,402.3908386230469,331.39178466796875,181.83999633789062,89.71145629882812,16.049999237060547
2023-05-19,26890.12890625,401.80535888671875,330.64501953125,183.63999938964844,89.07710266113281,16.809999465942383
2023-05-22,26851.27734375,401.96856689453125,331.7553405761719,183.2100067138672,88.75992584228516,17.209999084472656
2023-05-23,27225.7265625,397.4573669433594,327.5499267578125,183.42999267578125,89.01542663574219,18.530000686645508
2023-05-24,26334.818359375,394.5778503417969,325.86968994140625,181.9499969482422,88.57487487792969,20.030000686645508
2023-05-25,26476.20703125,397.9947814941406,333.7990417480469,180.1999969482422,88.3546142578125,19.139999389648438
2023-05-26,26719.291015625,403.1490783691406,342.3277893066406,180.9199981689453,89.06828308105469,17.950000762939453
2023-05-30,27702.349609375,403.302734375,343.8802490234375,182.0399932861328,89.95816802978516,17.459999084472656
2023-05-31,27219.658203125,401.0662841796875,341.9249267578125,182.32000732421875,90.7423324584961,17.940000534057617
2023-06-01,26819.97265625,404.8768310546875,345.8748779296875,183.75999450683594,91.09837341308594,15.649999618530273
2023-06-02,27249.58984375,410.7318420410156,348.4688415527344,181.0500030517578,90.10009002685547,14.600000381469727
2023-06-05,25760.09765625,409.9447937011719,348.7145080566406,182.13999938964844,89.9322280883789,14.729999542236328
2023-06-06,27238.783203125,410.8373718261719,348.6554870605469,182.33999633789062,90.46228790283203,13.960000038146973
2023-06-07,26345.998046875,409.41680908203125,342.740478515625,180.14999389648438,89.1195068359375,13.9399995803833
2023-06-08,26508.216796875,411.8932189941406,346.9950256347656,182.52999877929688,90.16192626953125,13.649999618530273
2023-06-09,26480.375,412.6322937011719,348.3214416503906,182.0399932861328,90.03823852539062,13.829999923706055
2023-06-12,25902.5,416.3756408691406,354.2070617675781,181.8800048828125,90.30328369140625,15.010000228881836
2023-06-13,25918.728515625,419.12078857421875,356.9287414550781,180.5399932861328,89.4110336303711,14.609999656677246
2023-06-14,25124.67578125,419.61981201171875,359.5227966308594,180.63999938964844,90.12657165527344,13.880000114440918
2023-06-15,25576.39453125,424.8221435546875,363.8067932128906,181.91000366210938,90.99234771728516,14.5
2023-06-16,26327.462890625,423.3751220703125,361.51739501953125,181.6300048828125,90.63898468017578,13.539999961853027
2023-06-20,28327.48828125,421.1785583496094,360.99981689453125,179.75,91.26618957519531,13.880000114440918
2023-06-21,30027.296875,419.0205383300781,356.0802001953125,179.49000549316406,91.48705291748047,13.199999809265137
2023-06-22,29912.28125,420.5331115722656,360.28167724609375,177.7100067138672,90.38279724121094,12.90999984741211
2023-06-23,30695.46875,417.3538818359375,356.71002197265625,178.1999969482422,91.28385162353516,13.4399995803833
2023-06-26,30271.130859375,415.6487121582031,351.9281311035156,178.50999450683594,91.38105773925781,14.25
2023-06-27,30688.1640625,420.2055358886719,357.9791564941406,177.69000244140625,91.14252471923828,13.739999771118164
2023-06-28,30086.24609375,420.41748046875,358.6778259277344,177.27999877929688,91.53121948242188,13.430000305175781
2023-06-29,30445.3515625,422.0744934082031,357.9595031738281,177.08999633789062,89.87922668457031,13.539999961853027
2023-06-30,30477.251953125,427.0553283691406,363.47930908203125,178.27000427246094,90.9393310546875,13.59000015258789
2023-07-03,31156.439453125,427.54669189453125,364.3353271484375,178.47000122070312,90.42379760742188,13.569999694824219
2023-07-05,30514.166015625,426.91082763671875,364.3255310058594,177.83999633789062,89.5645751953125,14.180000305175781
2023-07-06,29909.337890625,423.5677795410156,361.5508117675781,177.30999755859375,88.29784393310547,15.4399995803833
2023-07-07,30342.265625,422.49847412109375,360.3504638671875,178.63999938964844,87.76636505126953,14.829999923706055
2023-07-10,30414.470703125,423.5677795410156,360.4685363769531,178.77999877929688,87.88150787353516,15.069999694824219
2023-07-11,30620.951171875,426.2653503417969,362.2494812011719,179.4499969482422,88.33329010009766,14.84000015258789
2023-07-12,30391.646484375,429.695068359375,366.82464599609375,181.8800048828125,89.31653594970703,13.539999961853027
2023-07-13,31476.048828125,433.10546875,373.05291748046875,182.00999450683594,90.25548553466797,13.609999656677246
2023-07-14,30334.068359375,432.835693359375,372.97418212890625,181.42999267578125,89.7240219116211,13.34000015258789
2023-07-17,30145.888671875,434.338623046875,376.4572448730469,181.55999755859375,89.768310546875,13.479999542236328
2023-07-18,29856.5625,437.5660705566406,379.53692626953125,183.63999938964844,90.17578125,13.300000190734863
2023-07-19,29913.923828125,438.5390625,379.4483337402344,183.6699981689453,91.1944351196289,13.760000228881836
2023-07-20,29792.015625,435.62957763671875,370.7013854980469,182.74000549316406,90.08719635009766,13.989999771118164
2023-07-21,29908.744140625,435.62957763671875,369.5895080566406,182.17999267578125,90.11378479003906,13.600000381469727
2023-07-24,29176.916015625,437.57574462890625,370.1798095703125,181.39999389648438,89.78601837158203,13.90999984741211
2023-07-25,29227.390625,438.7702941894531,372.6888427734375,182.41000366210938,89.61767578125,13.859999656677246
2023-07-26,29354.97265625,438.83770751953125,371.4491271972656,183.3000030517578,89.7062759399414,13.1899995803833
2023-07-27,29210.689453125,435.9282531738281,370.5635681152344,180.4199981689453,87.96121978759766,14.40999984741211
2023-07-28,29319.24609375,440.196044921875,377.3132629394531,181.86000061035156,88.41300964355469,13.329999923706055
2023-07-31,29230.111328125,441.03424072265625,377.510009765625,182.35000610351562,88.62560272216797,13.630000114440918
2023-08-01,29675.732421875,439.77215576171875,376.63427734375,180.4600067138672,87.17329406738281,13.930000305175781
2023-08-02,29151.958984375,433.6546325683594,368.3694152832031,179.60000610351562,86.24063873291016,16.09000015258789
2023-08-03,29178.6796875,432.41180419921875,367.77911376953125,179.5399932861328,84.2509536743164,15.920000076293945
2023-08-04,29074.091796875,430.4560546875,366.0572509765625,180.19000244140625,85.74320983886719,17.100000381469727
2023-08-07,29180.578125,434.21343994140625,369.15655517578125,179.77999877929688,84.89937591552734,15.770000457763672
2023-08-08,29765.4921875,432.3250732421875,366.01788330078125,178.63999938964844,85.88533782958984,15.989999771118164
2023-08-09,29561.494140625,429.4349365234375,361.99365234375,177.7899932861328,86.3294677734375,15.960000038146973
2023-08-10,29429.591796875,429.589111328125,362.66265869140625,177.60000610351562,84.90824890136719,15.850000381469727
2023-08-11,29397.71484375,429.3385925292969,360.3504638671875,177.60000610351562,84.71282958984375,14.84000015258789
2023-08-14,29408.443359375,431.70855712890625,364.3944091796875,177.05999755859375,84.52629852294922,14.819999694824219
2023-08-15,29170.34765625,426.6796569824219,360.5276184082031,176.58999633789062,84.0111083984375,16.459999084472656
2023-08-16,28701.779296875,423.54852294921875,356.71002197265625,175.57000732421875,83.35382080078125,16.780000686645508
2023-08-17,26664.55078125,420.3211975097656,352.81365966796875,175.3000030517578,82.99849700927734,17.889999389648438
2023-08-18,26049.556640625,420.5234680175781,352.37091064453125,175.3300018310547,83.29165649414062,17.299999237060547
2023-08-21,26124.140625,423.2595520019531,358.0481262207031,175.80999755859375,82.18131256103516,17.1299991607666
2023-08-22,26031.65625,422.1131286621094,357.5364990234375,176.10000610351562,82.8119888305664,16.969999313354492
2023-08-23,26431.640625,426.81451416015625,363.1742858886719,177.88999938964844,84.86382293701172,15.979999542236328
2023-08-24,26162.373046875,420.89923095703125,355.4112243652344,177.85000610351562,84.30425262451172,17.200000762939453
2023-08-25,26047.66796875,423.8664855957031,358.1661682128906,177.6199951171875,84.57960510253906,15.680000305175781
2023-08-28,26106.150390625,426.5543518066406,360.8620910644531,178.1300048828125,84.66844177246094,15.079999923706055
2023-08-29,27727.392578125,432.7201232910156,368.7433166503906,179.8699951171875,85.54779052734375,14.449999809265137
2023-08-30,27297.265625,434.50244140625,370.7997131347656,180.32000732421875,85.45895385742188,13.880000114440918
2023-08-31,25931.47265625,433.8665771484375,371.9115295410156,180.02000427246094,85.84092712402344,13.569999694824219
2023-09-01,25800.724609375,434.6757507324219,371.51788330078125,180.11000061035156,84.50365447998047,13.09000015258789
2023-09-05,25779.982421875,432.7971496582031,371.9902038574219,178.63999938964844,83.31871795654297,14.010000228881836
2023-09-06,25753.236328125,429.8876953125,368.71380615234375,177.8300018310547,83.52364349365234,14.449999809265137
2023-09-07,26240.1953125,428.56787109375,366.0768737792969,178.02000427246094,83.75525665283203,14.399999618530273
2023-09-08,25905.654296875,429.21331787109375,366.5885314941406,178.0800018310547,84.07603454589844,13.84000015258789
2023-09-11,25162.654296875,432.0361022949219,370.907958984375,178.41000366210938,83.47016143798828,13.800000190734863
2023-09-12,25833.34375,429.6661682128906,366.79522705078125,177.49000549316406,83.9512939453125,14.229999542236328
2023-09-13,26228.32421875,430.1671142578125,368.1922912597656,177.0800018310547,83.93347930908203,13.479999542236328
2023-09-14,26539.673828125,433.8762512207031,371.2030944824219,177.1699981689453,83.3276596069336,12.819999694824219
2023-09-15,26608.693359375,428.64874267578125,364.84698486328125,178.33999633789062,82.81983947753906,13.789999961853027
2023-09-18,26754.28125,428.900146484375,365.2273254394531,179.38999938964844,83.29198455810547,14.0
2023-09-19,27211.1171875,428.0105895996094,364.4488830566406,179.22000122070312,82.6772689819336,14.109999656677246
2023-09-20,27132.0078125,424.0758361816406,359.197021484375,179.35000610351562,82.93563079833984,15.140000343322754
2023-09-21,26567.6328125,417.0665588378906,352.6148986816406,178.0500030517578,80.80634307861328,17.540000915527344
2023-09-22,26579.568359375,416.1286926269531,352.6641845703125,178.6199951171875,81.45671844482422,17.200000762939453
2023-09-25,26298.48046875,417.878662109375,354.3392639160156,177.6999969482422,79.45214080810547,16.899999618530273
2023-09-26,26217.25,411.7394714355469,349.0184326171875,176.27999877929688,79.17596435546875,18.940000534057617
2023-09-27,26352.716796875,411.90380859375,349.8362731933594,174.10000610351562,78.76615905761719,18.219999313354492
2023-09-28,27021.546875,414.2917785644531,352.7627258300781,173.22999572753906,79.00668334960938,17.34000015258789
2023-09-29,26911.720703125,413.28631591796875,353.0189514160156,171.4499969482422,79.01560974121094,17.520000457763672
2023-10-02,27530.78515625,413.1219177246094,355.965087890625,169.64999389648438,77.69282531738281,17.610000610351562
2023-10-03,27429.978515625,407.59185791015625,349.71807861328125,169.16000366210938,76.02155303955078,19.780000686645508
2023-10-04,27799.39453125,410.5599670410156,354.4772033691406,169.13999938964844,77.09407806396484,18.579999923706055
2023-10-05,27415.912109375,410.4052734375,353.4327392578125,168.8300018310547,76.70973205566406,18.489999771118164
2023-10-06,27946.59765625,415.27789306640625,359.35467529296875,169.6999969482422,75.78025817871094,17.450000762939453
2023-10-09,27583.677734375,417.9366149902344,361.1874084472656,172.82000732421875,77.55880737304688,17.700000762939453
2023-10-10,27391.01953125,420.1119079589844,363.18768310546875,172.52999877929688,77.4515609741211,17.030000686645508
2023-10-11,26873.3203125,421.83282470703125,365.7790832519531,173.7899932861328,79.0692138671875,16.09000015258789
2023-10-12,26756.798828125,419.2611389160156,364.508056640625,173.25999450683594,76.92423248291016,16.690000534057617
2023-10-13,26862.375,417.1728515625,359.9261779785156,178.8300018310547,78.30058288574219,19.31999969482422
2023-10-16,28519.466796875,421.5621337890625,363.99566650390625,177.9600067138672,77.0404052734375,17.209999084472656
2023-10-17,28415.748046875,421.5427551269531,362.8033752441406,178.2899932861328,76.19139099121094,17.8799991607666
2023-10-18,28328.341796875,415.9256896972656,358.0441589355469,180.8699951171875,75.52107238769531,19.219999313354492
2023-10-19,28719.806640625,412.2711486816406,354.6939697265625,183.08999633789062,73.97488403320312,21.399999618530273
2023-10-20,29682.94921875,407.2051696777344,349.4027099609375,183.58999633789062,74.39496612548828,21.709999084472656
2023-10-23,33086.234375,406.49932861328125,350.45703125,182.97000122070312,75.28868103027344,20.3700008392334
2023-10-24,33901.52734375,409.5641784667969,353.8663024902344,182.9499969482422,76.28074645996094,18.969999313354492
2023-10-25,34502.8203125,403.6860046386719,345.2052001953125,183.72000122070312,74.58263397216797,20.190000534057617
2023-10-26,34156.6484375,398.85198974609375,338.6230773925781,184.00999450683594,75.72660827636719,20.68000030517578
2023-10-27,33909.80078125,397.0440979003906,340.24884033203125,186.14999389648438,75.40487670898438,21.270000457763672
2023-10-30,34502.36328125,401.7911071777344,344.0818786621094,185.10000610351562,75.06526184082031,19.75
2023-10-31,34667.78125,404.3144226074219,345.72735595703125,184.08999633789062,74.69881439208984,18.139999389648438
2023-11-01,35437.25390625,408.6263427734375,351.72808837890625,183.50999450683594,76.31845092773438,16.8700008392334
2023-11-02,34938.2421875,416.4574279785156,358.1131896972656,184.1199951171875,78.05829620361328,15.65999984741211
2023-11-03,34732.32421875,420.2569274902344,362.3205871582031,184.7899932861328,78.5873794555664,14.90999984741211
2023-11-06,35037.37109375,421.2237243652344,363.7985534667969,183.35000610351562,77.8250961303711,14.890000343322754
2023-11-07,35443.5625,422.42254638671875,367.2374572753906,182.58999633789062,78.97301483154297,14.8100004196167
2023-11-08,35655.27734375,422.73193359375,367.4739074707031,180.77000427246094,80.31824493408203,14.449999809265137
2023-11-09,36693.125,419.4351806640625,364.64593505859375,181.49000549316406,78.47079467773438,15.289999961853027
2023-11-10,37313.96875,425.9803161621094,372.8441162109375,179.50999450683594,78.91023254394531,14.170000076293945
2023-11-13,36502.35546875,425.5743103027344,371.68133544921875,180.50999450683594,78.73088836669922,14.760000228881836
2023-11-14,35537.640625,433.8307800292969,379.68231201171875,182.1199951171875,80.51551818847656,14.15999984741211
2023-11-15,37880.58203125,434.7491760253906,379.9680480957031,181.63999938964844,79.38554382324219,14.180000305175781
2023-11-16,36154.76953125,435.28094482421875,380.293212890625,183.69000244140625,80.37202453613281,14.319999694824219
2023-11-17,36596.68359375,435.8222961425781,380.38189697265625,183.6699981689453,80.7486801147461,13.800000190734863
2023-11-20,37476.95703125,439.1771545410156,385.0130310058594,183.3699951171875,81.24192810058594,13.40999984741211
2023-11-21,35813.8125,438.2200012207031,382.7762451171875,185.35000610351562,81.20606231689453,13.350000381469727
2023-11-22,37432.33984375,439.911865234375,384.3429870605469,184.55999755859375,81.49305725097656,12.850000381469727
2023-11-24,37720.28125,440.1825866699219,383.8010559082031,185.52000427246094,80.5334701538086,12.460000038146973
2023-11-27,37254.16796875,439.3898620605469,383.4660339355469,186.77000427246094,81.8786849975586,12.6899995803833
2023-11-28,37831.0859375,439.82489013671875,384.4710693359375,189.25999450683594,82.04010772705078,12.6899995803833
2023-11-29,37858.4921875,439.5155029296875,384.0966796875,189.5399932861328,83.07141876220703,12.979999542236328
2023-11-30,37712.74609375,441.24609375,383.1310119628906,188.75,82.11184692382812,12.920000076293945
2023-12-01,38688.75,443.8564453125,384.2247619628906,192.00999450683594,83.6583480834961,12.630000114440918
2023-12-04,41980.09765625,441.5264892578125,380.65777587890625,187.86000061035156,83.32550048828125,13.079999923706055
2023-12-05,44080.6484375,441.4394836425781,381.6135559082031,187.14999389648438,85.11576080322266,12.850000381469727
2023-12-06,43746.4453125,439.6605529785156,379.4064636230469,187.83999633789062,86.24933624267578,12.970000267028809
2023-12-07,43292.6640625,443.01531982421875,384.70751953125,188.14999389648438,85.75450897216797,13.0600004196167
2023-12-08,44166.6015625,444.919921875,386.4220886230469,185.63999938964844,85.05279541015625,12.350000381469727
2023-12-11,41243.83203125,446.6504821777344,389.7229309082031,183.58999633789062,84.87287139892578,12.630000114440918
2023-12-12,41450.22265625,448.6903991699219,392.8267517089844,183.49000549316406,85.12478637695312,12.069999694824219
2023-12-13,42890.7421875,454.8778991699219,397.8224182128906,187.6300048828125,87.12197875976562,12.1899995803833
2023-12-14,43023.97265625,456.3377380371094,397.47760009765625,188.72999572753906,89.3882827758789,12.479999542236328
2023-12-15,41929.7578125,455.5863952636719,399.3990173339844,187.0,89.48757934570312,12.279999732971191
2023-12-18,42623.5390625,458.1491394042969,401.9146728515625,187.85000610351562,88.77454376220703,12.5600004196167
2023-12-19,42270.52734375,460.93505859375,403.9682922363281,189.1300048828125,89.25289154052734,12.529999732971191
2023-12-20,43652.25,454.5478210449219,397.9654541015625,188.10000610351562,89.85761260986328,13.670000076293945
2023-12-21,43869.15234375,458.8577575683594,402.59600830078125,189.42999267578125,89.28899383544922,13.649999618530273
2023-12-22,43997.90234375,459.7798767089844,403.1982116699219,190.27000427246094,88.88285827636719,13.029999732971191
2023-12-26,42520.40234375,461.7213439941406,405.6664733886719,191.72000122070312,89.13556671142578,12.989999771118164
2023-12-27,43442.85546875,462.5561828613281,406.4923400878906,192.58999633789062,90.71504211425781,12.430000305175781
2023-12-28,42627.85546875,462.73089599609375,406.2947082519531,191.47000122070312,90.05619049072266,12.470000267028809
2023-12-29,42099.40234375,461.39129638671875,404.53643798828125,191.1699981689453,89.243896484375,12.449999809265137
2024-01-02,44957.96875,458.8092041015625,397.69073486328125,190.72000122070312,88.72942352294922,13.199999809265137
2024-01-03,42848.17578125,455.06219482421875,393.4825744628906,189.1300048828125,89.09947967529297,14.039999961853027
2024-01-04,44179.921875,453.5964660644531,391.45751953125,189.32000732421875,87.74566650390625,14.130000114440918
2024-01-05,44162.69140625,454.2177734375,391.92181396484375,189.35000610351562,86.90628051757812,13.350000381469727
2024-01-08,46970.50390625,460.7021179199219,400.0220031738281,187.8699951171875,87.76368713378906,13.079999923706055
2024-01-09,46139.73046875,460.0032043457031,400.81231689453125,187.92999267578125,87.20413208007812,12.760000228881836
2024-01-10,46627.77734375,462.60467529296875,403.52880859375,187.5,86.79798126220703,12.6899995803833
2024-01-11,46368.5859375,462.40087890625,404.3684997558594,187.8699951171875,87.28533935546875,12.4399995803833
2024-01-12,42853.16796875,462.72119140625,404.5759582519531,189.7100067138672,87.11389923095703,12.699999809265137
2024-01-16,43154.9453125,461.02239990234375,404.53643798828125,187.91000366210938,85.57953643798828,13.84000015258789
2024-01-17,42742.65234375,458.459716796875,402.2544860839844,185.83999633789062,85.44416809082031,14.789999961853027
2024-01-18,41262.05859375,462.5367126464844,407.9642333984375,187.3699951171875,84.64993286132812,14.130000114440918
2024-01-19,41618.40625,468.3028564453125,416.0545349121094,187.92999267578125,84.9206771850586,13.300000190734863
2024-01-22,39507.3671875,469.29296875,416.5977783203125,187.22000122070312,85.42611694335938,13.1899995803833
2024-01-23,39845.55078125,470.66168212890625,418.3265380859375,187.9499969482422,84.74919128417969,12.550000190734863
2024-01-24,40077.07421875,471.1761779785156,420.64788818359375,186.39999389648438,84.25279998779297,13.140000343322754
2024-01-25,39933.80859375,473.73876953125,421.1615905761719,187.13999938964844,84.80335998535156,13.449999809265137
2024-01-26,41816.87109375,473.136962890625,418.6524963378906,187.00999450683594,84.64087677001953,13.260000228881836
2024-01-29,43288.24609375,476.88397216796875,422.939697265625,188.3300018310547,85.61563110351562,13.600000381469727
2024-01-30,42952.609375,476.5151062011719,420.1243896484375,188.58999633789062,86.39183044433594,13.3100004196167
2024-01-31,42582.60546875,468.73968505859375,411.895751953125,188.4499969482422,87.24021911621094,14.350000381469727
2024-02-01,43075.7734375,474.87457275390625,416.74603271484375,190.41000366210938,88.95154571533203,13.880000114440918
2024-02-02,43185.859375,479.8738098144531,423.78924560546875,188.61000061035156,86.98668670654297,13.850000381469727
2024-02-05,42658.66796875,478.12646484375,423.2360534667969,187.57000732421875,85.23013305664062,13.670000076293945
2024-02-06,43084.671875,479.5146484375,422.38653564453125,188.5500030517578,86.06314849853516,13.0600004196167
2024-02-07,44318.22265625,483.5139465332031,426.73297119140625,188.5,85.64664459228516,12.829999923706055
2024-02-08,45301.56640625,483.7275085449219,427.5232238769531,188.3300018310547,85.14861297607422,12.789999961853027
2024-02-09,47147.19921875,486.52313232421875,431.7314147949219,187.60000610351562,84.9765853881836,12.930000305175781
2024-02-12,49958.22265625,486.30963134765625,430.04217529296875,187.11000061035156,85.07621002197266,13.930000305175781
2024-02-13,49742.44140625,479.6116638183594,423.3348388671875,184.52999877929688,83.6184310913086,15.850000381469727
2024-02-14,51826.6953125,483.97021484375,427.947998046875,184.4199981689453,84.04399871826172,14.380000114440918
2024-02-15,51938.5546875,487.3094787597656,429.2222900390625,185.66000366210938,84.47860717773438,14.010000228881836
2024-02-16,52160.203125,484.8826599121094,425.33026123046875,186.33999633789062,83.98967742919922,14.239999771118164
2024-02-20,52284.875,482.21319580078125,422.119873046875,187.47000122070312,84.06209564208984,15.420000076293945
2024-02-21,51839.1796875,482.6499938964844,420.43060302734375,187.47999572753906,83.46448516845703,15.34000015258789
2024-02-22,51304.97265625,492.63873291015625,432.73895263671875,187.55999755859375,83.8719482421875,14.539999961853027
2024-02-23,50731.94921875,492.9784240722656,431.4646911621094,188.6199951171875,84.99472045898438,13.75
2024-02-26,54522.40234375,491.1728820800781,431.2374572753906,188.1999969482422,84.74118041992188,13.739999771118164
2024-02-27,57085.37109375,492.08538818359375,432.2746887207031,188.0,84.14359283447266,13.430000305175781
2024-02-28,62504.7890625,491.4350280761719,429.9730529785156,188.33999633789062,84.67779541015625,13.84000015258789
2024-02-29,61198.3828125,493.20172119140625,433.65765380859375,189.30999755859375,85.27542114257812,13.399999618530273
2024-03-01,62440.6328125,497.83203125,440.1872253417969,192.88999938964844,85.80677795410156,13.109999656677246
2024-03-04,68330.4140625,497.298095703125,438.6166076660156,196.00999450683594,85.46158599853516,13.489999771118164
2024-03-05,63801.19921875,492.32806396484375,430.7435302734375,197.19000244140625,86.6787109375,14.460000038146973
2024-03-06,66106.8046875,494.82281494140625,433.4502258300781,198.80999755859375,87.18736267089844,14.5
2024-03-07,66925.484375,499.7345886230469,440.0291748046875,199.94000244140625,87.10562896728516,14.4399995803833
2024-03-08,68300.09375,496.73516845703125,433.6773986816406,201.6300048828125,86.95120239257812,14.739999771118164
2024-03-11,72123.90625,496.30804443359375,432.0672607421875,202.0,86.90580749511719,15.220000267028809
2024-03-12,71481.2890625,501.6469421386719,438.26092529296875,199.7899932861328,86.17912292480469,13.84000015258789
2024-03-13,73083.5,500.8605651855469,434.8924255371094,201.19000244140625,85.76132202148438,13.75
2024-03-14,71396.59375,499.87054443359375,433.7959899902344,200.35000610351562,84.44429779052734,14.399999618530273
2024-03-15,69403.7734375,496.4381408691406,428.6395263671875,199.7100067138672,84.41706085205078,14.40999984741211
2024-03-18,67548.59375,499.3885192871094,432.7276306152344,200.02999877929688,84.16273498535156,14.329999923706055
2024-03-19,61912.7734375,502.1636962890625,433.80572509765625,199.8000030517578,84.39888763427734,13.819999694824219
2024-03-20,67913.671875,506.808349609375,438.9492492675781,202.17999267578125,84.37164306640625,13.039999961853027
2024-03-21,65491.390625,508.4831848144531,441.0264892578125,201.97000122070312,84.55329132080078,12.920000076293945
2024-03-22,63778.76171875,507.5191955566406,441.5309143066406,200.35000610351562,85.3616943359375,13.0600004196167
2024-03-25,69958.8125,506.1170959472656,439.9285583496094,200.99000549316406,84.93478393554688,13.1899995803833
2024-03-26,69987.8359375,505.1822204589844,438.50421142578125,201.63999938964844,85.17093658447266,13.239999771118164
2024-03-27,69455.34375,509.427734375,439.99774169921875,203.10000610351562,86.01566314697266,12.779999732971191
2024-03-28,70744.953125,509.3303527832031,439.1866760253906,205.72000122070312,85.9429931640625,13.010000228881836
2024-04-01,69702.1484375,508.4442138671875,440.116455078125,207.82000732421875,84.34092712402344,13.649999618530273
2024-04-02,65446.97265625,505.21148681640625,436.3181457519531,210.88999938964844,83.87617492675781,14.609999656677246
2024-04-03,65980.8125,505.7664489746094,437.29742431640625,212.74000549316406,83.85792541503906,14.329999923706055
2024-04-04,68508.84375,499.5930480957031,430.6108093261719,211.52000427246094,84.45941925048828,16.350000381469727
2024-04-05,67837.640625,504.81219482421875,435.6850891113281,215.13999938964844,83.28382873535156,16.030000686645508
2024-04-08,71631.359375,505.0946044921875,435.8136901855469,216.47999572753906,83.27470397949219,15.1899995803833
2024-04-09,69139.015625,505.67889404296875,437.426025390625,217.6699981689453,84.04930877685547,14.979999542236328
2024-04-10,70587.8828125,500.615478515625,433.60797119140625,215.61000061035156,82.21759796142578,15.800000190734863
2024-04-11,70060.609375,504.3935546875,440.53192138671875,219.8000030517578,81.84397888183594,14.90999984741211
2024-04-12,67195.8671875,497.4313659667969,433.509033203125,216.88999938964844,82.2813949584961,17.309999465942383
2024-04-15,63426.2109375,491.199462890625,426.37738037109375,220.9499969482422,81.00556182861328,19.229999542236328
2024-04-16,63811.86328125,490.3036193847656,426.4169006347656,221.22000122070312,80.46790313720703,18.399999618530273
2024-04-17,61276.69140625,487.40185546875,421.2140197753906,219.58999633789062,81.3609619140625,18.209999084472656
2024-04-18,63512.75390625,486.3989562988281,418.8104553222656,220.33999633789062,80.95088958740234,18.0
2024-04-19,63843.5703125,482.1534729003906,410.14556884765625,221.02999877929688,81.24249267578125,18.709999084472656
2024-04-22,66837.6796875,486.59368896484375,414.2703552246094,215.57000732421875,81.10580444335938,16.940000534057617
2024-04-23,66407.2734375,492.367919921875,420.4524230957031,215.0399932861328,81.13314056396484,15.6899995803833
2024-04-24,64276.8984375,492.1342468261719,421.87677001953125,214.63999938964844,80.55902862548828,15.970000267028809
2024-04-25,64481.70703125,490.2646789550781,419.8391418457031,215.9199981689453,79.99401092529297,15.369999885559082
2024-04-26,63755.3203125,494.90936279296875,426.3179931640625,216.6199951171875,80.4132080078125,15.029999732971191
2024-04-29,63841.12109375,496.66204833984375,428.0489807128906,216.17999267578125,81.08757781982422,14.670000076293945
2024-04-30,60636.85546875,488.7943420410156,419.9776306152344,211.8699951171875,80.3949966430664,15.649999618530273
2024-05-01,58254.01171875,487.2071838378906,416.9409484863281,213.7899932861328,80.98758697509766,15.390000343322754
2024-05-02,59123.43359375,491.76422119140625,422.26251220703125,213.1300048828125,81.33509063720703,14.680000305175781
2024-05-03,62889.8359375,497.8598327636719,430.7493591308594,212.9600067138672,82.15811920166016,13.489999771118164
2024-05-06,63161.94921875,503.0010681152344,435.46746826171875,215.1999969482422,82.47819519042969,13.489999771118164
2024-05-07,62334.81640625,503.5561218261719,435.53680419921875,214.2100067138672,82.98118591308594,13.229999542236328
2024-05-08,61187.94140625,503.6048278808594,435.279541015625,213.5800018310547,82.47819519042969,13.0
2024-05-09,63049.9609375,506.5064392089844,436.2291564941406,216.9499969482422,82.88058471679688,12.6899995803833
2024-05-10,60792.77734375,507.1589660644531,437.2578430175781,218.7100067138672,82.41419982910156,12.550000190734863
2024-05-13,62901.44921875,507.2270812988281,438.2667236328125,216.25999450683594,82.62452697753906,13.600000381469727
2024-05-14,61552.7890625,509.5543212890625,441.0857849121094,218.08999633789062,83.09090423583984,13.420000076293945
2024-05-15,66267.4921875,515.8641357421875,447.9800720214844,220.88999938964844,84.22488403320312,12.449999809265137
2024-05-16,65231.58203125,514.8026733398438,447.070068359375,220.02999877929688,84.1426010131836,12.420000076293945
2024-05-17,67051.875,515.542724609375,446.85247802734375,223.66000366210938,83.57562255859375,11.989999771118164
2024-05-20,71448.1953125,516.13671875,449.96826171875,224.55999755859375,83.32868957519531,12.149999618530273
2024-05-21,70136.53125,517.402587890625,450.84857177734375,224.22999572753906,83.75849151611328,11.859999656677246
2024-05-22,69122.3359375,515.9129028320312,450.7595520019531,220.11000061035156,83.85911560058594,12.289999961853027
2024-05-23,67929.5625,512.1444702148438,448.73187255859375,215.72000122070312,83.31951904296875,12.770000457763672
2024-05-24,68526.1015625,515.5330200195312,452.9752197265625,215.9199981689453,83.56645202636719,11.930000305175781
2024-05-28,68296.21875,515.893310546875,454.6864318847656,218.19000244140625,82.36847686767578,12.920000076293945
2024-05-29,67578.09375,512.2807006835938,451.4816589355469,216.16000366210938,81.3716812133789,14.279999732971191
2024-05-30,68364.9921875,508.88250732421875,446.6447448730469,216.57000732421875,82.15811920166016,14.470000267028809
2024-05-31,67491.4140625,513.5174560546875,445.8138427734375,215.3000030517578,82.71598052978516,12.920000076293945
2024-06-03,68804.78125,513.9361572265625,448.20758056640625,217.22000122070312,84.05387878417969,13.109999656677246
2024-06-04,70567.765625,514.5106201171875,449.4341125488281,215.27000427246094,85.03572845458984,13.15999984741211
2024-06-05,71082.8203125,520.6256103515625,458.4946594238281,217.82000732421875,85.65968322753906,12.630000114440918
2024-06-06,70757.1640625,520.6158447265625,458.33636474609375,219.42999267578125,85.53123474121094,12.579999923706055
2024-06-07,69342.5859375,519.9830322265625,457.9308166503906,211.60000610351562,83.96209716796875,12.220000267028809
2024-06-10,69512.28125,521.5896606445312,459.7804870605469,213.5399932861328,83.40234375,12.739999771118164
2024-06-11,67332.03125,522.8457641601562,462.93585205078125,214.14999389648438,84.26492309570312,12.850000381469727
2024-06-12,68241.1875,527.1399536132812,468.9992370605469,214.72000122070312,84.89807891845703,12.039999961853027
2024-06-13,66756.3984375,528.2013549804688,471.5412902832031,212.97000122070312,86.14602661132812,11.9399995803833
2024-06-14,66011.09375,528.522705078125,473.9844970703125,215.72999572753906,86.87095642089844,12.65999984741211
2024-06-17,66490.296875,532.7291259765625,479.79071044921875,214.61000061035156,86.00839233398438,12.75
2024-06-18,65140.74609375,534.0825805664062,479.93914794921875,215.47000122070312,86.79756927490234,12.300000190734863
2024-06-20,64828.65625,532.6318359375,476.23974609375,218.16000366210938,86.2194595336914,13.279999732971191
2024-06-21,64096.19921875,531.9176635742188,474.9637145996094,214.77999877929688,86.2194595336914,13.199999809265137
2024-06-24,60277.4140625,530.1886596679688,469.55645751953125,215.6300048828125,86.56814575195312,13.329999923706055
2024-06-25,61804.640625,532.2302856445312,474.9261169433594,214.55999755859375,86.7149658203125,12.84000015258789
2024-06-26,60811.27734375,532.8945922851562,475.9068908691406,212.5800018310547,85.47618103027344,12.550000190734863
2024-06-27,61604.80078125,533.7347412109375,477.1353759765625,214.99000549316406,85.81568908691406,12.239999771118164
2024-06-28,60320.13671875,531.6343994140625,474.65863037109375,215.00999450683594,84.21903228759766,12.4399995803833
2024-07-01,62851.98046875,532.728515625,477.4425048828125,215.57000732421875,82.76551055908203,12.220000267028809
2024-07-02,62029.015625,536.3135986328125,482.45550537109375,215.55999755859375,83.40989685058594,12.029999732971191
2024-07-03,60173.921875,538.70703125,486.477783203125,217.99000549316406,84.50532531738281,12.09000015258789
2024-07-05,56662.375,541.8134765625,491.55023193359375,220.92999267578125,85.20494079589844,12.479999542236328
2024-07-08,56705.09765625,542.4385986328125,492.71923828125,218.19000244140625,85.38904571533203,12.369999885559082
2024-07-09,58009.2265625,542.9661865234375,493.145263671875,218.55999755859375,85.0116195678711,12.510000228881836
2024-07-10,57742.49609375,548.3389282226562,498.2870178222656,219.36000061035156,85.27857971191406,12.850000381469727
2024-07-11,57344.9140625,543.61083984375,487.3594665527344,223.25,86.1070556640625,12.920000076293945
2024-07-12,57899.46484375,547.0396728515625,490.2226257324219,223.11000061035156,86.47527313232422,12.460000038146973
2024-07-15,64870.15234375,548.5441284179688,491.540283203125,223.8300018310547,85.48108673095703,13.119999885559082
2024-07-16,65097.1484375,551.797119140625,491.728515625,228.2899932861328,86.68698120117188,13.1899995803833
2024-07-17,64118.79296875,544.060302734375,477.29388427734375,227.22999572753906,86.70540618896484,14.479999542236328
2024-07-18,63974.06640625,539.8792114257812,475.03509521484375,225.77999877929688,86.04263305664062,15.930000305175781
2024-07-19,66710.15625,536.2940063476562,470.82452392578125,221.72999572753906,85.53630828857422,16.520000457763672
2024-07-22,67585.25,541.8231811523438,477.83880615234375,221.8000030517578,85.28778839111328,14.90999984741211
2024-07-23,65927.671875,540.973388671875,476.154541015625,222.5800018310547,85.16812133789062,14.720000267028809
2024-07-24,65372.1328125,528.7135009765625,459.07476806640625,221.8000030517578,84.24757385253906,18.040000915527344
2024-07-25,65777.2265625,525.958740234375,454.0122375488281,218.3300018310547,84.93797302246094,18.459999084472656
2024-07-26,67912.0625,531.8492431640625,458.6685485839844,220.6300048828125,85.60076904296875,16.389999389648438
2024-07-29,66819.9140625,532.1619262695312,459.5899353027344,220.32000732421875,86.06104278564453,16.600000381469727
2024-07-30,66201.015625,529.4657592773438,453.27911376953125,222.52000427246094,86.3924331665039,17.690000534057617
2024-07-31,64619.25,538.072021484375,466.69329833984375,226.5500030517578,87.276123046875,16.360000610351562
2024-08-01,65357.5,530.4523315429688,455.38934326171875,225.77000427246094,88.02887725830078,18.59000015258789
2024-08-02,61415.06640625,520.5762329101562,444.5806579589844,225.33999633789062,90.77197265625,23.389999389648438
2024-08-05,53991.45703125,505.4150390625,431.32501220703125,222.47999572753906,91.2522964477539,38.56999969482422
2024-08-06,56034.31640625,510.07476806640625,435.4463195800781,220.6999969482422,89.21109008789062,27.709999084472656
2024-08-07,55027.4609375,506.6654052734375,430.7305908203125,220.5500030517578,88.5830307006836,27.850000381469727
2024-08-08,61710.13671875,518.378173828125,443.9070129394531,224.00999450683594,88.03811645507812,23.790000915527344
2024-08-09,60880.11328125,520.6640625,446.2252502441406,224.55999755859375,88.90631103515625,20.3700008392334
2024-08-12,59354.515625,520.9376831054688,447.1862487792969,228.41000366210938,89.22957611083984,20.709999084472656
2024-08-13,60609.56640625,529.5047607421875,458.28216552734375,228.05999755859375,89.84838104248047,18.1200008392334
2024-08-14,58737.26953125,531.1752319335938,458.4308166503906,226.1999969482422,90.4117660522461,16.190000534057617
2024-08-15,57560.09765625,540.2797241210938,470.01220703125,226.91000366210938,89.68214416503906,15.229999542236328
2024-08-16,58894.10546875,541.4910278320312,470.61651611328125,231.99000549316406,89.99615478515625,14.800000190734863
2024-08-19,59493.453125,546.66845703125,476.79852294921875,231.61000061035156,90.4117660522461,14.649999618530273
2024-08-20,59012.79296875,545.7796020507812,475.79791259765625,232.4600067138672,91.1322021484375,15.880000114440918
2024-08-21,61175.19140625,547.655029296875,478.01708984375,232.14999389648438,91.18761444091797,16.270000457763672
2024-08-22,60381.9140625,543.3568725585938,470.4382019042969,229.3699951171875,90.2824935913086,17.549999237060547
2024-08-23,64094.35546875,549.1301879882812,475.5403137207031,232.02000427246094,90.87360382080078,15.859999656677246
2024-08-26,62880.66015625,547.8212280273438,470.9236145019531,232.75999450683594,90.64269256591797,16.149999618530273
2024-08-27,59504.1328125,548.5734252929688,472.3304443359375,233.38999938964844,90.48567199707031,15.430000305175781
2024-08-28,59027.625,545.3887939453125,466.9707336425781,231.75,90.37483978271484,17.110000610351562
2024-08-29,59388.1796875,545.4375610351562,466.2871398925781,232.9499969482422,90.07930755615234,15.649999618530273
2024-08-30,59119.4765625,550.6443481445312,471.844970703125,231.2899932861328,89.11872863769531,15.0
2024-09-03,57431.0234375,539.3125,457.51934814453125,230.2899932861328,90.57630157470703,20.719999313354492
2024-09-04,57971.5390625,538.2088012695312,456.3304748535156,230.42999267578125,91.74382019042969,21.31999969482422
2024-09-05,56160.48828125,536.8997802734375,456.7564697265625,232.35000610351562,92.26273345947266,19.899999618530273
2024-09-06,53948.75390625,527.8636474609375,444.5212097167969,230.6300048828125,92.25347137451172,22.3799991607666
2024-09-09,57019.53515625,533.7738037109375,450.2376403808594,231.60000610351562,92.65190124511719,19.450000762939453
2024-09-10,57648.7109375,536.0986938476562,454.39862060546875,232.6199951171875,93.30052947998047,19.079999923706055
2024-09-11,57343.171875,541.5983276367188,464.2660827636719,232.25,93.22640228271484,17.690000534057617
2024-09-12,58127.01171875,546.1604614257812,468.82330322265625,236.3300018310547,92.79090118408203,17.06999969482422
2024-09-13,60571.30078125,549.0130615234375,470.9236145019531,238.67999267578125,93.04109954833984,16.559999465942383
2024-09-16,58192.5078125,549.8239135742188,468.8431091308594,238.66000366210938,93.89356231689453,17.139999389648438
2024-09-17,60308.5390625,550.0485229492188,469.0908203125,237.33999633789062,93.43952941894531,17.610000610351562
2024-09-18,61649.6796875,548.4171142578125,467.05987548828125,235.50999450683594,92.28126525878906,18.229999542236328
2024-09-19,62940.45703125,557.7754516601562,478.8691101074219,239.1699981689453,91.97547912597656,16.329999923706055
2024-09-20,63192.9765625,556.8114013671875,477.9576721191406,242.2100067138672,91.62337493896484,16.149999618530273
2024-09-23,63329.80078125,558.2027587890625,479.2245788574219,242.67999267578125,91.42877197265625,15.890000343322754
2024-09-24,64301.96875,559.7999267578125,481.5361633300781,246.07000732421875,91.41024017333984,15.390000343322754
2024-09-25,63143.14453125,558.5652465820312,481.98260498046875,245.72999572753906,90.65043640136719,15.40999984741211
2024-09-26,65181.01953125,560.7798461914062,485.6037902832031,246.97999572753906,90.86353302001953,15.369999885559082
2024-09-27,65790.6640625,559.966552734375,482.9052734375,245.02000427246094,91.33612060546875,16.959999084472656
2024-09-30,63329.5,562.2103881835938,484.2148742675781,243.05999755859375,90.90059661865234,16.729999542236328
2024-10-01,60837.0078125,557.1738891601562,477.46856689453125,245.61000061035156,91.55691528320312,19.260000228881836
2024-10-02,60632.78515625,557.4091186523438,478.1431884765625,245.66000366210938,90.78536987304688,18.899999618530273
2024-10-03,60759.40234375,556.3900146484375,477.7860107421875,245.49000549316406,89.93009948730469,20.489999771118164
2024-10-04,62067.4765625,561.4461059570312,483.47076416015625,245.0,88.8238754272461,19.209999084472656
2024-10-07,62236.66015625,556.3704223632812,478.2920227050781,244.1699981689453,88.15454864501953,22.639999389648438
2024-10-08,62131.96875,561.6322631835938,485.43511962890625,242.3699951171875,88.30329132080078,21.420000076293945
2024-10-09,60582.1015625,565.5223999023438,489.2547302246094,241.0500030517578,87.80130004882812,20.860000610351562
2024-10-10,60274.5,564.5326538085938,488.6991882324219,242.82000732421875,87.45734405517578,20.93000030517578
2024-10-11,62445.08984375,567.9132080078125,489.4630432128906,245.47000122070312,87.10409545898438,20.459999084472656
2024-10-14,66046.125,572.5578002929688,493.57037353515625,245.07000732421875,87.16917419433594,19.700000762939453
2024-10-15,67041.109375,568.109375,486.972900390625,245.9199981689453,88.22891235351562,20.639999389648438
2024-10-16,67612.71875,570.5784912109375,487.0324401855469,247.14999389648438,88.60075378417969,19.579999923706055
2024-10-17,67399.8359375,570.6275024414062,487.3697509765625,248.6300048828125,87.19705200195312,19.110000610351562
2024-10-18,68418.7890625,572.8224487304688,490.56427001953125,251.27000427246094,87.26215362548828,18.030000686645508
2024-10-21,67367.8515625,571.8817749023438,491.50677490234375,251.22000122070312,85.73758697509766,18.3700008392334
2024-10-22,67361.40625,571.5780029296875,492.04254150390625,253.92999267578125,85.82123565673828,18.200000762939453
2024-10-23,66432.1953125,566.355224609375,484.50250244140625,250.8699951171875,85.58885192871094,19.239999771118164
2024-10-24,68161.0546875,567.5801391601562,488.4312744140625,252.8000030517578,86.13729858398438,19.079999923706055
2024-10-25,66642.4140625,567.3840942382812,491.4075927734375,253.32000732421875,85.65391540527344,20.329999923706055
2024-10-28,69907.7578125,569.1381225585938,491.4869079589844,253.3300018310547,85.4215316772461,19.799999237060547
2024-10-29,72720.4921875,570.0592651367188,496.2093505859375,256.0899963378906,85.55166625976562,19.34000015258789
2024-10-30,72339.5390625,568.3346557617188,492.4591979980469,257.5,85.80267333984375,20.350000381469727
2024-10-31,70215.1875,557.1934204101562,480.0281982421875,253.50999450683594,85.94207763671875,23.15999984741211
2024-11-01,69482.46875,559.5452270507812,483.57989501953125,252.47000122070312,84.73046112060547,21.8799991607666
2024-11-04,67811.5078125,558.33984375,482.171142578125,252.8300018310547,86.04561614990234,21.979999542236328
2024-11-05,69359.5625,565.0912475585938,488.3221740722656,253.39999389648438,86.502685546875,20.489999771118164
2024-11-06,75639.078125,579.1425170898438,501.5865173339844,245.6999969482422,84.13351440429688,16.270000457763672
2024-11-07,75904.859375,583.62060546875,509.48358154296875,249.64999389648438,85.18749237060547,15.199999809265137
2024-11-08,76545.4765625,586.148681640625,510.0789489746094,247.9600067138672,86.26948547363281,14.9399995803833
2024-11-11,88701.484375,586.707275390625,509.7813415527344,242.13999938964844,85.84976196289062,14.970000267028809
2024-11-12,87955.8125,584.8846435546875,508.8586120605469,240.0500030517578,84.56256866455078,14.710000038146973
2024-11-13,90584.1640625,585.1688232421875,508.203857421875,237.6300048828125,83.76041412353516,14.020000457763672
2024-11-14,87250.4296875,581.4060668945312,504.6720275878906,237.00999450683594,84.24543762207031,14.3100004196167
2024-11-15,91066.0078125,573.9591064453125,492.647705078125,236.58999633789062,84.02156066894531,16.139999389648438
2024-11-18,90542.640625,576.3108520507812,496.0704040527344,241.08999633789062,84.17081451416016,15.579999923706055
2024-11-19,92343.7890625,578.4174194335938,499.4832458496094,243.25,84.59986877441406,16.350000381469727
2024-11-20,94339.4921875,578.6134643554688,499.1955871582031,244.6199951171875,84.32938385009766,17.15999984741211
2024-11-21,98504.7265625,581.7196655273438,500.9913024902344,246.66000366210938,84.26408386230469,16.8700008392334
2024-11-22,98997.6640625,583.5226440429688,501.7948913574219,249.83999633789062,84.31072235107422,15.239999771118164
2024-11-25,93102.296875,585.5018920898438,502.5885925292969,242.47999572753906,86.49333953857422,14.600000381469727
2024-11-26,91985.3203125,588.5592041015625,505.28704833984375,242.9499969482422,86.15756225585938,14.100000381469727
2024-11-27,95962.53125,586.77587890625,501.3087463378906,243.49000549316406,86.7545166015625,14.100000381469727
2024-11-29,97461.5234375,590.4209594726562,505.7136535644531,245.58999633789062,87.64993286132812,13.510000228881836
2024-12-02,95865.3046875,591.4791870117188,511.2198486328125,243.44000244140625,87.86054992675781,13.34000015258789
2024-12-03,96002.1640625,591.7535400390625,512.7872924804688,243.92999267578125,87.1023941040039,13.300000190734863
2024-12-04,98768.53125,595.4281005859375,519.126953125,244.6699981689453,88.03837585449219,13.449999809265137
2024-12-05,96593.5703125,594.4481811523438,517.6883544921875,242.86000061035156,88.21622467041016,13.539999961853027
2024-12-06,99920.7109375,595.574951171875,522.3214721679688,242.9499969482422,88.34724426269531,12.770000457763672
2024-12-09,97432.71875,592.5079956054688,518.2538452148438,245.36000061035156,87.53295135498047,14.1899995803833
2024-12-10,96675.4296875,590.6658935546875,516.4878540039062,248.58999633789062,87.12112426757812,14.180000305175781
2024-12-11,101173.03125,595.232177734375,525.7341918945312,250.9600067138672,86.2974624633789,13.579999923706055
2024-12-12,100043.0,592.1651000976562,522.34130859375,247.27999877929688,85.2491683959961,13.920000076293945
2024-12-13,101459.2578125,592.0474853515625,526.3394775390625,244.2899932861328,84.3786849975586,13.8100004196167
2024-12-16,106029.71875,594.575439453125,533.9190673828125,244.8800048828125,84.63140869140625,14.6899995803833
2024-12-17,106140.6015625,592.1258544921875,531.56787109375,243.94000244140625,84.83732604980469,15.869999885559082
2024-12-18,100041.5390625,574.478515625,512.3905029296875,239.25999450683594,83.77650451660156,27.6200008392334
2024-12-19,97490.953125,574.3020629882812,510.1087341308594,239.60000610351562,82.50800323486328,24.09000015258789
2024-12-20,97755.9296875,581.199951171875,514.563232421875,242.10000610351562,82.97781372070312,18.360000610351562
2024-12-23,94686.2421875,584.6803588867188,519.5764770507812,240.9600067138672,82.21672821044922,16.780000686645508
2024-12-24,98676.09375,591.1791381835938,526.621826171875,241.44000244140625,82.56439208984375,14.270000457763672
2024-12-26,95795.515625,591.218505859375,526.2640380859375,243.07000732421875,82.51740264892578,14.729999542236328
2024-12-27,94164.859375,584.9949951171875,519.2684326171875,241.39999389648438,81.84088134765625,15.949999809265137
2024-12-30,92643.2109375,578.3192138671875,512.3621215820312,240.6300048828125,82.49862670898438,17.399999618530273
2024-12-31,93429.203125,576.2151489257812,508.0097961425781,242.1300048828125,82.05699157714844,17.350000381469727
2025-01-02,96886.875,574.799560546875,507.0160827636719,245.4199981689453,82.28251647949219,17.93000030517578
2025-01-03,98107.4296875,581.9864501953125,515.3135375976562,243.49000549316406,82.01940155029297,16.1299991607666
2025-01-06,102078.0859375,585.3390502929688,521.23583984375,243.19000244140625,81.6529541015625,16.040000915527344
2025-01-07,96922.703125,578.7222900390625,511.93487548828125,244.55999755859375,80.73213195800781,17.81999969482422
2025-01-08,95043.5234375,579.56787109375,512.0242919921875,245.86000061035156,80.8354721069336,17.700000762939453
2025-01-10,94701.453125,570.7192993164062,503.9952087402344,248.2100067138672,80.29989624023438,19.540000915527344
2025-01-13,94516.5234375,571.604248046875,502.37548828125,245.74000549316406,80.2717056274414,19.190000534057617
2025-01-14,96534.046875,572.3907470703125,501.8984680175781,247.02999877929688,80.14016723632812,18.709999084472656
2025-01-15,100504.4921875,582.802490234375,513.4452514648438,248.8800048828125,81.52141571044922,16.1200008392334
2025-01-16,99756.90625,581.6817626953125,509.84814453125,250.60000610351562,81.78450012207031,16.600000381469727
2025-01-17,104462.0390625,587.521728515625,518.4534912109375,249.27000427246094,81.92545318603516,15.970000267028809
2025-01-21,106146.265625,592.8995361328125,521.4942626953125,253.1300048828125,82.65833282470703,15.0600004196167
2025-01-22,103653.0703125,596.2325439453125,528.162109375,254.42999267578125,82.22611999511719,15.100000381469727
2025-01-23,103960.171875,599.48681640625,529.284912109375,254.07000732421875,81.58717346191406,15.020000457763672
2025-01-24,104819.484375,597.73681640625,526.2937622070312,255.64999389648438,81.9536361694336,14.850000381469727
2025-01-27,102087.6875,589.2816772460938,510.9710388183594,252.99000549316406,82.92142486572266,17.899999618530273
2025-01-28,101332.4765625,594.3449096679688,518.5231323242188,255.17999267578125,82.86506652832031,16.40999984741211
2025-01-29,103703.2109375,591.6804809570312,517.5492553710938,254.1999969482422,82.69591522216797,16.559999465942383
2025-01-30,104735.3046875,594.8561401367188,519.7552490234375,258.04998779296875,83.0060043334961,15.84000015258789
2025-01-31,102405.0234375,591.6903076171875,519.0000610351562,258.55999755859375,82.46102905273438,16.43000030517578
2025-02-03,101405.421875,587.7085571289062,514.846435546875,259.94000244140625,83.1324234008789,18.6200008392334
2025-02-04,97871.8203125,591.6510009765625,521.1663208007812,262.5,83.38703155517578,17.209999084472656
2025-02-05,96615.4453125,594.0498046875,523.5313720703125,264.1300048828125,84.76376342773438,15.770000457763672
2025-02-06,96593.296875,596.1145629882812,526.2640380859375,263.42999267578125,84.7260513305664,15.5
2025-02-07,96529.0859375,590.6580810546875,519.6261596679688,263.8999938964844,84.17913055419922,16.540000915527344
2025-02-10,97437.5546875,594.6693115234375,525.9161987304688,268.3699951171875,83.92452239990234,15.8100004196167
2025-02-11,95747.4296875,595.12158203125,524.6641845703125,267.3900146484375,83.38703155517578,16.020000457763672
2025-02-12,97885.859375,593.2044067382812,524.9722290039062,267.6700134277344,82.25546264648438,15.890000343322754
2025-02-13,96623.8671875,599.4671630859375,532.5244750976562,270.30999755859375,83.62277221679688,15.100000381469727
2025-02-14,97508.96875,599.4376831054688,534.7601928710938,266.2900085449219,84.06595611572266,14.770000457763672
2025-02-18,95539.546875,601.1975708007812,535.9724731445312,270.70001220703125,83.07585144042969,15.350000381469727
2025-02-19,96635.609375,602.6133422851562,536.1215209960938,270.8500061035156,83.17957305908203,15.270000457763672
2025-02-20,98333.9375,600.106201171875,533.8460083007812,270.989990234375,83.49076080322266,15.65999984741211
2025-02-21,96125.546875,589.8419799804688,522.7662353515625,270.739990234375,84.4997329711914,18.209999084472656
2025-02-24,91418.171875,587.1578979492188,516.5953979492188,272.2099914550781,84.7448959350586,18.979999542236328
2025-02-25,88736.171875,584.2379150390625,510.08660888671875,268.6199951171875,86.20651245117188,19.43000030517578
2025-02-26,84347.0234375,584.5328369140625,511.31878662109375,269.0299987792969,86.71571350097656,19.100000381469727
2025-02-27,84704.2265625,575.2025756835938,497.1188049316406,264.92999267578125,86.10279846191406,21.1299991607666
2025-02-28,84373.0078125,584.178955078125,504.96905517578125,263.2699890136719,87.15892028808594,19.6299991607666
2025-03-03,86065.671875,573.9441528320312,493.9190979003906,266.739990234375,87.565673828125,22.780000686645508
2025-03-04,87222.1953125,567.1504516601562,492.42852783203125,269.05999755859375,86.48729705810547,23.510000228881836
2025-03-05,90623.5625,573.2460327148438,498.84783935546875,269.6199951171875,85.79676055908203,21.93000030517578
2025-03-06,89961.7265625,563.0703125,485.1248474121094,268.25,85.51299285888672,24.8700008392334
2025-03-07,86742.671875,566.2262573242188,488.69219970703125,268.3900146484375,85.2386474609375,23.3700008392334
2025-03-10,78532.0,551.1444702148438,469.7523193359375,266.0400085449219,86.12784576416016,27.860000610351562
2025-03-11,82862.2109375,546.5628662109375,468.62939453125,269.1600036621094,85.51299285888672,26.920000076293945
2025-03-12,83722.359375,549.4633178710938,473.9159240722656,270.3299865722656,85.00218200683594,24.229999542236328
2025-03-13,81066.703125,542.138671875,465.3899230957031,275.1300048828125,85.74947357177734,24.65999984741211
2025-03-14,83969.1015625,553.3369750976562,476.63861083984375,275.239990234375,85.29541778564453,21.770000457763672
2025-03-17,84075.6875,557.6039428710938,479.7290344238281,276.7300109863281,85.7210922241211,20.510000228881836
2025-03-18,82718.5,551.5770874023438,471.5509033203125,279.9599914550781,85.80622100830078,21.700000762939453
2025-03-19,86854.2265625,557.5842895507812,477.86090087890625,281.1099853515625,86.25081634521484,19.899999618530273
2025-03-20,84167.1953125,555.9718627929688,476.2411804199219,280.75,86.30757904052734,19.799999237060547
2025-03-21,84043.2421875,556.1552734375,477.8111877441406,278.489990234375,85.79676055908203,19.280000686645508
2025-03-24,87498.9140625,566.1151733398438,488.29644775390625,277.25,84.91704559326172,17.479999542236328
2025-03-25,87471.703125,567.4760131835938,491.0829772949219,278.4700012207031,84.90758514404297,17.149999618530273
2025-03-26,86900.8828125,560.7013549804688,482.0466613769531,278.239990234375,84.34945678710938,18.329999923706055
2025-03-27,87177.1015625,559.2123413085938,479.29998779296875,281.9700012207031,84.10353088378906,18.690000534057617
2025-03-28,84353.1484375,547.9506225585938,466.68109130859375,284.05999755859375,85.26703643798828,21.649999618530273
2025-03-31,82548.9140625,551.6289672851562,466.66119384765625,288.1400146484375,86.10892486572266,22.280000686645508
2025-04-01,85169.171875,553.1869506835938,470.4229431152344,287.57000732421875,86.85509490966797,21.770000457763672
2025-04-02,82485.7109375,556.687744140625,473.8563232421875,288.1600036621094,86.79814147949219,21.510000228881836
2025-04-03,83102.828125,529.2537231445312,448.4891357421875,286.4200134277344,87.1968765258789,30.020000457763672
2025-04-04,83843.8046875,498.2696838378906,420.63397216796875,279.7200012207031,88.14620971679688,45.310001373291016
2025-04-07,79235.3359375,497.3821716308594,421.6490173339844,273.7099914550781,85.4880599975586,46.97999954223633
2025-04-08,76271.953125,489.5917663574219,414.0557861328125,275.20001220703125,83.8741683959961,52.33000183105469
2025-04-09,82573.953125,541.0084228515625,463.7552490234375,285.3800048828125,84.36782836914062,33.619998931884766
2025-04-10,79626.140625,517.3018798828125,444.03070068359375,292.3500061035156,82.04194641113281,40.720001220703125
2025-04-11,83404.8359375,526.531982421875,452.2110900878906,297.92999267578125,82.4881362915039,37.560001373291016
2025-04-14,84542.390625,531.64013671875,455.2762451171875,296.2300109863281,83.07673645019531,30.889999389648438
2025-04-15,83668.9921875,530.151123046875,455.7837829589844,297.7799987792969,83.37102508544922,30.1200008392334
2025-04-16,84033.8671875,518.366943359375,442.04034423828125,307.4700012207031,83.83618927001953,32.63999938964844
2025-04-17,84895.75,519.1064453125,441.9607238769531,306.1199951171875,83.09569549560547,29.649999618530273
2025-04-21,87518.90625,506.7503356933594,431.0236511230469,315.5899963378906,81.64324188232422,33.81999969482422
2025-04-22,93441.890625,519.9349365234375,442.33892822265625,311.1099853515625,82.09890747070312,30.56999969482422
2025-04-23,93699.109375,527.9915161132812,452.37030029296875,303.6499938964844,82.89634704589844,28.450000762939453
2025-04-24,93943.796875,539.1051635742188,465.0987243652344,308.07000732421875,83.7697525024414,26.469999313354492
2025-04-25,94720.5,543.0003662109375,470.28363037109375,304.7300109863281,84.38682556152344,24.84000015258789
2025-04-28,94978.75,543.2074584960938,470.13433837890625,309.07000732421875,84.91844177246094,25.149999618530273
2025-04-29,94284.7890625,546.6293334960938,473.23931884765625,306.05999755859375,85.63046264648438,24.170000076293945
2025-04-30,94207.3125,546.84619140625,473.1795959472656,303.7699890136719,84.93743133544922,24.700000762939453
2025-05-01,96492.3359375,550.7216796875,479.35968017578125,297.4599914550781,84.50675964355469,24.600000381469727
2025-05-02,96910.0703125,558.8966674804688,486.4752502441406,297.9800109863281,83.59203338623047,22.68000030517578
2025-05-05,94748.0546875,555.6918334960938,483.5892028808594,306.8800048828125,83.12515258789062,23.639999389648438
2025-05-06,96802.4765625,551.0471801757812,479.09100341796875,315.4800109863281,83.40145111083984,24.760000228881836
2025-05-07,97032.3203125,553.3645629882812,480.97186279296875,310.75,83.7540283203125,23.549999237060547
2025-05-08,103241.4609375,557.2202758789062,485.9378662109375,304.6300048828125,82.82024383544922,22.479999542236328
2025-05-09,102970.8515625,556.51025390625,485.6193542480469,306.8399963378906,82.94412231445312,21.899999618530273
2025-05-12,102812.953125,574.9015502929688,505.4036560058594,298.19000244140625,82.17231750488281,18.389999389648438
2025-05-13,104169.8125,578.6982421875,513.1064453125,299.4599914550781,81.83882904052734,18.219999313354492
2025-05-14,103539.4140625,579.437744140625,516.181396484375,293.1600036621094,81.29571533203125,18.6200008392334
2025-05-15,103744.640625,582.2678833007812,516.7487182617188,297.8399963378906,82.01032257080078,17.829999923706055
2025-05-16,103489.2890625,585.9559936523438,518.9978637695312,294.239990234375,82.22947692871094,17.239999771118164
2025-05-19,105606.1796875,586.596923828125,519.4954223632812,298.0299987792969,81.99127960205078,18.139999389648438
2025-05-20,106791.0859375,584.6246948242188,517.7637939453125,303.5799865722656,81.40052795410156,18.09000015258789
2025-05-21,109678.078125,574.7733154296875,510.5685729980469,305.82000732421875,80.00939178466797,20.8700008392334
2025-05-22,111673.28125,575.0001831054688,511.5240173339844,303.1099853515625,80.42863464355469,20.280000686645508
2025-05-23,107287.796875,571.0753784179688,506.7868957519531,309.75,80.56202697753906,22.290000915527344
2025-05-27,108994.640625,582.9483032226562,518.7091674804688,304.5,81.6863784790039,18.959999084472656
2025-05-28,107802.328125,579.5757446289062,516.4103393554688,303.80999755859375,81.33383178710938,19.309999465942383
2025-05-29,105641.7578125,581.8635864257812,517.4254760742188,305.6099853515625,82.08657836914062,19.18000030517578
2025-05-30,103998.5703125,581.2127685546875,516.6093139648438,303.6000061035156,82.21043395996094,18.56999969482422
2025-06-02,105881.53125,584.4866943359375,520.6896362304688,311.6700134277344,81.44532775878906,18.360000610351562
2025-06-03,105432.46875,587.8197631835938,524.7598876953125,308.9100036621094,81.3018798828125,17.690000534057617
2025-06-04,104731.984375,587.6619873046875,526.2228393554688,310.8999938964844,82.62166595458984,17.610000610351562
2025-06-05,101575.953125,584.8218994140625,522.2620239257812,309.3299865722656,82.67904663085938,18.479999542236328
2025-06-06,104390.34375,590.8275146484375,527.3673095703125,305.17999267578125,81.62702178955078,16.770000457763672
2025-06-09,110294.1015625,591.3599853515625,528.1435546875,306.6199951171875,81.7131118774414,17.15999984741211
2025-06-10,110257.234375,594.7127685546875,531.6366577148438,306.7099914550781,82.1339111328125,16.950000762939453
2025-06-11,108686.625,593.0166625976562,529.8452758789062,308.3699951171875,82.38257598876953,17.260000228881836
2025-06-12,105929.0546875,595.3734741210938,531.0892333984375,312.20001220703125,83.36764526367188,18.020000457763672
2025-06-13,106090.96875,588.7171020507812,524.421630859375,316.2900085449219,82.56430053710938,20.81999969482422
2025-06-16,106796.7578125,594.318359375,531.7162475585938,311.7799987792969,81.73224639892578,19.110000610351562
2025-06-17,104601.1171875,589.2398681640625,526.5313720703125,311.94000244140625,82.72687530517578,21.600000381469727
2025-06-18,104883.328125,589.1510620117188,526.4417114257812,310.260009765625,82.87034606933594,20.139999389648438
2025-06-20,103309.6015625,587.7673950195312,524.292236328125,310.1300048828125,82.71732330322266,20.6200008392334
2025-06-23,105577.7734375,593.5730590820312,529.6832275390625,311.0799865722656,82.98509216308594,19.829999923706055
2025-06-24,106045.6328125,600.13037109375,537.7831420898438,306.19000244140625,83.58763122558594,17.479999542236328
2025-06-25,107361.2578125,600.4666748046875,539.157958984375,307.1199951171875,83.69281005859375,16.760000228881836
2025-06-26,106960.0,605.1646118164062,544.1992797851562,306.7799987792969,84.1136245727539,16.59000015258789
2025-06-27,107088.4296875,608.1712646484375,546.0623779296875,301.2200012207031,83.57804870605469,16.31999969482422
2025-06-30,107135.3359375,611.0790405273438,549.5992431640625,304.8299865722656,84.40054321289062,16.729999542236328
2025-07-01,105698.28125,610.8812866210938,544.9664306640625,307.54998779296875,84.60981750488281,16.829999923706055
2025-07-02,108859.3203125,613.650634765625,548.7623291015625,309.25,84.07223510742188,16.639999389648438
2025-07-03,109647.9765625,618.4869995117188,554.1622924804688,307.1400146484375,83.48666381835938,16.3799991607666
2025-07-07,108299.8515625,613.8781127929688,549.9878540039062,307.3699951171875,82.68991088867188,17.790000915527344
2025-07-08,108950.2734375,613.5418090820312,550.2967529296875,304.1600036621094,82.58431243896484,16.809999465942383
2025-07-09,111326.5546875,617.2210693359375,554.1921997070312,305.5199890136719,83.44828033447266,15.9399995803833
2025-07-10,115987.203125,618.9617919921875,553.3952026367188,306.20001220703125,83.50586700439453,15.779999732971191
2025-07-11,117516.9921875,616.7858276367188,552.1497192382812,309.1400146484375,82.35393524169922,16.399999618530273
2025-07-14,119849.703125,617.9628295898438,554.15234375,308.010009765625,82.1811294555664,17.200000762939453
2025-07-15,117777.1875,615.3221435546875,554.660400390625,306.7300109863281,81.60517120361328,17.3799991607666
2025-07-16,118738.5078125,617.3792724609375,555.2283325195312,308.260009765625,81.7203598022461,17.15999984741211
2025-07-17,119289.84375,621.1573486328125,559.7216186523438,307.5899963378906,81.701171875,16.520000457763672
2025-07-18,118003.2265625,620.7025146484375,559.1836547851562,308.3900146484375,81.8259506225586,16.40999984741211
2025-07-21,117439.5390625,621.8793334960938,562.0828857421875,313.1300048828125,82.55552673339844,16.649999618530273
2025-07-22,119995.4140625,621.9683837890625,559.1737060546875,316.1000061035156,83.05469512939453,16.5
2025-07-23,118754.9609375,627.259765625,561.7241821289062,312.17999267578125,82.59391021728516,15.369999885559082
2025-07-24,118368.0,627.4674682617188,562.9197998046875,310.2699890136719,82.44993591308594,15.390000343322754
2025-07-25,117635.8828125,630.1181030273438,564.2747802734375,307.3999938964844,82.96829986572266,14.930000305175781
2025-07-28,117924.4765625,629.9598388671875,566.0381469726562,305.4100036621094,82.43072509765625,15.029999732971191
2025-07-29,117922.1484375,628.29833984375,565.1614379882812,306.25,83.8226547241211,15.979999542236328
2025-07-30,117831.1875,627.5070190429688,565.918701171875,300.9599914550781,83.39066314697266,15.479999542236328
2025-07-31,115758.203125,625.153076171875,562.9197998046875,302.9599914550781,83.43866729736328,16.719999313354492
2025-08-01,113320.0859375,614.9066162109375,551.8309326171875,309.1099853515625,84.62488555908203,20.3799991607666
2025-08-04,115071.8828125,624.2530517578125,562.0131225585938,310.9100036621094,84.85614776611328,17.520000457763672
2025-08-05,114141.4453125,621.088134765625,558.197265625,311.1600036621094,85.1163330078125,17.850000381469727
2025-08-06,115028.0,625.8455200195312,565.2212524414062,310.5,84.62488555908203,16.770000457763672
2025-08-07,117496.8984375,625.3212890625,567.1340942382812,313.1199951171875,84.48033905029297,16.56999969482422
2025-08-08,116688.7265625,630.1972045898438,572.4244384765625,313.04998779296875,84.11416625976562,15.149999618530273
2025-08-11,118731.4453125,628.9509887695312,570.730712890625,308.54998779296875,84.21053314208984,16.25
2025-08-12,120172.90625,635.6468505859375,577.9041137695312,308.2699890136719,83.78653717041016,14.729999542236328
2025-08-13,123344.0625,637.82275390625,578.1930541992188,309.2099914550781,84.48033905029297,14.489999771118164
2025-08-14,118359.578125,637.882080078125,577.7447509765625,307.25,83.85398864746094,14.829999923706055
2025-08-15,117398.3515625,636.388671875,575.2041625976562,307.42999267578125,83.25656127929688,15.09000015258789
2025-08-18,116252.3125,636.2501831054688,574.9749755859375,306.95001220703125,83.0156478881836,14.989999771118164
2025-08-19,112831.1796875,632.7984008789062,567.1740112304688,305.2699890136719,83.49745178222656,15.569999694824219
2025-08-20,114274.7421875,631.1170043945312,563.8065185546875,308.3599853515625,83.6805419921875,15.6899995803833
2025-08-21,112419.03125,628.5851440429688,561.1961669921875,307.2900085449219,83.26618957519531,16.600000381469727
2025-08-22,116874.0859375,638.2380981445312,569.85400390625,310.5799865722656,83.88290405273438,14.220000267028809
2025-08-25,110124.3515625,635.4293212890625,568.2100830078125,309.8299865722656,83.64199829101562,14.789999961853027
2025-08-26,111802.65625,638.0897216796875,570.4916381835938,312.0799865722656,83.59382629394531,14.619999885559082
2025-08-27,111222.0625,639.543701171875,571.368408203125,312.7099914550781,83.49745178222656,14.850000381469727
2025-08-28,112544.8046875,641.80859375,574.9451293945312,315.0299987792969,84.04670715332031,14.430000305175781
2025-08-29,108410.8359375,637.9810180664062,568.2898559570312,318.07000732421875,83.44927215576172,15.359999656677246
2025-09-02,111200.5859375,633.2533569335938,563.5275268554688,325.5899963378906,82.82827758789062,17.170000076293945
2025-09-03,111723.2109375,636.6853637695312,567.9611206054688,328.1400146484375,83.73751068115234,16.350000381469727
2025-09-04,110723.6015625,642.0064086914062,573.1019287109375,326.69000244140625,84.37593078613281,15.300000190734863
2025-09-05,110650.984375,640.14697265625,573.9288330078125,331.04998779296875,85.66239929199219,15.180000305175781
2025-09-08,112071.4296875,641.7196044921875,576.7284545898438,334.82000732421875,86.80379486083984,15.109999656677246
2025-09-09,111530.546875,643.2031860351562,578.3624877929688,334.05999755859375,86.31048583984375,15.039999961853027
2025-09-10,113955.359375,645.0625610351562,578.5517578125,335.260009765625,86.80379486083984,15.350000381469727
2025-09-11,115507.5390625,650.4231567382812,581.919189453125,334.760009765625,87.38416290283203,14.710000038146973
2025-09-12,116101.578125,650.2055053710938,584.4896240234375,335.4200134277344,87.00691986083984,14.760000228881836
2025-09-15,115444.875,653.6671142578125,589.4910888671875,338.9100036621094,87.2100601196289,15.6899995803833
2025-09-16,116843.1875,652.7671508789062,588.9929809570312,339.5899963378906,87.39382934570312,16.360000610351562
2025-09-17,116468.5078125,651.9561157226562,587.8173217773438,336.9700012207031,87.1713638305664,15.720000267028809
2025-09-18,117137.203125,655.0023803710938,593.1176147460938,335.6199951171875,86.27178955078125,15.699999809265137
2025-09-19,115688.859375,658.2465209960938,597.1326904296875,339.17999267578125,86.10735321044922,15.449999809265137
2025-09-22,112748.5078125,661.3607177734375,600.667724609375,345.04998779296875,85.79781341552734,16.100000381469727
2025-09-23,112014.5,657.7605590820312,596.6779174804688,346.4599914550781,86.39752960205078,16.639999389648438
2025-09-24,113328.6328125,655.6678466796875,594.583251953125,343.32000732421875,86.06866455078125,16.18000030517578
2025-09-25,109049.2890625,652.6429443359375,592.0198364257812,344.75,86.06866455078125,16.739999771118164
2025-09-26,109712.828125,656.3818969726562,594.4535522460938,346.739990234375,85.99129486083984,15.289999961853027
2025-09-29,114400.3828125,658.2266845703125,597.20654296875,352.4599914550781,86.6974105834961,16.1200008392334
2025-09-30,114056.0859375,660.7060546875,598.8424072265625,355.4700012207031,86.44591522216797,16.280000686645508
2025-10-01,118648.9296875,662.9574584960938,601.7150268554688,356.0299987792969,86.6691665649414,16.290000915527344
2025-10-02,120681.2578125,663.7210693359375,604.188720703125,354.7900085449219,86.92152404785156,16.6299991607666
2025-10-03,122266.53125,663.7113037109375,601.645263671875,357.6400146484375,86.75652313232422,16.649999618530273
2025-10-06,124752.53125,666.0914916992188,606.1636962890625,364.3800048828125,86.06735229492188,16.3700008392334
2025-10-07,121451.3828125,663.6220092773438,602.9718627929688,366.260009765625,86.56238555908203,17.239999771118164
2025-10-08,123354.8671875,667.5791625976562,609.88427734375,372.29998779296875,86.63034057617188,16.299999237060547
2025-10-09,121705.5859375,665.6452026367188,609.1461181640625,365.42999267578125,86.56238555908203,16.43000030517578
2025-10-10,113214.3671875,647.6542358398438,588.0000610351562,369.1199951171875,87.96012878417969,21.65999984741211
2025-10-13,115271.078125,657.5919189453125,600.4782104492188,378.0899963378906,87.91158294677734,19.030000686645508
2025-10-14,113118.6640625,656.78857421875,596.4783935546875,380.7900085449219,88.19306945800781,20.809999465942383
2025-10-15,110783.1640625,659.7044067382812,600.6876220703125,387.3900146484375,87.99894714355469,20.639999389648438
2025-10-16,108186.0390625,655.211669921875,598.4633178710938,396.45001220703125,88.65898132324219,25.309999465942383
2025-10-17,106467.7890625,658.9308471679688,602.393310546875,388.989990234375,88.52308654785156,20.780000686645508
2025-10-20,110588.9296875,665.7840576171875,609.98388671875,403.1499938964844,88.8628158569336,18.229999542236328
2025-10-21,108476.890625,665.7741088867188,609.8244018554688,377.239990234375,89.29959869384766,17.8700008392334
2025-10-22,107688.5859375,662.312744140625,603.9493408203125,377.2799987792969,89.35784912109375,18.600000381469727
2025-10-23,110069.7265625,666.2402954101562,609.0264282226562,378.7900085449219,88.746337890625,17.299999237060547
2025-10-24,111033.921875,671.6851806640625,615.52978515625,377.5199890136719,88.78516387939453,16.3700008392334
2025-10-27,114119.328125,679.6094970703125,626.4918823242188,367.010009765625,89.08607482910156,15.789999961853027
2025-10-28,112956.1640625,681.41455078125,631.3095703125,364.3800048828125,89.31901550292969,16.420000076293945
2025-10-29,110055.3046875,681.7418212890625,634.15234375,363.0,88.41632080078125,16.920000076293945
2025-10-30,108305.546875,674.2440185546875,624.45703125,370.1300048828125,87.9018783569336,16.90999984741211
2025-10-31,109556.1640625,676.4556884765625,627.4693603515625,368.1199951171875,87.63980102539062,17.440000534057617
2025-11-03,106547.5234375,677.7251586914062,630.4716796875,368.7799987792969,87.42061614990234,17.170000076293945
2025-11-04,101590.5234375,669.691650390625,617.6743774414062,362.32000732421875,87.61544799804688,19.0
2025-11-05,103891.8359375,672.012451171875,621.6941528320312,366.510009765625,86.66077423095703,18.010000228881836
2025-11-06,101301.2890625,664.80224609375,610.1136474609375,366.07000732421875,87.44011688232422,19.5
2025-11-07,103372.40625,665.4567260742188,608.1885375976562,368.30999755859375,87.25501251220703,19.079999923706055
2025-11-10,105996.59375,675.8406982421875,621.6442260742188,378.3800048828125,87.23553466796875,17.600000381469727
2025-11-11,102997.46875,677.387939453125,619.9884643554688,379.8699951171875,87.63492584228516,17.280000686645508
2025-11-12,101663.1875,677.7647705078125,619.4996948242188,385.989990234375,87.7907943725586,17.510000228881836
2025-11-13,99697.4921875,666.5180053710938,606.8519897460938,382.8699951171875,87.06993865966797,20.0
2025-11-14,94397.7890625,666.4088134765625,607.310791015625,375.9599914550781,86.57310485839844,19.829999923706055
2025-11-17,92093.875,660.2003173828125,602.1240234375,371.6499938964844,86.78741455078125,22.3799991607666
2025-11-18,92948.875,654.65625,594.792724609375,374.3500061035156,86.75818634033203,24.690000534057617
2025-11-19,91465.9921875,657.185302734375,598.3436889648438,374.9599914550781,86.58284759521484,23.65999984741211
2025-11-20,86631.8984375,647.1683349609375,584.1798095703125,374.8500061035156,86.92379760742188,26.420000076293945
2025-11-21,85090.6875,653.6148681640625,588.568603515625,374.2699890136719,87.18682861328125,23.43000030517578
2025-11-24,88270.5625,663.2351684570312,603.6201782226562,380.20001220703125,87.68364715576172,20.520000457763672
2025-11-25,87341.890625,669.4735107421875,607.3406982421875,380.0799865722656,87.90769958496094,18.559999465942383
2025-11-26,90518.3671875,674.09521484375,612.70703125,383.1199951171875,88.29737091064453,17.190000534057617
2025-11-28,90919.265625,677.7747192382812,617.6743774414062,387.8800048828125,87.87847137451172,16.350000381469727
2025-12-01,86321.5703125,674.6803588867188,615.599609375,389.75,86.78450012207031,17.239999771118164
2025-12-02,91350.203125,675.9299926757812,620.4173583984375,387.239990234375,86.82359313964844,16.59000015258789
2025-12-03,93527.8046875,678.2706298828125,621.9335327148438,386.8800048828125,87.06800079345703,16.079999923706055
2025-12-04,92141.625,678.7665405273438,621.35498046875,387.1300048828125,86.59874725341797,15.779999732971191
2025-12-05,89387.7578125,680.0557861328125,623.8884887695312,386.44000244140625,86.19792175292969,15.40999984741211
2025-12-08,90640.203125,678.0127563476562,622.6915893554688,385.4200134277344,85.91439819335938,16.65999984741211
2025-12-09,92691.7109375,677.4276123046875,623.4595947265625,387.3999938964844,86.00239562988281,16.93000030517578
2025-12-10,92020.9453125,681.9203491210938,626.0130615234375,389.04998779296875,86.33478546142578,15.770000457763672
2025-12-11,92511.3359375,683.5072021484375,623.98828125,393.239990234375,86.21746826171875,14.850000381469727
2025-12-12,90270.4140625,676.1581420898438,612.0587158203125,395.44000244140625,85.38648223876953,15.739999771118164
2025-12-15,86419.78125,675.1365966796875,608.9865112304688,395.79998779296875,85.44514465332031,16.5
2025-12-16,87843.984375,673.2918701171875,610.1934204101562,395.8900146484375,85.91439819335938,16.479999542236328
2025-12-17,86143.7578125,665.8832397460938,598.8822631835938,399.2900085449219,85.8362045288086,17.6200008392334
2025-12-18,85462.5078125,670.9114990234375,607.5601806640625,398.57000732421875,86.2468032836914,16.8700008392334
2025-12-19,88103.3828125,676.9923095703125,615.4799194335938,399.0199890136719,85.92489624023438,14.90999984741211
2025-12-22,88490.015625,681.2098388671875,618.4302368164062,408.2300109863281,85.73841857910156,14.079999923706055
2025-12-23,87414.0,684.3233032226562,621.3265380859375,413.6400146484375,85.87581634521484,14.0
2025-12-24,87611.9609375,686.7305297851562,623.144287109375,411.92999267578125,86.39598083496094,13.470000267028809
2025-12-26,87301.4296875,686.660888671875,623.1043090820312,416.739990234375,86.11136627197266,13.600000381469727
2025-12-29,87138.140625,684.2138671875,620.088134765625,398.6000061035156,86.43523406982422,14.199999809265137
2025-12-30,88430.1328125,683.3782958984375,618.64990234375,398.8900146484375,86.22913360595703,14.329999923706055
2025-12-31,87508.828125,678.3152465820312,613.536376953125,396.30999755859375,85.54212951660156,14.949999809265137
2026-01-02,89944.6953125,679.55859375,612.347900390625,398.2799987792969,85.41454315185547,14.510000228881836
2026-01-05,93882.5546875,684.0845947265625,617.2117309570312,408.760009765625,85.83655548095703,14.899999618530273
2026-01-06,93729.03125,688.1529541015625,622.6348876953125,413.17999267578125,85.65990447998047,14.75
2026-01-07,91308.0546875,685.9347534179688,623.2341918945312,409.2300109863281,86.16043853759766,15.380000114440918
2026-01-08,91027.125,685.8651123046875,619.6885986328125,411.489990234375,85.72859954833984,15.449999809265137
2026-01-09,90513.1015625,690.4010009765625,625.86083984375,414.4700012207031,86.29783630371094,14.489999771118164
2026-01-12,91192.9921875,691.4852294921875,626.3801879882812,422.2300109863281,86.04266357421875,15.119999885559082
2026-01-13,95321.78125,690.1026000976562,625.4513549804688,421.6300048828125,86.18987274169922,15.979999542236328
2026-01-14,96929.328125,686.7105712890625,618.769775390625,425.94000244140625,86.6904067993164,16.75
2026-01-15,95551.1875,688.5806884765625,620.9970092773438,423.3299865722656,86.6707763671875,15.84000015258789
2026-01-16,95525.1171875,688.0037231445312,620.4776611328125,421.2900085449219,86.17025756835938,15.859999656677246
2026-01-20,88310.90625,673.9981689453125,607.2942504882812,437.2300109863281,85.0416030883789,20.09000015258789
2026-01-21,89376.9609375,681.77685546875,615.50390625,443.6000061035156,85.68933868408203,16.899999618530273
2026-01-22,89462.453125,685.3379516601562,619.978271484375,451.7900085449219,86.06229400634766,15.640000343322754
2026-01-23,89503.875,685.5865478515625,621.935791015625,458.0,86.29783630371094,16.09000015258789
2026-01-26,88267.140625,689.068115234375,624.67236328125,464.70001220703125,86.71003723144531,16.149999618530273
2026-01-27,89102.5703125,691.8134765625,630.335205078125,476.1000061035156,86.17025756835938,16.350000381469727
2026-01-28,89184.5703125,691.7438354492188,632.4225463867188,494.55999755859375,85.97396087646484,16.350000381469727
2026-01-29,84561.5859375,690.3711547851562,628.6373291015625,495.8999938964844,85.99359893798828,16.8799991607666
2026-01-30,84128.65625,688.3121337890625,621.0868530273438,444.95001220703125,85.51268005371094,17.440000534057617
2026-02-02,78688.765625,691.73388671875,625.3515014648438,427.1300048828125,85.26836395263672,16.34000015258789
2026-02-03,75633.546875,685.885009765625,615.7435913085938,454.2900085449219,85.47525787353516,18.0
2026-02-04,73019.703125,682.5626831054688,604.9871826171875,453.9700012207031,85.25850677490234,18.639999389648438
2026-02-05,62702.09765625,674.0379638671875,596.2781982421875,441.8800048828125,86.18458557128906,21.770000457763672
2026-02-06,70555.390625,686.96923828125,608.8822631835938,455.4599914550781,86.24369812011719,20.3700008392334
2026-02-09,70120.78125,690.2816162109375,613.54638671875,467.0299987792969,86.2239990234375,17.360000610351562
2026-02-10,68793.9609375,688.4613037109375,610.699951171875,462.3999938964844,87.21903991699219,17.790000915527344
2026-02-11,66991.96875,688.3021850585938,612.337890625,467.6300048828125,86.75598907470703,17.649999618530273
2026-02-12,66221.84375,677.668701171875,599.8836059570312,451.3900146484375,87.90867614746094,20.81999969482422
2026-02-13,68857.84375,678.1461181640625,601.1619873046875,462.6199951171875,88.39142608642578,20.600000381469727
2026-02-17,67494.21875,679.2402954101562,600.542724609375,448.20001220703125,88.53919982910156,20.290000915527344
2026-02-18,66425.3203125,682.662109375,605.027099609375,458.2799987792969,88.20423126220703,19.6200008392334
2026-02-19,66957.5234375,680.8616943359375,602.7100219726562,459.55999755859375,88.29289245605469,20.229999542236328
2026-02-20,68005.421875,685.7855834960938,608.0433349609375,468.6199951171875,88.08601379394531,19.09000015258789
2026-02-23,64616.73828125,678.7827758789062,600.652587890625,481.2799987792969,88.41111755371094,21.010000228881836
2026-02-24,64080.04296875,683.7164916992188,607.1044921875,474.6099853515625,88.5687484741211,19.549999237060547
2026-02-25,67960.125,689.4859008789062,615.9033813476562,473.4200134277344,88.57860565185547,17.93000030517578
2026-02-26,67453.7734375,685.6561889648438,608.4727783203125,477.4800109863281,88.93327331542969,18.6299991607666
2026-02-27,65881.796875,682.3637084960938,606.5252075195312,483.75,89.4751205444336,19.860000610351562
2026-03-02,68775.8515625,682.7516479492188,607.32421875,490.0,88.57661437988281,21.440000534057617
2026-03-03,68293.6484375,676.7337036132812,600.8224487304688,468.1400146484375,88.39868927001953,23.56999969482422
2026-03-04,72710.578125,681.50830078125,609.9808959960938,471.79998779296875,88.1219253540039,21.149999618530273
2026-03-05,70841.125,677.7084350585938,608.1431274414062,466.1300048828125,87.76607513427734,23.75
2026-03-06,68136.4921875,668.8256225585938,598.9946899414062,473.510009765625,87.43987274169922,29.489999771118164
2026-03-09,68402.3828125,674.6845092773438,606.99462890625,472.5299987792969,88.20099639892578,25.5
2026-03-10,69926.921875,673.6002807617188,607.004638671875,477.8599853515625,87.26194763183594,24.93000030517578
2026-03-11,70204.8828125,672.7548217773438,606.9247436523438,476.239990234375,86.13509368896484,24.229999542236328
2026-03-12,70493.4609375,662.5390625,596.5078735351562,466.8800048828125,85.96705627441406,27.290000915527344
2026-03-13,70968.265625,658.7890014648438,592.9722900390625,460.8399963378906,85.5420150756836,27.190000534057617
2026-03-16,74861.0859375,665.493408203125,599.6239013671875,460.42999267578125,86.20428466796875,23.510000228881836
2026-03-17,73922.4765625,667.2440185546875,602.5502319335938,459.2699890136719,86.44152069091797,22.3700008392334
2026-03-18,71245.578125,657.9335327148438,594.15087890625,444.739990234375,85.95716857910156,25.09000015258789
2026-03-19,69912.7890625,656.3121337890625,592.273193359375,426.4100036621094,86.4810562133789,24.059999465942383
2026-03-20,70522.5859375,646.9034423828125,581.3269653320312,413.3800048828125,84.84020233154297,26.780000686645508
2026-03-23,70914.859375,653.6959228515625,588.0,404.0400085449219,85.39374542236328,26.149999618530273
2026-03-24,70517.859375,651.5015869140625,583.97998046875,404.1300048828125,85.01812744140625,26.950000762939453
2026-03-25,71309.8828125,655.1322021484375,587.8200073242188,416.2900085449219,85.83855438232422,25.329999923706055
2026-03-26,68791.625,643.432373046875,573.7899780273438,400.6400146484375,85.11697387695312,27.440000534057617
2026-03-27,66338.375,632.4606323242188,562.5800170898438,414.70001220703125,84.65239715576172,31.049999237060547
2026-03-30,66691.4453125,630.3460693359375,558.280029296875,414.5799865722656,85.77925109863281,30.610000610351562
2026-03-31,68233.3125,648.6688842773438,577.1799926757812,430.2900085449219,85.6902847290039,25.25
2026-04-01,68078.5546875,653.5562744140625,584.3099975585938,437.82000732421875,85.6059341430664,24.540000915527344
2026-04-02,66888.5703125,654.144775390625,584.97998046875,429.4100036621094,86.13191223144531,23.8700008392334
2026-04-06,68859.828125,657.23681640625,588.5,427.6499938964844,85.99297332763672,24.170000076293945
2026-04-07,71940.703125,657.5260009765625,588.5900268554688,431.80999755859375,85.98304748535156,25.780000686645508
2026-04-08,71123.359375,674.27294921875,606.0900268554688,434.5299987792969,86.26092529296875,21.040000915527344
2026-04-09,71767.828125,678.162841796875,610.1900024414062,437.9100036621094,86.04258728027344,19.489999771118164
2026-04-10,72979.046875,677.7140502929688,611.0700073242188,437.1300048828125,85.83418273925781,19.229999542236328
2026-04-13,74484.640625,684.3369750976562,617.3900146484375,435.3599853515625,86.09220886230469,19.1200008392334
2026-04-14,74181.609375,692.675537109375,628.5999755859375,445.0899963378906,86.54872131347656,18.360000610351562
2026-04-15,74805.078125,698.1414184570312,637.4000244140625,440.4599914550781,86.1716079711914,18.170000076293945
2026-04-16,75152.1328125,699.8569946289062,640.469970703125,440.0799865722656,85.62577819824219,17.940000534057617
2026-04-17,77126.875,708.3152465820312,648.8499755859375,445.92999267578125,86.4097900390625,17.479999542236328
2026-04-20,75872.5234375,706.8988037109375,646.7899780273438,442.0899963378906,86.38993835449219,18.8700008392334
2026-04-21,76352.7734375,702.2708129882812,644.3300170898438,429.57000732421875,85.91358184814453,19.5
2026-04-22,78203.1015625,709.3825073242188,655.1099853515625,435.260009765625,86.08228302001953,18.920000076293945
2026-04-23,78268.953125,706.6295776367188,651.4199829101562,431.0400085449219,85.89373016357422,19.309999465942383
2026-04-24,77455.3125,712.10546875,663.8800048828125,433.25,86.05252075195312,18.709999084472656
2026-04-27,77366.625,713.332275390625,664.22998046875,429.8900146484375,85.62577819824219,18.020000457763672
2026-04-28,76350.671875,709.8612060546875,657.5499877929688,421.9100036621094,85.71509552001953,17.829999923706055
2026-04-29,75776.1328125,709.7515258789062,661.5700073242188,417.4100036621094,85.0501708984375,18.809999465942383
2026-04-30,76304.3203125,716.8132934570312,667.739990234375,423.6600036621094,84.97077941894531,16.889999389648438
2026-05-01,78179.0,718.7982177734375,674.1500244140625,423.17999267578125,85.27458953857422,16.989999771118164
2026-05-04,79827.90625,716.1649780273438,672.8800048828125,414.7099914550781,84.62712860107422,18.290000915527344
2026-05-05,80927.0546875,721.9102172851562,681.6099853515625,418.2699890136719,85.09529113769531,17.3799991607666
2026-05-06,81427.53125,731.9443359375,695.77001953125,430.9599914550781,85.74274444580078,17.389999389648438
2026-05-07,80009.9921875,729.7001342773438,694.9400024414062,431.67999267578125,85.3144302368164,17.079999923706055
2026-05-08,80186.765625,735.724609375,711.22998046875,433.7699890136719,85.74274444580078,17.190000534057617
2026-05-11,81728.296875,737.4002685546875,713.2899780273438,434.6499938964844,85.22477722167969,18.3799991607666
2026-05-12,80477.4921875,736.2831420898438,707.239990234375,432.92999267578125,84.65701293945312,17.989999771118164
2026-05-13,79277.1171875,740.4025268554688,714.7100219726562,430.5,84.46776580810547,17.8700008392334
2026-05-14,81051.25,746.2474975585938,719.7899780273438,427.2099914550781,84.58728790283203,17.260000228881836
2026-05-15,79065.6796875,737.2706298828125,708.9299926757812,417.2900085449219,83.33222961425781,18.43000030517578
2026-05-18,76954.171875,736.751953125,705.8800048828125,418.42999267578125,83.23261260986328,17.81999969482422
2026-05-19,76750.90625,731.8446044921875,701.530029296875,411.5,82.69473266601562,18.059999465942383
2026-05-20,77457.7734375,739.3452758789062,713.1500244140625,417.3999938964844,83.58125305175781,17.440000534057617
2026-05-21,77539.171875,740.8114624023438,714.510009765625,416.989990234375,83.89002990722656,16.760000228881836
2026-05-22,75488.2421875,743.7239990234375,717.5399780273438,413.82000732421875,84.34822845458984,16.700000762939453
2026-05-26,75825.734375,748.6613159179688,730.280029296875,414.0,84.7665786743164,17.010000228881836
2026-05-27,74344.703125,748.5316162109375,729.4500122070312,408.489990234375,84.96580505371094,16.290000915527344
2026-05-28,73536.5546875,752.6609497070312,735.5999755859375,412.7699890136719,85.4040756225586,15.739999771118164
2026-05-29,73372.5234375,754.5361328125,738.3099975585938,417.1199951171875,85.42400360107422,15.319999694824219
2026-06-01,71319.7734375,756.5908203125,742.739990234375,411.260009765625,85.47000122070312,16.049999237060547
2026-06-02,66703.65625,757.6182250976562,746.1599731445312,411.95001220703125,85.6500015258789,15.770000457763672
2026-06-03,64014.3671875,752.3018798828125,744.2100219726562,407.8699951171875,85.30999755859375,16.059999465942383
2026-06-04,63801.57421875,755.1445922851562,740.6099853515625,411.2699890136719,85.5,15.399999618530273
2026-06-05,60922.66796875,735.65478515625,705.0599975585938,396.239990234375,85.05999755859375,21.510000228881836
2026-06-08,63090.58984375,737.3204345703125,716.0700073242188,397.2699890136719,84.62000274658203,18.920000076293945
2026-06-09,61643.78125,735.1560668945312,707.8300170898438,390.7799987792969,85.12000274658203,19.8700008392334
2026-06-10,61449.2890625,723.56591796875,693.6900024414062,374.5799865722656,84.87999725341797,22.219999313354492
2026-06-11,63561.0546875,735.8642578125,717.1199951171875,386.32000732421875,85.9800033569336,19.440000534057617
2026-06-12,63543.19921875,739.843994140625,721.3400268554688,386.5400085449219,85.7699966430664,17.68000030517578
2026-06-15,66289.5,752.890380859375,744.0,396.54998779296875,85.72000122070312,16.200000762939453
2026-06-16,65600.640625,748.4019775390625,729.8599853515625,397.6300048828125,86.19000244140625,16.40999984741211
2026-06-17,64418.4453125,739.0560302734375,722.510009765625,388.6000061035156,86.33000183105469,18.440000534057617
2026-06-18,62896.47265625,746.739990234375,740.6199951171875,387.1199951171875,86.75,16.399999618530273
