,BTC vs SPY,BTC vs QQQ,BTC vs Gold,BTC vs TLT
2015-01-05,,,,
2015-01-06,,,,
2015-01-07,,,,
2015-01-08,,,,
2015-01-09,,,,
2015-01-12,,,,
2015-01-13,,,,
2015-01-14,,,,
2015-01-15,,,,
2015-01-16,,,,
2015-01-20,,,,
2015-01-21,,,,
2015-01-22,,,,
2015-01-23,,,,
2015-01-26,,,,
2015-01-27,,,,
2015-01-28,,,,
2015-01-29,,,,
2015-01-30,,,,
2015-02-02,,,,
2015-02-03,,,,
2015-02-04,,,,
2015-02-05,,,,
2015-02-06,,,,
2015-02-09,,,,
2015-02-10,,,,
2015-02-11,,,,
2015-02-12,,,,
2015-02-13,,,,
2015-02-17,,,,
2015-02-18,,,,
2015-02-19,,,,
2015-02-20,,,,
2015-02-23,,,,
2015-02-24,,,,
2015-02-25,,,,
2015-02-26,,,,
2015-02-27,,,,
2015-03-02,,,,
2015-03-03,,,,
2015-03-04,,,,
2015-03-05,,,,
2015-03-06,,,,
2015-03-09,,,,
2015-03-10,,,,
2015-03-11,,,,
2015-03-12,,,,
2015-03-13,,,,
2015-03-16,,,,
2015-03-17,,,,
2015-03-18,,,,
2015-03-19,,,,
2015-03-20,,,,
2015-03-23,,,,
2015-03-24,,,,
2015-03-25,,,,
2015-03-26,,,,
2015-03-27,,,,
2015-03-30,,,,
2015-03-31,,,,
2015-04-01,,,,
2015-04-02,,,,
2015-04-06,,,,
2015-04-07,,,,
2015-04-08,,,,
2015-04-09,,,,
2015-04-10,,,,
2015-04-13,,,,
2015-04-14,,,,
2015-04-15,,,,
2015-04-16,,,,
2015-04-17,,,,
2015-04-20,,,,
2015-04-21,,,,
2015-04-22,,,,
2015-04-23,,,,
2015-04-24,,,,
2015-04-27,,,,
2015-04-28,,,,
2015-04-29,,,,
2015-04-30,,,,
2015-05-01,,,,
2015-05-04,,,,
2015-05-05,,,,
2015-05-06,,,,
2015-05-07,,,,
2015-05-08,,,,
2015-05-11,,,,
2015-05-12,,,,
2015-05-13,,,,
2015-05-14,,,,
2015-05-15,,,,
2015-05-18,,,,
2015-05-19,,,,
2015-05-20,,,,
2015-05-21,,,,
2015-05-22,,,,
2015-05-26,,,,
2015-05-27,,,,
2015-05-28,,,,
2015-05-29,,,,
2015-06-01,,,,
2015-06-02,,,,
2015-06-03,,,,
2015-06-04,,,,
2015-06-05,,,,
2015-06-08,,,,
2015-06-09,,,,
2015-06-10,,,,
2015-06-11,,,,
2015-06-12,,,,
2015-06-15,,,,
2015-06-16,,,,
2015-06-17,,,,
2015-06-18,,,,
2015-06-19,,,,
2015-06-22,,,,
2015-06-23,,,,
2015-06-24,,,,
2015-06-25,,,,
2015-06-26,,,,
2015-06-29,,,,
2015-06-30,,,,
2015-07-01,,,,
2015-07-02,,,,
2015-07-06,,,,
2015-07-07,,,,
2015-07-08,,,,
2015-07-09,,,,
2015-07-10,,,,
2015-07-13,,,,
2015-07-14,,,,
2015-07-15,,,,
2015-07-16,,,,
2015-07-17,,,,
2015-07-20,,,,
2015-07-21,,,,
2015-07-22,,,,
2015-07-23,,,,
2015-07-24,,,,
2015-07-27,,,,
2015-07-28,,,,
2015-07-29,,,,
2015-07-30,,,,
2015-07-31,,,,
2015-08-03,,,,
2015-08-04,,,,
2015-08-05,,,,
2015-08-06,,,,
2015-08-07,,,,
2015-08-10,,,,
2015-08-11,,,,
2015-08-12,,,,
2015-08-13,,,,
2015-08-14,,,,
2015-08-17,,,,
2015-08-18,,,,
2015-08-19,,,,
2015-08-20,,,,
2015-08-21,,,,
2015-08-24,,,,
2015-08-25,,,,
2015-08-26,,,,
2015-08-27,,,,
2015-08-28,,,,
2015-08-31,,,,
2015-09-01,,,,
2015-09-02,,,,
2015-09-03,,,,
2015-09-04,,,,
2015-09-08,,,,
2015-09-09,,,,
2015-09-10,,,,
2015-09-11,,,,
2015-09-14,,,,
2015-09-15,,,,
2015-09-16,,,,
2015-09-17,,,,
2015-09-18,,,,
2015-09-21,,,,
2015-09-22,,,,
2015-09-23,,,,
2015-09-24,,,,
2015-09-25,,,,
2015-09-28,,,,
2015-09-29,,,,
2015-09-30,,,,
2015-10-01,,,,
2015-10-02,,,,
2015-10-05,,,,
2015-10-06,,,,
2015-10-07,,,,
2015-10-08,,,,
2015-10-09,,,,
2015-10-12,,,,
2015-10-13,,,,
2015-10-14,,,,
2015-10-15,,,,
2015-10-16,,,,
2015-10-19,,,,
2015-10-20,,,,
2015-10-21,,,,
2015-10-22,,,,
2015-10-23,,,,
2015-10-26,,,,
2015-10-27,,,,
2015-10-28,,,,
2015-10-29,,,,
2015-10-30,,,,
2015-11-02,,,,
2015-11-03,,,,
2015-11-04,,,,
2015-11-05,,,,
2015-11-06,,,,
2015-11-09,,,,
2015-11-10,,,,
2015-11-11,,,,
2015-11-12,,,,
2015-11-13,,,,
2015-11-16,,,,
2015-11-17,,,,
2015-11-18,,,,
2015-11-19,,,,
2015-11-20,,,,
2015-11-23,,,,
2015-11-24,,,,
2015-11-25,,,,
2015-11-27,,,,
2015-11-30,,,,
2015-12-01,,,,
2015-12-02,,,,
2015-12-03,,,,
2015-12-04,,,,
2015-12-07,,,,
2015-12-08,,,,
2015-12-09,,,,
2015-12-10,,,,
2015-12-11,,,,
2015-12-14,,,,
2015-12-15,,,,
2015-12-16,,,,
2015-12-17,,,,
2015-12-18,,,,
2015-12-21,,,,
2015-12-22,,,,
2015-12-23,,,,
2015-12-24,,,,
2015-12-28,,,,
2015-12-29,,,,
2015-12-30,,,,
2015-12-31,,,,
2016-01-04,0.05785248112544913,0.041972951668442865,-0.012940708926761444,-0.014622178903646995
2016-01-05,0.03583690800668592,0.026330670546053703,0.008454596046347808,0.005476353836478844
2016-01-06,0.040771683438807306,0.03189892196166448,0.0018698907460415425,-0.0028789849992445463
2016-01-07,0.021929648640767137,0.011508430693173737,0.01345139139970497,-0.0011776333928755268
2016-01-08,0.03046042336260113,0.01887883115183258,0.012389116019761623,-0.006958436983259061
2016-01-11,0.032083541152432025,0.01982832367141661,0.010823758536004643,-0.007961409426249993
2016-01-12,0.02361499665727223,0.009706296442049844,0.022540988792243304,-0.007803243479803302
2016-01-13,0.022353280883269006,0.012343802200365062,0.017384502907842804,-0.00897474091548897
2016-01-14,0.008537468105208378,0.00032365586170369663,0.01706128307959006,0.00915643036828471
2016-01-15,0.06111070765262884,0.06518237827069913,-0.05709072794505047,-0.047704163621350625
2016-01-19,0.06341518043932741,0.06709378934302944,-0.05555887507397512,-0.05062592664579685
2016-01-20,0.04851433729337368,0.06246922229657149,-0.039849888905357234,-0.04006435866744356
2016-01-21,0.04324762471988601,0.059452294780005265,-0.041367901780897685,-0.029670256428731487
2016-01-22,0.023539509727770185,0.03650381047584168,-0.040483746489286855,-0.02568504037757877
2016-01-25,0.019849762290881565,0.03365979790579185,-0.03805201026936122,-0.02372653803312131
2016-01-26,0.015721892020792102,0.0368531600036848,-0.01973565098477174,-0.01909012786999301
2016-01-27,0.009735450414675014,0.026555897156690128,-0.013790883673374056,-0.01840923366483183
2016-01-28,-0.008463948977483331,0.01618487887970725,-0.019587170784135136,0.002272996615409414
2016-01-29,-0.00920472920405399,0.015576553858023154,-0.021228649992181263,0.0014818218703205968
2016-02-01,-0.013713169392123631,0.012713116731217713,-0.014484631817925699,0.009015217654932132
2016-02-02,-0.020725848777669347,0.008522279467207279,-0.009464327690834993,0.011327631484977478
2016-02-03,-0.014025644419330975,0.013528449289784878,-0.018448188492233227,0.000857761547651896
2016-02-04,-0.01321376630007154,0.013360330359628294,-0.009894805594014669,0.003828202760136533
2016-02-05,-0.005801383819048822,0.020244914811982713,-0.010878615243978203,-0.002195537438016914
2016-02-08,0.0001070998499602628,0.02638827002603402,-0.010534333218147526,-0.00703580262654333
2016-02-09,-0.0004514245262163214,0.02593361497893547,-0.009903809022702083,-0.007251340575737457
2016-02-10,-4.594745952812063e-05,0.0270366197953461,-0.008946983179459663,-0.006411628274204762
2016-02-11,0.0011294660068978941,0.027336647905400555,-0.013542418028383532,-0.006932375917055759
2016-02-12,0.002276174893573155,0.027646647791307596,-0.014479351230668257,-0.008344541988505651
2016-02-16,0.010161064319963203,0.034723033650817865,-0.03959840052918373,-0.008404518795784651
2016-02-17,0.012868685608288945,0.03811434414422388,-0.031820832351713284,-0.004152961755851576
2016-02-18,0.012504072016765427,0.03734942269652445,-0.026848218079748413,-0.0003368373745306471
2016-02-19,0.012598530578452475,0.03654701894983496,-0.025742478946914137,0.0007329677131438905
2016-02-22,0.017650391762970622,0.04116305750805847,-0.03279418693250007,1.4636277166725404e-05
2016-02-23,0.023127537469346548,0.04730133722953381,-0.039719440816077145,0.0011707073307041286
2016-02-24,0.02360280976756155,0.047886155749813565,-0.03950310678592694,0.0015309690536014372
2016-02-25,0.02297030392595923,0.04730874291165464,-0.039264791309642215,0.0017743339800206223
2016-02-26,0.022547024711858914,0.04749433385696288,-0.04019329485203106,-0.0011459594929067289
2016-02-29,0.024325294318344216,0.04977752679568944,-0.03937313573797834,-0.007531058215545679
2016-03-01,0.016403314024303364,0.04044151353836358,-0.03468029715565162,0.012980302225883813
2016-03-02,0.01584694445427792,0.04114946228501717,-0.03673216265205798,0.012558928811792951
2016-03-03,0.014077616103621259,0.040211615973724774,-0.0394923291182446,0.01229102837254642
2016-03-04,0.012962767606250704,0.03993573631788565,-0.038712637404022913,0.014623768046023732
2016-03-07,0.01083395608143127,0.03815144537036987,-0.0440503165994647,0.010763242118203578
2016-03-08,0.008534245604074406,0.03701263307345505,-0.04456772647874851,0.003946366961829851
2016-03-09,0.009530260494241742,0.03807860913415179,-0.04418382360387088,0.003098744147175436
2016-03-10,0.009920189713000481,0.038792219310190466,-0.04222950758935398,0.001724537391533296
2016-03-11,0.012675354254094958,0.040587522078486066,-0.04391866961326519,0.0005105219428404639
2016-03-14,0.010711067981351156,0.0391126113408272,-0.041019109070604715,-0.0013047146741126021
2016-03-15,0.008395645750478863,0.03731467946563149,-0.04086086526266464,-0.0032090202050280747
2016-03-16,0.0076519666846066,0.03743234571306137,-0.042279825451535656,-0.0013172408592682927
2016-03-17,0.022219094848897405,0.047555524754091624,-0.018767779097749078,0.024234540353105367
2016-03-18,0.021752016745256276,0.046917639226976796,-0.01746085088450144,0.024504246900320107
2016-03-21,0.021810235726837112,0.047124817585051215,-0.018203704989455307,0.023775894110808438
2016-03-22,0.02212884522702324,0.047705458745591144,-0.019178715628547876,0.024016062105598715
2016-03-23,0.017368307545476153,0.045590154987473604,-0.016111587750880393,0.03389035304137469
2016-03-24,0.017435490495035646,0.0458356192347476,-0.015899072223080585,0.033892937871671136
2016-03-28,0.017712119283511962,0.04581374861921167,-0.01600355248363974,0.03568550962229116
2016-03-29,0.015737706796881957,0.042848730769145894,-0.02101516182243534,0.034312853651579565
2016-03-30,0.015533958125927791,0.04267502661873457,-0.01990270179531679,0.035113506832851145
2016-03-31,0.013900337893231612,0.041089809466753904,-0.01998660920845167,0.035677304645548524
2016-04-01,0.01432373542769251,0.04159103725738571,-0.022172286273466305,0.034195094402079414
2016-04-04,0.013310846862747423,0.041319651108239555,-0.021920854420245196,0.037175835217472024
2016-04-05,0.012349636190117386,0.04043297860486425,-0.022434732624832445,0.03812903616589053
2016-04-06,0.011469535458769895,0.039477534495118226,-0.022849387220357564,0.039761982541597164
2016-04-07,0.013342101060047077,0.042591365308816936,-0.025982473452408304,0.039104600073030765
2016-04-08,0.013500465800700408,0.04315552816948921,-0.02655603993543831,0.038536106887241996
2016-04-11,0.015561598551895903,0.04442285831949061,-0.02150991174690023,0.03911888295807273
2016-04-12,0.013290104872436955,0.043554478560094194,-0.026364281036656792,0.03974417735118602
2016-04-13,0.013101180055958679,0.041944452376819166,-0.027599144709893,0.041990771698839476
2016-04-14,0.01220723015762775,0.04095660811087024,-0.029134044545081922,0.042345424949156774
2016-04-15,0.012157173587720218,0.040995610964680546,-0.027501201769514375,0.044580105112188524
2016-04-18,0.008022267654987635,0.03666245300675623,-0.025752839851631664,0.04919818541289699
2016-04-19,0.007998118543916657,0.03529285998517073,-0.022718497078955468,0.04925698188030632
2016-04-20,0.008798938143514451,0.03376095617616309,-0.026536296564672837,0.050490852451944145
2016-04-21,0.008267105383103298,0.03413561682489024,-0.0272698468175552,0.04794627604787034
2016-04-22,0.008096021655275887,0.035452992795263795,-0.025952370771594874,0.04799244338855334
2016-04-25,0.008069238305468891,0.03872021785892878,-0.02943331688740261,0.048211455100619166
2016-04-26,0.00760090764124,0.03810516586502771,-0.026369849251147662,0.04777123466391191
2016-04-27,0.007115382126628832,0.04135486492001405,-0.026031590676879296,0.03804959153739193
2016-04-28,0.006265574406425884,0.04034778981426964,-0.024671280687562185,0.03793648522418895
2016-04-29,0.010570136714818547,0.04646585334926331,-0.012698006075790488,0.037523043641612644
2016-05-02,0.01073829595454842,0.046707836288044216,-0.012459629316209888,0.03744261385793766
2016-05-03,0.008922135172739288,0.04544296284028482,-0.01571147250652236,0.042412135896469055
2016-05-04,0.00764565541765524,0.04388621395383172,-0.014343057268544656,0.041304196056168634
2016-05-05,0.006216349967602963,0.041987821790194946,-0.014671918135052683,0.034635750251588854
2016-05-06,0.005822905304128809,0.04147894134157192,-0.008996519160546536,0.028221197030866507
2016-05-09,0.0021416170928841073,0.038642389918256734,-0.009983393482027876,0.02745843113560609
2016-05-10,-0.001828222408210929,0.03501514964711688,-0.011222761214554693,0.024611789646081118
2016-05-11,-0.0021973410371936997,0.03457584887832827,-0.010349524949768353,0.024879428436024132
2016-05-12,-0.002164903924866509,0.03497567532201744,-0.005531247306685096,0.022209830867504266
2016-05-13,-0.0019502650758115897,0.03522202859931178,-0.005542211217678719,0.022045080965147543
2016-05-16,-0.002674016363882537,0.03437252791014519,-0.005576763544359449,0.02308800398442974
2016-05-17,-0.0014584207480416748,0.03575332386985503,-0.00582044250552401,0.018004954029968254
2016-05-18,-0.0014931404535133573,0.03562039253336438,-0.006961878414276782,0.017162370914969367
2016-05-19,6.177036363499718e-05,0.03736270023792184,-0.006052996360580916,0.015026041057488808
2016-05-20,0.0004075480136638153,0.037817151568278556,-0.0060516528010113035,0.014637733820518148
2016-05-23,0.0009000457941147438,0.0380043062766131,-0.005848603751679529,0.014662061509423653
2016-05-24,-0.0009784313769464331,0.036287326633910245,-0.009110341780748606,0.018495884845632384
2016-05-25,-0.00033567962537727614,0.03708819564949158,-0.009299047353419694,0.01826495646904442
2016-05-26,-0.00035867729703685096,0.03717325216133177,-0.009499615153706818,0.01850977906180417
2016-05-27,0.0012877182995634732,0.0388035261481676,-0.013674248446344926,0.017534314565505128
2016-05-31,-5.336750702778702e-05,0.04203540703934433,-0.008850454811107645,0.010916597460621376
2016-06-01,0.0001959426687411691,0.04231630769098216,-0.009366986090800394,0.013031324777331118
2016-06-02,0.00023355901781380487,0.0423813303310224,-0.009643896061365146,0.01207843017718804
2016-06-03,-0.0027062711979276865,0.038966614081276586,0.007337878053059,0.023915248130972025
2016-06-06,-0.0013899739058874485,0.039679938534603276,0.007253142785003111,0.021014790969179277
2016-06-07,-0.0008850025528233434,0.041308563115770476,0.0071473161633664765,0.020787526208924163
2016-06-08,-0.0007390950491835618,0.041339840032138996,0.00793188406476524,0.02089013500768056
2016-06-09,0.00024945752755507473,0.042368590771538754,0.007436281299157767,0.018936437565312107
2016-06-10,0.00018502648938510235,0.042228388201693896,0.0074507606685908475,0.019270343726726712
2016-06-13,-0.017589089846096383,0.023211416200640475,0.02361024457621976,0.02830556502307353
2016-06-14,-0.01576750342109628,0.024321927913409442,0.02225089537417945,0.02856860763085889
2016-06-15,-0.01902034750436441,0.02167407807827579,0.02537789007483945,0.023978705600125768
2016-06-16,-0.01564287195981026,0.024075494451483763,0.013827151373080293,0.027710225645828257
2016-06-17,-0.013905440454046403,0.027654832013570718,0.01088144835137958,0.02967822706038182
2016-06-20,-0.016312593827706893,0.02557124563941151,0.01178083890782367,0.0362171472637338
2016-06-21,-0.019152451753860048,0.022223413691209653,0.033240525960960894,0.04415105706826164
2016-06-22,-0.01686740609607843,0.024183180665029298,0.03139130314160546,0.0408688282324816
2016-06-23,-0.012817913772688247,0.028230504269551752,0.027648118724543497,0.036282582918251816
2016-06-24,-0.03375402718558512,0.0070825650559200575,0.05621981772566158,0.05528615713453779
2016-06-27,-0.03015195231997496,0.010113600125562082,0.05521241871756368,0.048655142307318884
2016-06-28,-0.022997816357512867,0.016769081532408123,0.05514810762072564,0.03345856504612262
2016-06-29,-0.025740478407171388,0.014001259831855165,0.05589594080239076,0.03684727218785208
2016-06-30,-0.017848104535194153,0.01969670127324264,0.05704358559611625,0.03489033410511944
2016-07-01,-0.01803691007523072,0.01971280650606183,0.056391522383358865,0.03521776208155424
2016-07-05,-0.01574569229831878,0.021367679411870844,0.05452518817431689,0.023000466780447572
2016-07-06,-0.014563745925361913,0.022005621172264997,0.053132847314041186,0.024680885627300333
2016-07-07,-0.012002322831095067,0.022504489608766914,0.055174011820247185,0.02401712372001028
2016-07-08,-0.006722257879082634,0.02675496786710588,0.05714671263216915,0.024619424238577818
2016-07-11,-0.014159681373401397,0.018945236089140796,0.06015706085126568,0.040167122126913805
2016-07-12,-0.01487765528182501,0.016913284252561472,0.05718906483431338,0.03611639642261321
2016-07-13,-0.014035190405562661,0.018340369813177416,0.05494647693578616,0.033991682336365875
2016-07-14,-0.014006487148393181,0.01848468541340839,0.0542352177668662,0.03474247439857596
2016-07-15,-0.011751494832811259,0.022028614077477554,0.05282936316451533,0.0366611145601154
2016-07-18,-0.011499483592547419,0.022542842058424783,0.05310909300972625,0.0364087063031342
2016-07-19,-0.01142749579355444,0.022844110105076375,0.05217198956426476,0.035764681300260504
2016-07-20,-0.012617897831613465,0.021320125759743607,0.05360715843059808,0.03778924704399456
2016-07-21,-0.012396534628996795,0.021529876485054673,0.05273608791241389,0.037679071798267585
2016-07-22,-0.013917827775669139,0.020412305643704453,0.054334161142561746,0.03869206209174523
2016-07-25,-0.009865327469180205,0.02375135946119053,0.05077494499854181,0.03785002552078426
2016-07-26,-0.009018131054929318,0.024733560684043206,0.05133138654784341,0.03693959826484486
2016-07-27,-0.008905008514629458,0.02482290642589222,0.05112722441221452,0.03675012514290969
2016-07-28,-0.0076336721004614414,0.025346818368932458,0.05137009001478226,0.03575120179827586
2016-07-29,-0.007649737336920079,0.025723696401443907,0.05030660090904799,0.03655764650420718
2016-08-01,-0.0069836157350042175,0.022027964923169635,0.04990901458843751,0.0488646919822132
2016-08-02,-0.0010625457263676041,0.02759972914359095,0.040904790528329266,0.0634123305329238
2016-08-03,-5.125325947882077e-05,0.02850441988717892,0.03901005025551654,0.06457905045661788
2016-08-04,0.0005201795958950553,0.029789108168073564,0.03847491442693809,0.0645600659987059
2016-08-05,-0.0014080209680631679,0.027172425909311602,0.04044292043206701,0.06724832176306285
2016-08-08,-0.0016202023467601515,0.026870030867309457,0.04001649095987352,0.0678936867790311
2016-08-09,0.005139847897991223,0.032027010414630644,0.0452214000979699,0.05807044454094547
2016-08-10,0.006704920487225884,0.033978296453701914,0.04460299983760694,0.05512910382669353
2016-08-11,0.006493594584811993,0.03417153566473537,0.04779199934230541,0.05471518215511005
2016-08-12,0.006381533539520683,0.03396055394772176,0.04694601039298453,0.053424858228363216
2016-08-15,0.0053596193590047326,0.03266630994619265,0.045862768243993074,0.057848217329690095
2016-08-16,0.006290916389987591,0.03415784018711495,0.047065020453392004,0.05895846003003574
2016-08-17,0.0004684583209985461,0.027128216914074972,0.0475764480019264,0.04082018197386601
2016-08-18,0.006190702264095368,0.03143167321087102,0.038869078716938746,0.0327902207471355
2016-08-19,0.013648565943396095,0.04000983206592669,0.03339982001127689,0.028820935840343637
2016-08-22,0.008690134863372341,0.03478263475749068,0.034027465126601784,0.030847930174145197
2016-08-23,-0.03735805622634682,0.00032121237846177063,0.0283435363801464,0.03010647335265444
2016-08-24,-0.030321673965234393,0.0030165870812930333,0.036333122725844644,0.04155752714931313
2016-08-25,-0.037325970772872155,-0.003576169331791451,0.03883177872465853,0.046491396128122184
2016-08-26,-0.03524553920236463,-0.0014593783822517874,0.03884661718681061,0.04652860737217854
2016-08-29,-0.03583509701934721,-0.0014060951046035955,0.036501306922229054,0.043184538104097496
2016-08-30,-0.03692519694993621,-0.0027210333343350816,0.03629588730458104,0.0420207087301596
2016-08-31,-0.04189784366594205,-0.006597864751979772,0.03690818404347211,0.04312165824710271
2016-09-01,-0.04232431226997739,-0.007083294224888346,0.03660600165531613,0.04327114934177852
2016-09-02,-0.04223345575228099,-0.007784307758842769,0.03561317319054514,0.04380916317085124
2016-09-06,-0.03894712531564506,-0.003515808694558388,0.04521678639906169,0.047605133410389855
2016-09-07,-0.055419775594547596,-0.01833067613692981,0.045566646322089704,0.059309185669671666
2016-09-08,-0.06071202045948047,-0.022499901336638584,0.04090943119864065,0.057929750559506284
2016-09-09,-0.05678739475290261,-0.019409754494328024,0.04169406733228441,0.05949161152980939
2016-09-12,-0.06118329172451418,-0.024243092782726378,0.04231263733214303,0.05931606387782607
2016-09-13,-0.06275926646612932,-0.025549809904435023,0.04253009771866001,0.06028788858351121
2016-09-14,-0.06209466021083304,-0.02501452957816793,0.042239420770035334,0.05936449945551972
2016-09-15,-0.06227179155744183,-0.02596958271179563,0.04440682414084354,0.05946141864247237
2016-09-16,-0.062052885409003625,-0.02592429176837056,0.04477203464588828,0.05932836511755537
2016-09-19,-0.060605483937961245,-0.024613307047049112,0.04413443701220112,0.05786190382034486
2016-09-20,-0.059010343010309746,-0.023952557750900768,0.042039460716194625,0.05124103683439986
2016-09-21,-0.0602168843951458,-0.024398057718890028,0.03941389638788461,0.046971934021445866
2016-09-22,-0.06073043666121397,-0.02479542136081213,0.039521990736202654,0.046240512198824725
2016-09-23,-0.06048942750527347,-0.024649596059976898,0.03678618426738149,0.044950151164326366
2016-09-26,-0.06083686583199949,-0.02518957249454745,0.03662200352805745,0.045132662667064324
2016-09-27,-0.05833558961862422,-0.022490714202093677,0.03914614467524205,0.04184334731991156
2016-09-28,-0.05869049296958361,-0.023454809145217654,0.038696477898588065,0.04257153232956667
2016-09-29,-0.05715169698730134,-0.021809453567369526,0.03800604266653471,0.042116818045094366
2016-09-30,-0.05694369945480136,-0.021715166956404946,0.03793493788234534,0.04161022519452826
2016-10-03,-0.056241936169021976,-0.020867316712361757,0.03946932562489901,0.04208327308933729
2016-10-04,-0.05794294849538846,-0.021987735949134907,0.041608538747040756,0.045142900737863374
2016-10-05,-0.05707746856134156,-0.02097045993977954,0.03974821706611588,0.044152396071165674
2016-10-06,-0.055585982406897466,-0.02001254793966955,0.039719538976256956,0.04353695041945085
2016-10-07,-0.05503064217583155,-0.01983309704109252,0.039337059108507974,0.042776222092506505
2016-10-10,-0.055083127058644966,-0.020001829892472456,0.039070992704346524,0.0427731024481927
2016-10-11,-0.05977591458992694,-0.024639211651439702,0.03714755859216456,0.04146167886206807
2016-10-12,-0.05893907632859475,-0.023591094716229288,0.036377709627854096,0.04114150343767748
2016-10-13,-0.05845005460581736,-0.023324516110797014,0.03547152604431644,0.04040295686882908
2016-10-14,-0.05969288340970156,-0.02422491935154891,0.035637696981771515,0.04026983547341498
2016-10-17,-0.06102789609400153,-0.025193325420810365,0.03786856449402708,0.03978403914711811
2016-10-18,-0.06141500969994195,-0.025594533753194336,0.03737746143900089,0.03945366353583367
2016-10-19,-0.06150241943504816,-0.024451396084201046,0.03527072018615764,0.04115578649740304
2016-10-20,-0.062776701531182,-0.025488592938496125,0.03388860130052643,0.04338200714066648
2016-10-21,-0.06847117295896347,-0.030901173452659515,0.03411213086549139,0.04295564647751261
2016-10-24,-0.06778089384370543,-0.029110268083429234,0.0333684117472216,0.04166363075132324
2016-10-25,-0.06698750265072818,-0.029292524104382846,0.03381900960472868,0.0393655130295868
2016-10-26,-0.06705138965331994,-0.031778069209366384,0.03151238971873081,0.0357596469909544
2016-10-27,-0.07236207400919063,-0.0351803744395556,0.03475893315551666,0.036001934424121265
2016-10-28,-0.07209073576751256,-0.034565161385436326,0.037621221470546716,0.04253278864285776
2016-10-31,-0.0699685124312585,-0.03276855770936044,0.03998781620063457,0.039480462620758786
2016-11-01,-0.08916114848770663,-0.04788275891321613,0.05045849624043428,0.04687443522354749
2016-11-02,-0.09604934617417175,-0.05405213188139902,0.07227804067340891,0.06312198707570184
2016-11-03,-0.09008948901000356,-0.045707784726363374,0.0699239829081779,0.07095799570631964
2016-11-04,-0.09184369826267305,-0.04861161740588277,0.06764716587868375,0.07063473061042097
2016-11-07,-0.09208661183957269,-0.048820639715816495,0.06250336775730524,0.06398276639727582
2016-11-08,-0.09038714802482899,-0.04701244683664785,0.06183471991879711,0.06471422814701543
2016-11-09,-0.08693973266353584,-0.05096125385812602,0.059309632127380385,0.057309508249068525
2016-11-10,-0.09285356486827182,-0.049957186213139354,0.05858959571491343,0.057923707836055036
2016-11-11,-0.07824206150692004,-0.04136770549094675,0.059773199918835056,0.053313917858105186
2016-11-14,-0.07978092629064122,-0.040999089236526794,0.061382293002655276,0.055621679218694535
2016-11-15,-0.07525368520082654,-0.03673676032467821,0.062134371465758044,0.05568767081888192
2016-11-16,-0.07616158846400023,-0.03395605589724826,0.06192977642731645,0.06055206369055763
2016-11-17,-0.07600754436450774,-0.03366009662603403,0.06243677804145951,0.06202905988665987
2016-11-18,-0.07693393606200159,-0.034014716489351254,0.06494481012729145,0.06442805704917488
2016-11-21,-0.07809000537761007,-0.03508059241030411,0.06322503697882562,0.06297898123697379
2016-11-22,-0.07780275167112957,-0.03470223490300186,0.06309824104682338,0.06292017943520306
2016-11-23,-0.07766119571204139,-0.034235156896067764,0.06661051383526312,0.0635941730995267
2016-11-25,-0.07791333979971712,-0.034668789981511926,0.06846207053762407,0.06280841281299679
2016-11-28,-0.07912585873050644,-0.03596702648801018,0.08065287738318377,0.06381262635483542
2016-11-29,-0.07644859227496216,-0.03463957896114263,0.07763530624273604,0.06108212131854905
2016-11-30,-0.0717383181472779,-0.03139197902381666,0.07747480981943732,0.0670031749115161
2016-12-01,-0.07441932414963845,-0.03445414535518508,0.0751595255903583,0.06508962629563976
2016-12-02,-0.07435464952114841,-0.03375091397443356,0.0764081908869925,0.06962509376568593
2016-12-05,-0.07784239644092261,-0.03713778405285974,0.07822416759152054,0.06986295636913735
2016-12-06,-0.07089777589477546,-0.032829574327157905,0.09334985012003892,0.05848920835773348
2016-12-07,-0.06570436832165778,-0.032511200887340184,0.09309076094575257,0.05858101069493114
2016-12-08,-0.06557819802681217,-0.03229629046189303,0.09312294790035426,0.05827683805168365
2016-12-09,-0.06532956136378194,-0.03191389555352793,0.09286126402833955,0.0582515864990434
2016-12-12,-0.04199173349578038,-0.008963077286211173,0.0891551184958089,0.03908837873633225
2016-12-13,-0.04087279056138164,-0.0075312011059180065,0.08636655426761378,0.03522882978813795
2016-12-14,-0.047561114927609886,-0.010650370665594974,0.08830193455020706,0.03961365100692845
2016-12-15,-0.04294445924073668,-0.006376073850699051,0.09314223259315789,0.038273559735093686
2016-12-16,-0.04348567007464564,-0.00672559457509229,0.09438502970502421,0.03821300525325295
2016-12-19,-0.03982858484688285,-0.0030657357106571984,0.09260096377390738,0.038148094437435796
2016-12-20,-0.03307782333129603,0.004776419187131926,0.10013609860001942,0.03760805712134602
2016-12-21,-0.03402254449222839,0.00479756052420872,0.09952492953539344,0.03935050590487717
2016-12-22,-0.03710675619700341,0.0025714173309444492,0.0986299949538186,0.03960752406716959
2016-12-23,-0.0350830623262195,0.0029636222434622885,0.09813723168030052,0.03912264739032692
2016-12-27,-0.03846870871250289,0.002669668247109077,0.09249516738730451,0.04262355137072538
2016-12-28,-0.04750450307437279,-0.0057778229280401935,0.09381248452538606,0.05326609075705835
2016-12-29,-0.04969878843174724,-0.0078078117670821396,0.09084653368951114,0.05263148229814291
2016-12-30,-0.04786401229358798,-0.004757981129475077,0.09206307001659428,0.051884521640199625
2017-01-03,-0.03798182781625274,0.004580251555564365,0.09833899594436682,0.05636215896329785
2017-01-04,-0.028814600368445006,0.010508381697134908,0.10052695671409151,0.06063830145651259
2017-01-05,-0.02760450203942866,0.001171653904923558,0.07668153336234687,0.031911857830617694
2017-01-06,-0.00927091049330673,0.014443477756189217,0.07552119110026094,0.04494268437048782
2017-01-09,-0.011551641641872518,0.012922551394818647,0.07449103502132211,0.04547977767073301
2017-01-10,-0.011533413819446272,0.0133529178500355,0.07321260394886046,0.043408458988205244
2017-01-11,-0.012188900275650802,0.013556729838192214,0.06434913444209674,0.04180947634956711
2017-01-12,-0.017954837010318685,0.008590623325337098,0.06595883477049765,0.042316425755725584
2017-01-13,-0.015817957703958583,0.011249062996284517,0.06529845445384547,0.03992677259516538
2017-01-17,-0.07670825291978826,-0.05555223760498133,0.10043753433523095,0.09151948107751556
2017-01-18,-0.07767035992545927,-0.05667940528770618,0.10391008404650082,0.09809797479196601
2017-01-19,-0.058373128862035106,-0.05277981128690775,0.09042242220777129,0.08313162136294461
2017-01-20,-0.05679930574523277,-0.05293922587769298,0.09057062923913804,0.08084930000331103
2017-01-23,-0.0367603146080474,-0.027943968840832584,0.08877578510824281,0.08102810472760694
2017-01-24,-0.0349123351520333,-0.026576451207877595,0.08842219319382338,0.08274619143293145
2017-01-25,-0.0337003479521862,-0.02553085987887646,0.08824169781582529,0.08125169122497741
2017-01-26,-0.033656844493343115,-0.024772177611139683,0.08635648568495848,0.08191634419160863
2017-01-27,-0.030792862984450293,-0.01766442031338603,0.08139203208304528,0.08297698815510003
2017-01-30,-0.028550616880710866,-0.015726854681325945,0.0814962286228635,0.08408194848473777
2017-01-31,-0.029534428212817022,-0.01702331931404088,0.09165505550529661,0.08798443650368983
2017-02-01,-0.03023477373430469,-0.016191023885144012,0.09101092344682415,0.0876400774600308
2017-02-02,-0.02886754202349487,-0.017944157072012374,0.09435885662099824,0.085737313468773
2017-02-03,-0.028180331859798922,-0.016972175141917772,0.08845294692086733,0.0824297912972922
2017-02-06,-0.03298975651141722,-0.023799736720837662,0.09145446095619619,0.08293453022317784
2017-02-07,-0.043230827296405476,-0.03244913381965408,0.09763068599451549,0.09896820663039849
2017-02-08,-0.043216276484578,-0.0323510399750836,0.09741201660707956,0.09769705259928581
2017-02-09,-0.048403267987440664,-0.034921586948364836,0.10208684753625946,0.10706486236952822
2017-02-10,-0.051629430458959,-0.03558944123431957,0.10994976492384452,0.10833418512464868
2017-02-13,-0.05532592803385357,-0.03750051286004333,0.11069754777006743,0.11127459333151214
2017-02-14,-0.07173789363673704,-0.05551253319783279,0.13537494998204652,0.11993194246732539
2017-02-15,-0.07748965001535126,-0.062004149089127325,0.13408421817875701,0.12173576093513994
2017-02-16,-0.07709816377398473,-0.06065051844862782,0.13355566922375983,0.12155712670625154
2017-02-17,-0.07710830113975196,-0.05970532838679741,0.1323609033555116,0.12284436342098087
2017-02-21,-0.08054120465712908,-0.06441817723613666,0.14145083419444016,0.12101106127131235
2017-02-22,-0.09215427152336142,-0.07665165735299438,0.15098202763540444,0.12422765662060507
2017-02-23,-0.09250059788618134,-0.08013596979068918,0.15454653437893662,0.12594132221927337
2017-02-24,-0.09189626515931797,-0.07957586135232388,0.15473081320842308,0.12604550654111452
2017-02-27,-0.09117455470222091,-0.0791571086285819,0.15602322005262736,0.12817487415344814
2017-02-28,-0.08981168172191224,-0.07783351548248026,0.15519685867706356,0.12736824714078565
2017-03-01,-0.07894863708739411,-0.07001295989332654,0.15352245852720026,0.11655677421456706
2017-03-02,-0.07929332827146406,-0.07198182348381593,0.15335132609726443,0.11772440460538358
2017-03-03,-0.07875865360346163,-0.07223962187909544,0.1566610312296975,0.11894838172710634
2017-03-06,-0.07697046452814132,-0.07226194566909061,0.15673929922965504,0.1167842651978263
2017-03-07,-0.07357874612677986,-0.06998356562086772,0.16036880139173376,0.11824798365886022
2017-03-08,-0.07151978112198122,-0.07127629282206496,0.16388963634040055,0.12379380746344383
2017-03-09,-0.07102491706785867,-0.07111946827771091,0.16169008858865053,0.11993004671779735
2017-03-10,-0.07374711411613409,-0.07379146311015608,0.15934292967951785,0.11542377779306116
2017-03-13,-0.07566359765119338,-0.0737547981458492,0.1596164463871648,0.10581831471990649
2017-03-14,-0.07642312965678606,-0.0736420542148147,0.15726519653510906,0.10681111018148229
2017-03-15,-0.075970035760196,-0.07342923112933647,0.15664907664945682,0.10686593983765069
2017-03-16,-0.07255024085900412,-0.0713776702931231,0.15607956293551975,0.11037648150035032
2017-03-17,-0.06880348858534027,-0.06911783807468104,0.1524506371172733,0.10157800541905757
2017-03-20,-0.06538790836906373,-0.06868820954964888,0.14842961394935256,0.09934863938421096
2017-03-21,-0.0786126418354827,-0.08182809790897656,0.15437735961279894,0.10637427947964921
2017-03-22,-0.07996474623574802,-0.08736003718076807,0.15093962270032452,0.10155530389506129
2017-03-23,-0.08026633220202958,-0.08742230068810783,0.15183820519307895,0.10292892152922253
2017-03-24,-0.07668750328882683,-0.08790316233085183,0.14733398275557036,0.0960051023994853
2017-03-27,-0.0784902605566331,-0.08465317755812311,0.15165648555514497,0.10112246450080091
2017-03-28,-0.07567390829632939,-0.0806294534518908,0.15827442049250973,0.105016561268369
2017-03-29,-0.07523446867167491,-0.08075147913295196,0.1572576647792256,0.10308346090528578
2017-03-30,-0.07595297420750308,-0.0809248098028973,0.1585976058958714,0.10487069692519053
2017-03-31,-0.07777612755716659,-0.0816618173204521,0.1592571981448378,0.10638651875639986
2017-04-03,-0.07965177411666094,-0.08225543028415165,0.1627349599072095,0.11420294910711057
2017-04-04,-0.07980742564080007,-0.08247208059030123,0.16276784897108523,0.11529320419253146
2017-04-05,-0.07834893388419426,-0.08089732624236129,0.1624609731967743,0.11429504417815631
2017-04-06,-0.0783350097278939,-0.08287651642792385,0.1616678558539662,0.11478331456086519
2017-04-07,-0.07768999586206818,-0.08292646437234102,0.16118277242259255,0.11450151440922078
2017-04-10,-0.07771417010462152,-0.08299215915587714,0.16190622795329074,0.11468070184545778
2017-04-11,-0.07856757509890279,-0.08401631462312203,0.1628151559804522,0.11599545416939687
2017-04-12,-0.07670949331448004,-0.08233525312763618,0.1612952571060237,0.11566974451523739
2017-04-13,-0.07266254047102948,-0.08009284198067465,0.15949961805366658,0.11398370121590265
2017-04-17,-0.06979753473309483,-0.07775426869895631,0.1582941031390596,0.1125703246127842
2017-04-18,-0.06969110634548634,-0.07763241807278108,0.15862089182125727,0.11338585569217911
2017-04-19,-0.06997950832173508,-0.07671353695615754,0.15779205821547046,0.11423729469313564
2017-04-20,-0.0684049001167263,-0.0753600107023357,0.15869419983676905,0.11537574629466987
2017-04-21,-0.06641719154136196,-0.07507617982137364,0.1577648222318128,0.11660929333807547
2017-04-24,-0.06286712272177733,-0.07542461657651323,0.1545580581436148,0.11483445828350942
2017-04-25,-0.060966090822111615,-0.07430903073574158,0.15232765401239703,0.11496409879339253
2017-04-26,-0.06120671965039408,-0.07418536382965933,0.15248381667891062,0.11583252573761554
2017-04-27,-0.06003773222517521,-0.07950489802066225,0.15352569540576147,0.12349392610945525
2017-04-28,-0.05921403985657469,-0.0791605695849012,0.15361493579031268,0.12307893614319053
2017-05-01,-0.055556044274912876,-0.06909723427702853,0.14299366613162867,0.11317393645721717
2017-05-02,-0.052263960092846964,-0.06570590507399729,0.14197075206213364,0.11086098978168436
2017-05-03,-0.051949163545128,-0.0660661315075354,0.13782584296337633,0.11033473369705633
2017-05-04,-0.05327264109293926,-0.06795400663318557,0.13317019491117799,0.10958748624606951
2017-05-05,-0.05295383195099708,-0.06777773170479075,0.13326891314497058,0.11010455298902497
2017-05-08,-0.05480380109810267,-0.06654211050612045,0.12676255516607848,0.1023449486947398
2017-05-09,-0.055127440540461745,-0.06598793466330267,0.1261355806867985,0.10256643674877325
2017-05-10,-0.04985389848002964,-0.06155641362829788,0.12724029297707987,0.10259090140677997
2017-05-11,-0.051763981071862725,-0.06283462859090577,0.12908676748515716,0.10285254169089784
2017-05-12,-0.04839134741144661,-0.06378167136056449,0.1254393905918684,0.09417989112066912
2017-05-15,-0.04904469859352334,-0.06405221778686529,0.12580309311005347,0.09493674192811517
2017-05-16,-0.04753742848711117,-0.06316408233905747,0.1253711210295835,0.0936061033357367
2017-05-17,-0.06502700895387141,-0.08368349014631851,0.13625651030598906,0.10343173070998767
2017-05-18,-0.06379527224762535,-0.08104781364776929,0.13403050091911428,0.1035454243480577
2017-05-19,-0.062101546619753575,-0.08281540133007965,0.1357146667356464,0.10749659149020256
2017-05-22,-0.05532852098249632,-0.07346343026567971,0.13875260527803848,0.10329841820541703
2017-05-23,-0.05367965914019278,-0.07336729235953182,0.1331269676642343,0.09748153378602002
2017-05-24,-0.05201491101303984,-0.07097090117377526,0.13532687637947963,0.10044296797745504
2017-05-25,-0.056310136200779584,-0.07739151172287004,0.1355974492327965,0.09965155469102416
2017-05-26,-0.05534496026533359,-0.07767836162471171,0.12946568283988888,0.09810052991887201
2017-05-30,-0.057246922677764635,-0.07996904768955494,0.13449647105520343,0.09757602212612831
2017-05-31,-0.05375303977686355,-0.0834885168741152,0.13342238698226852,0.09678348026611268
2017-06-01,-0.047779197676770586,-0.08127991749852669,0.13347129834312832,0.0964600961288473
2017-06-02,-0.04633605583004233,-0.07685057121774934,0.13537963791598065,0.10076259805843692
2017-06-05,-0.04477415100528639,-0.07380442288313903,0.12101484657237595,0.0853404492072771
2017-06-06,-0.050061662826209205,-0.07847339469939799,0.1281537321746734,0.09149008273695566
2017-06-07,-0.050632922554747994,-0.08151342352995279,0.13094832256976147,0.09517096476541705
2017-06-08,-0.05075692087411397,-0.08150723634196137,0.12959043122979583,0.09441135762982826
2017-06-09,-0.05140568794943896,-0.0799932270189055,0.13082146650086723,0.09627099613216074
2017-06-12,-0.05081049462301434,-0.07450419838845684,0.13147229421697013,0.0960844898325319
2017-06-13,-0.020799685067233623,-0.048242396584037145,0.11936724475266126,0.08841565267065249
2017-06-14,-0.019224328851855363,-0.041697868991713745,0.12465339363419428,0.06875769211613447
2017-06-15,-0.01787327216876034,-0.039431418068068165,0.12521710827905472,0.06879088828157116
2017-06-16,-0.02225078190420407,-0.043958339709303414,0.1409161621926679,0.06337922849305545
2017-06-19,-0.021390620090949226,-0.04396681785156348,0.14404535659246628,0.06069158265224379
2017-06-20,-0.02521572245775906,-0.04810492609265248,0.14099992943973888,0.06319892475974728
2017-06-21,-0.021337314343136134,-0.04795041193905209,0.11733619781506878,0.05706346648213406
2017-06-22,-0.026622215675309816,-0.05491387898896187,0.1203807763005518,0.06091079066410346
2017-06-23,-0.036132731443109065,-0.06307295866768693,0.12489599720516852,0.06793523593536144
2017-06-26,0.0056950641019538634,-0.016159219784960772,0.1033033343555469,0.03925989038545229
2017-06-27,-0.006656768467442543,-0.030878939442793466,0.10654827845095831,0.0441853175092949
2017-06-28,0.0004124244230480157,-0.02432937517570648,0.10411135691422305,0.04473947035394517
2017-06-29,0.010336100442648032,-0.013608217010516625,0.10660268658617093,0.045236365453098226
2017-06-30,-0.0031140941372398384,-0.021350956508406613,0.10425720271342181,0.043470007213150766
2017-07-03,-0.0024520039811960163,-0.026328004276564024,0.09777412751322029,0.04284671797775189
2017-07-05,-0.004593266832240272,-0.026707308178701802,0.10041796801786233,0.04604123249575326
2017-07-06,-0.004283930929477957,-0.026540746558189277,0.10019214520065474,0.04623713680192491
2017-07-07,-0.010998216192771316,-0.03104235808136218,0.10313359896530445,0.05010340383215015
2017-07-10,-0.022413981882862855,-0.04509995932994119,0.09743700375243877,0.043961831328823905
2017-07-11,-0.019695506385787927,-0.04316458577871973,0.09267475104303385,0.03912560929006938
2017-07-12,-0.019574715217331208,-0.040713364761722014,0.0997689055813362,0.04673748944396034
2017-07-13,-0.020442248983107036,-0.04233885494198709,0.10366570964328387,0.05296080965068379
2017-07-14,-0.025466706077324087,-0.04857788668826489,0.09543731590212311,0.051605411635100164
2017-07-17,-0.025251166683430817,-0.04842256154782518,0.09496305232910286,0.05165258819118601
2017-07-18,-0.025689291030704664,-0.04597310068711106,0.09821832967395006,0.056385786082998365
2017-07-19,-0.028432564866337974,-0.048336142869310574,0.09827859348422159,0.05668431240539381
2017-07-20,-0.025997067341756126,-0.041381949392789275,0.0937722462329334,0.061996218831724785
2017-07-21,-0.024779473459177265,-0.04029938586879263,0.08809266537127157,0.05809272716928147
2017-07-24,-0.02308863496656556,-0.037586120027821385,0.08563679574419457,0.05752554611460058
2017-07-25,-0.025589446662928856,-0.03355733461493473,0.08820024461812068,0.06952345464912905
2017-07-26,-0.025322673500721322,-0.03432369372492792,0.08573566378139134,0.06906938416985144
2017-07-27,-0.02685003037574008,-0.039370928660754506,0.08653004473125765,0.06645122601279431
2017-07-28,-0.028299075194748252,-0.040265720578995676,0.09083172153718248,0.07006195658305522
2017-07-31,-0.028608378674832933,-0.04143965408392883,0.09192287044507517,0.0710726959909228
2017-08-01,-0.03307248094317115,-0.03745996517324768,0.0953428073523521,0.05262248764615999
2017-08-02,-0.04833447127897167,-0.05171889472877471,0.1098071226868672,0.03843809272653641
2017-08-03,-0.051016209854380434,-0.05465914041907492,0.1124000764089831,0.042138579722008636
2017-08-04,-0.05049387634619189,-0.054701388987529714,0.10894424935268579,0.03755439795259037
2017-08-07,-0.04331158508245378,-0.038831814165293785,0.10159351390114313,0.03782213625522233
2017-08-08,-0.043095924941098436,-0.038419233554653986,0.10197365574183517,0.0370252002295164
2017-08-09,-0.042679295012565725,-0.03712047536433269,0.0968515179017789,0.036527572170161705
2017-08-10,-0.04311955784458853,-0.037607199885203994,0.09715802487574798,0.03694010495695671
2017-08-11,-0.04060582775543201,-0.0298049389556822,0.10035894462833858,0.03601320361243152
2017-08-14,-0.008933953025802813,0.00025127609995273536,0.07984864958822417,0.024575748222665242
2017-08-15,-0.006562578844201578,0.002360154944840188,0.08609376994345058,0.0215157088027923
2017-08-16,-0.0048013172024460255,0.0035930919677968514,0.08905109637235165,0.023771234119603663
2017-08-17,0.001266350395632511,0.009202059317774194,0.08767493184078323,0.02311677306425416
2017-08-18,0.003281121976500791,0.010102649245888152,0.08887791439620148,0.023219363085243815
2017-08-21,0.002816931953113688,0.01128171731567555,0.08567477530853207,0.021059479832318213
2017-08-22,0.005745620542752645,0.014251476362513237,0.08486194886278163,0.01908024940561937
2017-08-23,0.005838723485830445,0.014203390044562794,0.08502213607651957,0.019662729668656197
2017-08-24,0.002595931768068858,0.011062673798294273,0.08178763687428088,0.017605327540679665
2017-08-25,0.0022946914707052857,0.010651824643578271,0.08160068189717098,0.016960650368276556
2017-08-28,0.002108079521915761,0.010504869386020205,0.07930786879871896,0.016591025285871353
2017-08-29,0.00393283859673229,0.01206353606702428,0.07870709830706393,0.021777824490799017
2017-08-30,0.0028997204897133746,0.010109654190548576,0.07865918087799235,0.021640629039545042
2017-08-31,0.0041491038100771715,0.012430586528241895,0.08113831306178075,0.022825332337305344
2017-09-01,0.004435082357919496,0.01179682847525853,0.08266379750585913,0.019963221519691807
2017-09-05,0.020141129165877632,0.026251930208408603,0.06539311442860259,-0.005095288695088383
2017-09-06,0.020002913565016208,0.023902033505815455,0.051840473013331605,-0.013446996842241604
2017-09-07,0.020076543433276993,0.023734806563641533,0.050391209588266636,-0.014545285734226393
2017-09-08,0.023136568489629455,0.03525987317193071,0.05224207611228601,-0.010471161236936375
2017-09-11,0.01340105390868396,0.027923956553985364,0.0551213987718717,-0.00973700293725808
2017-09-12,0.02079909149885956,0.03511884064299498,0.05402113060196228,-0.008392628826949942
2017-09-13,0.01946288254254127,0.03386620064619333,0.059804341464487445,-0.005954847466731523
2017-09-14,0.022264968868268044,0.04979080692031937,0.047224102371657035,-0.016065173115596364
2017-09-15,0.025840553722510425,0.056255994956970444,0.03639087079968007,-0.015601848491335071
2017-09-18,0.02761382354939477,0.052477059362980395,0.02338266799214345,-0.022155199068578012
2017-09-19,0.02731120669715373,0.05171404197891121,0.022386722023651145,-0.021081748029100334
2017-09-20,0.02727647793463508,0.05245773585170104,0.023723725923035854,-0.020784258024845507
2017-09-21,0.03693255216351645,0.06201842538158694,0.035554568003489724,-0.01765542378731577
2017-09-22,0.03806027212771978,0.06318513921579429,0.035350700734705774,-0.01704060000423519
2017-09-25,0.03482431562856562,0.05277323236073162,0.04413933703079046,-0.011163930700907487
2017-09-26,0.03508323529214096,0.05258252626331022,0.04615274669408316,-0.010847359272692996
2017-09-27,0.04010340622152787,0.060736793081250344,0.037205271496236814,-0.022297693288850395
2017-09-28,0.04086835994817888,0.06106370588419604,0.036457861012475674,-0.02206106505451646
2017-09-29,0.039359259840108324,0.059510032909637994,0.03701530998794716,-0.022171785311724996
2017-10-02,0.04289062409042817,0.05967438355503927,0.032964703437390434,-0.023365022658754907
2017-10-03,0.04185731895873795,0.05904161179679564,0.032588555415578396,-0.023982303420593494
2017-10-04,0.04047890294312292,0.058640536864490826,0.028070796593135983,-0.025888377106981355
2017-10-05,0.042090186717646444,0.06018968781814401,0.026976264879674593,-0.026800239732395197
2017-10-06,0.04204288474540271,0.060061123617021185,0.026176463392765668,-0.02738464279210156
2017-10-09,0.03816472083407093,0.05754224844686347,0.03410514795336875,-0.023842194298649075
2017-10-10,0.03847306436672839,0.05803976095922073,0.03415092587548227,-0.024461537183086246
2017-10-11,0.04549889022850573,0.06358079017261288,0.03587139768810626,-0.02379870906854494
2017-10-12,0.04028080991193033,0.0584005882496318,0.03673834582388033,-0.017018113012792477
2017-10-13,0.03988290999118486,0.05884849065427827,0.039290914031132246,-0.01421237391902218
2017-10-16,0.03989803244367125,0.05896081940544461,0.038635614474323274,-0.015072597561026498
2017-10-17,0.03910745930950636,0.05832871183157998,0.04146602257243558,-0.014675463649658455
2017-10-18,0.04032148516335699,0.05993763702178953,0.042939240226996724,-0.01320781583747137
2017-10-19,0.04095919534085886,0.05898544852792049,0.04519604599505988,-0.01271323709507943
2017-10-20,0.0437323386218017,0.05954697941889765,0.041407375918413016,-0.01789390068697345
2017-10-23,0.045551234514684145,0.06176989646457227,0.04101860765986995,-0.018292420191246404
2017-10-24,0.042650921602735536,0.05798583534081686,0.045066920922767525,-0.01143649652569425
2017-10-25,0.03914928034864363,0.05598745924707102,0.04553844516109383,-0.012974193055479607
2017-10-26,0.04040566292934632,0.05728409311034769,0.04521715446614201,-0.01193390706505556
2017-10-27,0.036551928458464555,0.04559681382024772,0.043315831018034656,-0.013795540737161709
2017-10-30,0.03187362683185289,0.04562662668617504,0.044831887593113004,-0.008104291179037977
2017-10-31,0.03247612630434915,0.047105891502264824,0.04249621356994469,-0.008365751649062956
2017-11-01,0.03739309082525996,0.04976963333395211,0.04171648770046992,-0.0064732567217181845
2017-11-02,0.037812972087503095,0.04912469400504025,0.04163021537371873,-0.004827903386968736
2017-11-03,0.030538953833222096,0.039751714130596555,0.04664429069282002,-0.011944392429173568
2017-11-06,0.030518456173224157,0.039426629963233435,0.04265130259822753,-0.014741966139725355
2017-11-07,0.03585825570095032,0.043132148550336445,0.04065133738820131,-0.015497144901584596
2017-11-08,0.03646835845115098,0.04435823020489994,0.04197500959071325,-0.016428336805210383
2017-11-09,0.03952761682917075,0.04791699284282597,0.03933702281638068,-0.011152567429566327
2017-11-10,0.041696730828003105,0.045148354307301845,0.04393769264331549,0.0013787495702384852
2017-11-13,0.04117001684452993,0.045047083440369784,0.0421932520248672,0.0002487007338601121
2017-11-14,0.041061171703058494,0.04160540683107877,0.03962441291765184,-0.0017079104495149931
2017-11-15,0.031147357122749502,0.03510744775949604,0.03798253218297882,0.010871749672417812
2017-11-16,0.04192546119183022,0.04201991557962487,0.0390694141915119,-0.0005626413030119024
2017-11-17,0.04525267784316777,0.04500878624559784,0.03336380840980399,-0.006327628168437331
2017-11-20,0.04632738905361191,0.043937177747566045,0.02528741802141736,-0.006636627913182644
2017-11-21,0.04696344790601113,0.0438454505699487,0.02599850728279946,-0.006851001827675904
2017-11-22,0.04647592667650252,0.043732907077249424,0.027219525800540628,-0.00635796652943131
2017-11-24,0.04609101691650936,0.0422122476371014,0.02321070672216008,-0.007004034646663905
2017-11-27,0.04186884584789142,0.038187610509658375,0.029779779240871884,-0.010482631231746479
2017-11-28,0.04186578297561768,0.03763191637237057,0.03226902377483425,-0.00860571000045127
2017-11-29,0.04280110721191288,0.043541997921349905,0.03377956313378777,-0.004353297839147142
2017-11-30,0.04593084391221157,0.046046913496013746,0.03204669920046223,-0.005048723861278752
2017-12-01,0.04298705775526628,0.043332310737426924,0.034737528875551954,0.005458085138927798
2017-12-04,0.041188772748534774,0.03532326029397485,0.03148028206952248,0.004134762756532738
2017-12-05,0.04388164297957326,0.038250591437455274,0.02803984255155205,0.0040474893513228775
2017-12-06,0.041140259253080486,0.04457748446483936,0.021981677844204222,0.010933072217469923
2017-12-07,0.051619466669498446,0.050207237488630735,-0.01480298253590532,-0.011789667323632777
2017-12-08,0.044587429140807905,0.0467936766988663,-0.014699007805856817,-0.013041304188729575
2017-12-11,0.04601718823159119,0.04824437561527988,-0.0165225260934687,-0.015117631201224726
2017-12-12,0.04613327451299124,0.047628856071548056,-0.016208339339568754,-0.015177770215026786
2017-12-13,0.04848566626164924,0.04879905048991355,-0.023315721652285806,-0.020654009357867806
2017-12-14,0.04724166772410164,0.04846437862908173,-0.02557477586270592,-0.02271951692744691
2017-12-15,0.054977926113990494,0.05445558879970358,-0.027629204250754925,-0.019534505100492643
2017-12-18,0.060530493885169914,0.0591295522812595,-0.024098027264299854,-0.026996704274675626
2017-12-19,0.06666069529132271,0.06536990153562909,-0.024117048443512375,-0.01302923041130009
2017-12-20,0.06829443320521356,0.06710770564237765,-0.026391894942735448,-0.002662790762582528
2017-12-21,0.06852773414665261,0.06823117955336849,-0.027055825126445224,-0.00801873393077027
2017-12-22,0.07104288783220042,0.07182240015949297,-0.03330389348882668,-0.00898287669125164
2017-12-26,0.06477815770154269,0.06066660840282357,-0.02382541615562249,-0.005406797767264424
2017-12-27,0.0649129879923231,0.061012959894322254,-0.02484257611663315,-0.009553534654478273
2017-12-28,0.06816831487442526,0.06398218111687054,-0.030075837339975695,-0.010823631365588397
2017-12-29,0.06844849085433087,0.06414405063900025,-0.02878802128304853,-0.0104203478058594
2018-01-02,0.06750868331291954,0.06241669759277631,-0.029264079917304293,-0.011240938239513557
2018-01-03,0.05988739686197702,0.05680712608729213,-0.035436427079684425,-0.014426663680546507
2018-01-04,0.05317479272402154,0.053026313293290425,-0.03803248886397396,-0.018329316652550495
2018-01-05,0.059686856709612136,0.06926759051479421,-0.017586552530511307,0.0013919036993536725
2018-01-08,0.06271430074277937,0.07496475158031322,-0.02740792584717826,-0.010437117476909879
2018-01-09,0.06073208398073811,0.07573743592282302,-0.023460254967427666,-0.0014279128080987927
2018-01-10,0.060083022326060206,0.0752849328927562,-0.02285834760230926,-0.0017073742603362996
2018-01-11,0.05286785405480363,0.07110422294098198,-0.022083582781381533,-0.001329242879825916
2018-01-12,0.05669765627037474,0.07357125336715245,-0.018776082313339194,-0.00021404031145240608
2018-01-16,0.06820342279588035,0.07972681705947823,-0.02118433815935244,-0.00804582456176758
2018-01-17,0.06915408399363826,0.07992379988047647,-0.0317801601851418,-0.017892387723857876
2018-01-18,0.06931098407355923,0.08010718423787747,-0.03580172002045627,-0.024691749378820654
2018-01-19,0.0695178309334004,0.08013917730319527,-0.03575623147152147,-0.024523217615226384
2018-01-22,0.06176661636082504,0.07296328088061821,-0.03640047222436972,-0.02547369559729618
2018-01-23,0.06251375138529712,0.07165436059686059,-0.03849252652234486,-0.028348381658288322
2018-01-24,0.0656668094323126,0.0712687830521069,-0.036217833722146084,-0.033962325773855384
2018-01-25,0.06646667088489394,0.07199904611581745,-0.03480293911727034,-0.03629681098658285
2018-01-26,0.06260452350116869,0.06856575313166954,-0.03436774595778001,-0.03560298634108859
2018-01-29,0.061955255730083106,0.06854503972068521,-0.03411628852943666,-0.03512918720594445
2018-01-30,0.08001661633468775,0.07819525995702406,-0.027217504121019635,-0.0271321190863146
2018-01-31,0.08079249833768176,0.07972342650953296,-0.033907979724383544,-0.030487114971618195
2018-02-01,0.08384182774003059,0.08953556711801898,-0.03694642035888688,-0.010724693625132897
2018-02-02,0.09536203899042453,0.09784464696783769,-0.03026518087755954,-0.005598603481494123
2018-02-05,0.19613408859159137,0.16964336085008322,-0.03477015807943057,-0.027619275062083493
2018-02-06,0.2141000707430984,0.1880085426266735,-0.04654050430354466,-0.034507163265366514
2018-02-07,0.21557156793912777,0.18966783913847934,-0.04475163355018227,-0.03264508729376731
2018-02-08,0.1658994694331676,0.15188444665673703,-0.043171479564251776,-0.03257359222828942
2018-02-09,0.17615442604212433,0.15878733414408536,-0.05062878035037403,-0.045360188999588505
2018-02-12,0.17664801646026193,0.1592806200738323,-0.04964055045168595,-0.04489667953800843
2018-02-13,0.17613339454519203,0.15784947072230107,-0.052992362433166185,-0.04737435611850761
2018-02-14,0.1864354760106748,0.16868266005474308,-0.03566901244250205,-0.057885257138770185
2018-02-15,0.19279679325868396,0.17544999929232657,-0.034797658742457854,-0.05608647413843685
2018-02-16,0.19298471947688053,0.17559226824225369,-0.035110881279030316,-0.0568447686094902
2018-02-20,0.18397760471144942,0.17526905974633725,-0.048938541688083384,-0.061895749375906736
2018-02-21,0.18498418747635823,0.1755887917815945,-0.045294880577305435,-0.050746475816662445
2018-02-22,0.18382074081315872,0.17568897123561922,-0.048702056186069834,-0.05278505852494193
2018-02-23,0.1846597628609278,0.17802513738169035,-0.05210493778949837,-0.05188915106171484
2018-02-26,0.18312355540034034,0.17692880600671643,-0.05199708614375896,-0.05170741243654837
2018-02-27,0.17837602789208565,0.1735412514838924,-0.0546409449812566,-0.05247815408261443
2018-02-28,0.18139921810072804,0.175208598811711,-0.05398935102174822,-0.05469843463956954
2018-03-01,0.17105133811789136,0.16670387052421876,-0.05458829590208301,-0.04774818378935161
2018-03-02,0.17222637360837723,0.1672541682782961,-0.05322313073571329,-0.047261456058114805
2018-03-05,0.17474916458969725,0.16915273419839902,-0.053776866449137865,-0.04844657127058035
2018-03-06,0.17236088658211587,0.1664683090890798,-0.0628010355080552,-0.049701268584389974
2018-03-07,0.17112872933585516,0.16428574174694263,-0.06101625773755549,-0.05013528105683622
2018-03-08,0.166542835475391,0.1623710922097252,-0.06398142104246267,-0.058296935717184216
2018-03-09,0.16160657424686364,0.1588048276630488,-0.06287676138951419,-0.05520372159922867
2018-03-12,0.1643753837510726,0.15995253792130895,-0.06162347550901409,-0.054206672614862846
2018-03-13,0.1656743910449494,0.16059287328573868,-0.06186491613752394,-0.048634016541260636
2018-03-14,0.17064899257574995,0.16062195744739796,-0.06060807015840053,-0.0580651916879263
2018-03-15,0.17136169691335376,0.16085856389146772,-0.06081175064231811,-0.05829838839252261
2018-03-16,0.17018250076958652,0.16046157014041074,-0.05843193051450987,-0.06154861133601927
2018-03-19,0.16379488128555802,0.153951972625995,-0.05641406832695095,-0.05724860782023184
2018-03-20,0.1633568579644988,0.15443422289772077,-0.055295406881543704,-0.05598091514009398
2018-03-21,0.17208890043400965,0.16217459127767236,-0.06088842162844887,-0.06102994031339245
2018-03-22,0.17666777387906293,0.16910906345028262,-0.057869055130350434,-0.06124212249129706
2018-03-23,0.1714049042505486,0.16426911843784564,-0.05684668341346818,-0.061657287712599596
2018-03-26,0.14459031683246829,0.1389922976407118,-0.0598552935343038,-0.05408901981146054
2018-03-27,0.15385106696754228,0.14827197275041673,-0.06213447130304948,-0.06551428477914614
2018-03-28,0.15440714420816545,0.14772013428615927,-0.06276452053292662,-0.06614078856139503
2018-03-29,0.1407279643623512,0.1336542323142488,-0.06230022836048237,-0.07028218715212686
2018-04-02,0.14280036822016104,0.13541629051990586,-0.06623034039380658,-0.07296191794554299
2018-04-03,0.1474580247747038,0.1383301684398477,-0.07006731893713457,-0.07737680075863684
2018-04-04,0.13976226016120172,0.12916469060580232,-0.07378966491719925,-0.081716680982997
2018-04-05,0.138543340074593,0.12872126086155564,-0.07249973200636176,-0.08144593551149203
2018-04-06,0.14222122965788456,0.13221842009118864,-0.07399656843321485,-0.08441982066418809
2018-04-09,0.14186667872361383,0.13274990918598534,-0.07202756166570701,-0.0835782251101847
2018-04-10,0.14062807626554863,0.13155858173236856,-0.07173204458021312,-0.08427730514083097
2018-04-11,0.1399379107449408,0.13099335747445065,-0.07072554780500986,-0.08391166301871822
2018-04-12,0.14652735009263115,0.13851974121683086,-0.0859000017027391,-0.09374080400679513
2018-04-13,0.14629818328338548,0.13840897297117058,-0.08558132815706175,-0.09331249249610625
2018-04-16,0.1449443433966666,0.1378080135551454,-0.08394906988465743,-0.09222550531550673
2018-04-17,0.14151826188267833,0.13257062830774657,-0.08381479209397383,-0.09265166189587562
2018-04-18,0.14172234824521818,0.13278401648024554,-0.0839833460932363,-0.09597574437521547
2018-04-19,0.14101234698076567,0.13215785896778787,-0.08543540117781413,-0.09696653434139012
2018-04-20,0.13599904565463578,0.1252485015204001,-0.08960062910734769,-0.10072147322723858
2018-04-23,0.13559135738149358,0.12513731613730297,-0.08890742496712381,-0.10072577245126096
2018-04-24,0.12489967984626762,0.11287430771273911,-0.08429251348818456,-0.10343265112254649
2018-04-25,0.1227261225159193,0.11205654020652535,-0.07738256848786167,-0.09627225913155238
2018-04-26,0.12539343435687778,0.11599555518246912,-0.0789288632430271,-0.09329088328809418
2018-04-27,0.12512862580761108,0.11542935321120644,-0.0798228236477354,-0.0962444232288341
2018-04-30,0.12338030223743328,0.11447309006397874,-0.08068178978156981,-0.09564956924923461
2018-05-01,0.12227844729010179,0.10971638301134333,-0.07284953702293541,-0.08904047785033417
2018-05-02,0.12188188978878181,0.10942845596620164,-0.07283572350724266,-0.08990278935445409
2018-05-03,0.12097742158601874,0.10950738280718807,-0.06884473482739442,-0.08765945430786964
2018-05-04,0.11886073017540773,0.10742523487586757,-0.06711630606215481,-0.0868097486625841
2018-05-07,0.11770572512249505,0.10527345621801379,-0.06708910821037255,-0.08599152102520434
2018-05-08,0.11891882398353631,0.10522131102447406,-0.06487833054745182,-0.08045413104120895
2018-05-09,0.11881252455240164,0.10496164760077052,-0.06438569039813329,-0.08035293511518278
2018-05-10,0.11559494134816065,0.10254328157161083,-0.06672895668299335,-0.08318853955034874
2018-05-11,0.1144036238655953,0.10337649506775089,-0.06624448604737548,-0.08488877997629843
2018-05-14,0.1132771254679054,0.1043687541823368,-0.06549832944747337,-0.08058201356141398
2018-05-15,0.11504838685038071,0.10634227510110905,-0.05933111045791213,-0.0761203047610762
2018-05-16,0.11412272865505879,0.1056269142264357,-0.05848436848273488,-0.0746744701035184
2018-05-17,0.12382601997561656,0.1164351539008353,-0.06931743427320573,-0.08155755053363244
2018-05-18,0.12302099064380549,0.11517399510006937,-0.06791559807532402,-0.08040332659479926
2018-05-21,0.12164633406262053,0.1147139877185124,-0.07022372208684154,-0.0815882095567713
2018-05-22,0.12029089669542228,0.11184387761260142,-0.0736937951631543,-0.07854725360307631
2018-05-23,0.11826531704838224,0.10854844706632283,-0.07043072270903722,-0.07939751968532509
2018-05-24,0.11777699707791463,0.10765615621654956,-0.07235150816737157,-0.0823860231145078
2018-05-25,0.12071374300146627,0.11089755466256124,-0.07256658974413797,-0.08350367756927535
2018-05-29,0.12073298306649502,0.11153235443843341,-0.06828707668533571,-0.08232326832064103
2018-05-30,0.11824510696439886,0.11085814600583742,-0.06922352523965856,-0.0801608200423629
2018-05-31,0.11820803464458383,0.1112376964422556,-0.07123650130061047,-0.08148645713966388
2018-06-01,0.11539333604940637,0.11005256341458469,-0.0715671566968352,-0.08148991527535601
2018-06-04,0.11444426658593651,0.10794418382929875,-0.07374824271907016,-0.08453661642245978
2018-06-05,0.11556508036732203,0.10884447689025673,-0.07422078656517668,-0.07991178463672176
2018-06-06,0.11725434103659386,0.11071759695836018,-0.08193303208881432,-0.08310600901405321
2018-06-07,0.1179550969346074,0.11183144335308601,-0.08504803738578164,-0.08573034615725779
2018-06-08,0.11772752961617523,0.11188624518415734,-0.08395369376912146,-0.08476132702339632
2018-06-11,0.1165907595579786,0.1117214915921953,-0.08561936186235924,-0.0824379480069489
2018-06-12,0.11595027284636257,0.10797591075937135,-0.08480270552072122,-0.08283898609458382
2018-06-13,0.11658815408102341,0.10755336266987109,-0.08611206103581137,-0.08261946240806854
2018-06-14,0.11630050260376656,0.10753501842570212,-0.0907094911387118,-0.06593476631755968
2018-06-15,0.11638485691677852,0.10781856195554185,-0.08370032091890274,-0.06666646707540858
2018-06-18,0.11552625518179657,0.10796965932688155,-0.08441987837558299,-0.06732263542160132
2018-06-19,0.11430942244714178,0.10629679019091821,-0.08284928517704868,-0.06693274087932854
2018-06-20,0.11731669991251485,0.10880451274370154,-0.08159331195128083,-0.07093614978339217
2018-06-21,0.11772673334331622,0.11049938551791573,-0.08086598576673633,-0.07115461749727592
2018-06-22,0.11609543125999323,0.1118969852111095,-0.0829744089627416,-0.07084869358806345
2018-06-25,0.11274343009447393,0.10744008143741815,-0.08426240175825324,-0.07023500698490297
2018-06-26,0.11297400529693753,0.1039272668774708,-0.09292892832194374,-0.06693486961269461
2018-06-27,0.11434311548692484,0.10666633040075757,-0.09413077185320817,-0.06380000731087994
2018-06-28,0.11218158959939459,0.10429578982741573,-0.0925270489111718,-0.0637809510035534
2018-06-29,0.11127838690384408,0.10319696590491761,-0.09164442108666557,-0.06735655911037584
2018-07-02,0.11217449023821321,0.10494509875215675,-0.09790139880412901,-0.06847079159596721
2018-07-03,0.11250198292733771,0.10833756474360581,-0.09596938332451192,-0.06850886101666834
2018-07-05,0.11285816493389575,0.10851524472654697,-0.09594313649464946,-0.06816446753259478
2018-07-06,0.11270350194002457,0.10805930425277586,-0.0959391073939966,-0.06867911134314987
2018-07-09,0.11487812265846488,0.11083580898844121,-0.10084198005601001,-0.0716198966583708
2018-07-10,0.11344014105556335,0.11316585774466496,-0.09838635021897639,-0.07055920826555988
2018-07-11,0.11272532737407251,0.1131755191582542,-0.09801977126777646,-0.0700037543431019
2018-07-12,0.10930555350690796,0.10832186565766176,-0.10006413911731592,-0.07157688414892924
2018-07-13,0.10952456637471031,0.10851981333961294,-0.10025358801547511,-0.07339234064743397
2018-07-16,0.11046013222981692,0.10938109940076966,-0.09590636398101979,-0.0759137602891164
2018-07-17,0.11221182668810088,0.11142229584998219,-0.10367312229497051,-0.07708570803846945
2018-07-18,0.11230155974720737,0.11035029118599132,-0.10651018936214085,-0.08053505301287142
2018-07-19,0.113137162444971,0.1109130401906986,-0.10678387584662455,-0.07984808456223469
2018-07-20,0.1169641390167062,0.11368909340327128,-0.11460235680455354,-0.0859288354860769
2018-07-23,0.11678529398131975,0.11387646452273628,-0.11168187056149619,-0.08830837646449638
2018-07-24,0.11963750429422677,0.11458655520040714,-0.1110191233468203,-0.08366391723283655
2018-07-25,0.11841350158573445,0.11003126117210138,-0.11567966441453564,-0.09401186088549116
2018-07-26,0.1190786123828629,0.11331697959493982,-0.11066078178917202,-0.09282771212920815
2018-07-27,0.11840012948890036,0.11352346253184911,-0.11030299565085597,-0.08999762810135493
2018-07-30,0.11928674570028343,0.11407749227735704,-0.11443181583831279,-0.09298021140203899
2018-07-31,0.11726722515885352,0.11213193949061163,-0.1161589864361121,-0.0962061270205108
2018-08-01,0.11874138018724785,0.1123580469432445,-0.11446568252211853,-0.08935791424494216
2018-08-02,0.11809886611915334,0.11107034185475832,-0.11373496349293914,-0.08950493315197781
2018-08-03,0.11800620114411016,0.11169754012792814,-0.11515696576349364,-0.0945098545866331
2018-08-06,0.11570343912744935,0.10912997084720168,-0.10912507893271359,-0.09269664733264553
2018-08-07,0.11491788890114944,0.10469292297826488,-0.10969108662855824,-0.09408615895883732
2018-08-08,0.11548279572580898,0.10446461425761187,-0.11191719844913976,-0.09443978690416766
2018-08-09,0.11463442832303358,0.10366141377534367,-0.10968580372885028,-0.08906484417213868
2018-08-10,0.11976165107442097,0.10870661346830883,-0.11026361985207217,-0.09471954140164834
2018-08-13,0.11902576576451046,0.10579336344190698,-0.11584495940671179,-0.09575250586698865
2018-08-14,0.1061714775146392,0.09344238258003844,-0.10484999341917964,-0.08681309175720288
2018-08-15,0.10478872735469441,0.09192340591101805,-0.10926099776530421,-0.08754981462436809
2018-08-16,0.10437050591713473,0.0918098628130072,-0.11339914763998755,-0.08951548184004768
2018-08-17,0.10413377633219371,0.0904600646962044,-0.10838669885024156,-0.0880634923746047
2018-08-20,0.10274896842836419,0.09052441835479602,-0.11141404509773997,-0.09132169364943689
2018-08-21,0.10315884645621391,0.09037563274568106,-0.10876450017144115,-0.09111998111644826
2018-08-22,0.10193945814667639,0.08836014585248035,-0.10843284064554208,-0.09114360533096232
2018-08-23,0.10192086169653056,0.08829150647495297,-0.11055800360219692,-0.09165448778659793
2018-08-24,0.10412525785586753,0.09064835505491733,-0.10289053168168925,-0.08951607453356987
2018-08-27,0.10515818045395674,0.091852541472899,-0.10216443390433405,-0.09097819748022047
2018-08-28,0.10503988016872527,0.09189506891818461,-0.1052705982568449,-0.09258377055749725
2018-08-29,0.10452358858340355,0.09034909524247561,-0.10498961442163636,-0.0944220484845019
2018-08-30,0.10525735875604941,0.0912102977929314,-0.10422110490700809,-0.09473829252520995
2018-08-31,0.10414116016946767,0.08972072693135276,-0.10867169097303178,-0.09585951526960429
2018-09-04,0.10297565259745017,0.0887526077214138,-0.11167957676139417,-0.09557170730665722
2018-09-05,0.09840173323146727,0.08910764612038449,-0.10230802090630413,-0.07488454922611146
2018-09-06,0.09867417733174899,0.09107799412321531,-0.10109549764162183,-0.07360331958064674
2018-09-07,0.09891676254286098,0.09145205923785915,-0.10107652883522637,-0.07225406840335045
2018-09-10,0.09769965371828475,0.08626236223727674,-0.10212106897713152,-0.07548922007627415
2018-09-11,0.09958256822100474,0.08750945268736769,-0.10613867510530227,-0.07810404946632825
2018-09-12,0.09985670982361573,0.08755585352072133,-0.10521630929632708,-0.07879364670140218
2018-09-13,0.10088072867871173,0.08917342862776607,-0.11160713799571985,-0.08142178334602372
2018-09-14,0.10138558243048897,0.08247693058852329,-0.10308411642437175,-0.073225556658923
2018-09-17,0.10382268054932171,0.08483279734090206,-0.09895379994250493,-0.07520901280627043
2018-09-18,0.1035687555443567,0.0877536247263368,-0.08825606921043964,-0.06910314708207992
2018-09-19,0.10377310831353435,0.08801069249456003,-0.0871442248408065,-0.07016208587270407
2018-09-20,0.10458558792691293,0.08868635430198574,-0.08743699571275743,-0.06907904253513482
2018-09-21,0.10218996304809344,0.08404160926282135,-0.09647507492951209,-0.06972790973082961
2018-09-24,0.10298675842038152,0.08366241537841491,-0.09636706093321264,-0.06885228704276025
2018-09-25,0.10570884340157745,0.09029200169349791,-0.10799604540968795,-0.07511184672333626
2018-09-26,0.10552358965347132,0.09041752115303732,-0.11039951476641612,-0.07478953676711571
2018-09-27,0.10414901451884859,0.08784110656477692,-0.10499990858768476,-0.06178305794299095
2018-09-28,0.10423905333744084,0.08782283178903158,-0.10517758511246747,-0.06186922439499806
2018-10-01,0.10409795016885545,0.08805893187839647,-0.10546806585619058,-0.060488245219126525
2018-10-02,0.10256517235316143,0.0884699570985922,-0.10194503368008477,-0.05995307956234616
2018-10-03,0.10293755349663992,0.08867403608039803,-0.10118174192747399,-0.05627872399962215
2018-10-04,0.1022125121843732,0.08690087706354263,-0.10031652168177574,-0.05674348852556287
2018-10-05,0.10100935675844346,0.0852124306801361,-0.09904615834276356,-0.05608861284228517
2018-10-08,0.1011184244367705,0.08505624004557795,-0.09910195898941572,-0.055923948653129954
2018-10-09,0.1035636447080466,0.08664907976359763,-0.1091853302916515,-0.06009903866010671
2018-10-10,0.10355407224837955,0.08706423525235203,-0.1095418867815244,-0.05972597250389848
2018-10-11,0.11213133832153968,0.09111702339394019,-0.12175711444870037,-0.06708867673462654
2018-10-12,0.11490844823055123,0.09319315668557537,-0.12451068952723375,-0.07467730126550745
2018-10-15,0.11183536818845473,0.08800830883445862,-0.12366827994290737,-0.07808596440865123
2018-10-16,0.10989941244906871,0.08630004862477245,-0.122984315830647,-0.07806531562249691
2018-10-17,0.11000231159280163,0.08642399181520831,-0.12512941542031844,-0.07685620234031847
2018-10-18,0.11093044467140482,0.08750606077016895,-0.1255852152185933,-0.07736627080653807
2018-10-19,0.11100790864990759,0.08812886614678912,-0.12728285583939486,-0.07776283313744779
2018-10-22,0.109024120100452,0.08764820531876852,-0.12398633363658315,-0.07189883434900697
2018-10-23,0.10860893668164016,0.08709161202125107,-0.12372470819544248,-0.07165382190190017
2018-10-24,0.10679891250001523,0.08472765538004673,-0.12725965327177172,-0.07682900195859575
2018-10-25,0.10706089874934224,0.08343531829496614,-0.12737274370653914,-0.0745027542028118
2018-10-26,0.1063331151850249,0.08360634000506528,-0.125421085789444,-0.07360595123406297
2018-10-29,0.1090699083964436,0.09114579108762708,-0.12305373129523577,-0.07126550522971255
2018-10-30,0.11054416190195739,0.09023861732503749,-0.12463034388120779,-0.07871822888459773
2018-10-31,0.10954474386955522,0.08812452865867386,-0.12214489640705829,-0.0788910693686702
2018-11-01,0.10973702615246811,0.08893395989481068,-0.12207303987778649,-0.08158172963899875
2018-11-02,0.10973286918908515,0.0893716128499595,-0.12266948885668526,-0.08380549510199527
2018-11-05,0.10944093079860766,0.08844771832802381,-0.12195266584125916,-0.08422208852640135
2018-11-06,0.10993380785165778,0.08914487290190573,-0.11982807375954733,-0.08301996060809035
2018-11-07,0.11055864820127781,0.08981516843477545,-0.11923252046948592,-0.08382207912988077
2018-11-08,0.11046361832035041,0.08951967693898659,-0.12102014607635916,-0.08298013687759215
2018-11-09,0.10988166945546421,0.08899913470949335,-0.11674291675631296,-0.08528353739331591
2018-11-12,0.10945511753388712,0.08863243767657887,-0.12418457936281466,-0.10055773833655768
2018-11-13,0.10955687863180881,0.08868022658722473,-0.1240208365351435,-0.10028505582679598
2018-11-14,0.11466649114145404,0.09299691917889238,-0.13309129980124432,-0.10184808739251376
2018-11-15,0.11835378414549641,0.09479369769389247,-0.1330276076374045,-0.1175597902100718
2018-11-16,0.11368147152622918,0.09005092907782267,-0.13444208030685792,-0.11114069872609746
2018-11-19,0.12867446075805491,0.11160055654829454,-0.13198148112526756,-0.11310485149398918
2018-11-20,0.13938113989920103,0.12032048222459571,-0.12329259505162204,-0.1133844452928925
2018-11-21,0.14102632695582645,0.12272494577444339,-0.12212324129652836,-0.11278396756781287
2018-11-23,0.14381590338791844,0.1246543983128239,-0.12479597569844199,-0.11459802557811535
2018-11-26,0.12523156283522677,0.10562904743460994,-0.12196878334374006,-0.11009549453943795
2018-11-27,0.12981683004348088,0.10934027783479591,-0.1362176477800609,-0.1098285723958144
2018-11-28,0.14623141300507406,0.12790439767733874,-0.12927991963400357,-0.11602493468386348
2018-11-29,0.14599085668610237,0.12670114256577508,-0.13029962094328834,-0.11799668528395253
2018-11-30,0.14073503929545594,0.12256777642087223,-0.12598246158431176,-0.11927744760871227
2018-12-03,0.1392257309788541,0.12189122740995383,-0.13262220151325382,-0.1363923800079256
2018-12-04,0.13237516649388725,0.12054474449331086,-0.12876608231786027,-0.1310182732821154
2018-12-06,0.1335795003093308,0.1155959094490252,-0.12634207428186878,-0.13622463839415766
2018-12-07,0.14038338740679707,0.11744924925281777,-0.12701728559037853,-0.15041365326717868
2018-12-10,0.14160871135165246,0.12036399310649731,-0.09127952201803827,-0.12994841793170414
2018-12-11,0.14522844562352655,0.12219647792490856,-0.09140110968023607,-0.1302140389927975
2018-12-12,0.14549417166940098,0.12216261054988141,-0.08938377170135654,-0.13077908642816244
2018-12-13,0.14510590723920794,0.12243352721348469,-0.08852052050482907,-0.12918907220518117
2018-12-14,0.1467516364307929,0.12476464631052965,-0.08204373317646453,-0.12508082091784067
2018-12-17,0.129475770262293,0.10990503497429069,-0.07178216984900798,-0.1168834323135778
2018-12-18,0.1245959841300651,0.10711322231402799,-0.07253954970757084,-0.11701423412010581
2018-12-19,0.1181803592993679,0.10021844205583688,-0.07961105381858169,-0.10331980244663921
2018-12-20,0.10100265646040142,0.08793580479370525,-0.055552857253940366,-0.12037369393748147
2018-12-21,0.10864580953255795,0.09628435260326351,-0.05042650456645994,-0.13035677981161994
2018-12-24,0.09761328101068613,0.08847228165908451,-0.042000714985190785,-0.12330784815616663
2018-12-26,0.07476647088698404,0.06757896049687429,-0.0321719163726274,-0.1140063205369361
2018-12-27,0.07471873246428554,0.07323925542303875,-0.05330171443179779,-0.12380321253398845
2018-12-28,0.07372654545052232,0.07262152253394216,-0.048180678437925534,-0.11242451545958432
2018-12-31,0.07223876570020149,0.07127707490566182,-0.044266822277023686,-0.11580467815447026
2019-01-02,0.07278112905182899,0.07265538586462952,-0.04435678050151229,-0.11118270658564143
2019-01-03,0.07481907782735041,0.07377685493456246,-0.051641555031190875,-0.1107844287753458
2019-01-04,0.07499346344695568,0.07389269201506207,-0.051887580917768725,-0.11290497708034787
2019-01-07,0.07671060038993505,0.07656340352662926,-0.05172853580416683,-0.11460757076500992
2019-01-08,0.07182343245441268,0.07102077010872959,-0.05102944818574331,-0.11140414094342793
2019-01-09,0.07484470474371034,0.07493404094691596,-0.05125067294351156,-0.11416419707586507
2019-01-10,0.07273101683310614,0.07321374787112282,-0.04637987701357827,-0.11317725814888548
2019-01-11,0.07314318600934348,0.07354204786719024,-0.04728484534642828,-0.11227119257665408
2019-01-14,0.07911042974386034,0.07760048275165973,-0.04275042332806136,-0.10782180684730126
2019-01-15,0.07528970092550617,0.07374193234127364,-0.05078134652250877,-0.10824378939818524
2019-01-16,0.07309868304828619,0.0727965680393454,-0.0472306601014809,-0.10033550030200074
2019-01-17,0.07550683608962627,0.07475246862252696,-0.05019024271818056,-0.1007979380866233
2019-01-18,0.07548020271902468,0.07460632962657188,-0.04888418619516,-0.09702415707311587
2019-01-22,0.0759101008978867,0.07538040952712198,-0.05047994440844748,-0.09686158807473091
2019-01-23,0.07974380889499406,0.07910357058558996,-0.049051589288774386,-0.09635586776190168
2019-01-24,0.07983058660216415,0.07953133237388822,-0.049090056276257385,-0.09530071561571352
2019-01-25,0.0802242781389653,0.08172533493250839,-0.0569759938374522,-0.09179262124926911
2019-01-28,0.08200281844930685,0.08388010334059262,-0.0591959917036583,-0.09091415853979931
2019-01-29,0.08260222398693434,0.08452993825495494,-0.05927324539389271,-0.09130492081437035
2019-01-30,0.08491519078907246,0.08666034632614328,-0.05687142235840798,-0.09017704256757662
2019-01-31,0.07721350140168118,0.08199356168355441,-0.06383296266421905,-0.10075745197559897
2019-02-01,0.07720624295540791,0.0813437121098183,-0.06574995194392516,-0.10314512705830033
2019-02-04,0.07671778887916042,0.07657051834067538,-0.061102883243234915,-0.1276272173256906
2019-02-05,0.07148496982843265,0.07299438359793324,-0.06813868003359735,-0.13302599011979996
2019-02-06,0.00017636132546332465,0.024638671949074067,-0.06143404556436273,-0.10796460458153682
2019-02-07,-0.019984555172502274,0.005474942064898462,-0.04352598212698449,-0.09737806050200232
2019-02-08,-0.019831043683309367,0.00502974866092558,-0.039493478367570396,-0.09410394005675055
2019-02-11,0.009487754518895997,0.02965486562930587,-0.041669074892082124,-0.0926812304639291
2019-02-12,0.0019231507165158234,0.023526900161567374,-0.04013391116511696,-0.08684641010475133
2019-02-13,-0.0013982248613281878,0.020797534153610134,-0.041846507265645407,-0.08841474779504602
2019-02-14,-0.0006597240202791201,0.021903827345356734,-0.03894290124928774,-0.08614810488997521
2019-02-15,-0.01361415674302443,0.009027582508026849,-0.06961429770836125,-0.06693667299502773
2019-02-19,-0.020961058090317848,0.0009371920493502355,-0.04704437449107121,-0.06703177112786775
2019-02-20,-0.020686922240938443,0.0011933074769757647,-0.047003638237212646,-0.06881149496644609
2019-02-21,-0.013484626391613972,5.677885098625927e-05,-0.020546228252708573,-0.05890555532732406
2019-02-22,-0.015572853723753869,-0.00043936940596774374,-0.024161099564088392,-0.07109357082760864
2019-02-25,-0.015313169435024889,-0.0012704551287437236,-0.018656743237913345,-0.06679806368704211
2019-02-26,-0.02032387673030683,-0.005891548865180945,-0.018117525101636472,-0.07248148676624452
2019-02-27,-0.0214405194288446,-0.006778991155791391,-0.01872438329799482,-0.07235124202751524
2019-02-28,-0.01696130693530049,-0.0035262296082011965,-0.012677429920641995,-0.07160254042832358
2019-03-01,-0.019507680476413703,-0.0046101836891076714,-0.014164509149466082,-0.06918307686174517
2019-03-04,-0.010563997593587551,0.00204292995384028,-0.011282836309078113,-0.07905818087637623
2019-03-05,-0.011939087620743393,0.0011679354876669343,-0.011788374754079421,-0.07559252870668408
2019-03-06,-0.01761994201804391,-0.0026779070002753936,-0.010662744912786959,-0.07301879866918277
2019-03-07,-0.016615805834035654,-0.0013036632135239262,0.0010082218738524387,-0.07179565282257624
2019-03-08,-0.017111374556122175,-0.00021540004458099382,-0.006534608341720565,-0.07391215841130602
2019-03-11,-0.014023886847324874,0.0024200406289585203,-0.00897094450406519,-0.06907663801501518
2019-03-12,-0.013374271307857523,0.0030421950080540714,-0.008515241903606125,-0.0690470291422545
2019-03-13,-0.013397370935778037,0.003573124687326953,-0.008246423665177359,-0.06809909109456995
2019-03-14,-0.013366739065316113,0.0036301089423101435,-0.009595513190869863,-0.06904428002064494
2019-03-15,-0.018306735250875016,0.0041262322335621025,-0.009710184732332013,-0.053175004389097565
2019-03-18,-0.017519116033604575,0.0044819409334930305,-0.008890084574277847,-0.05340413966008916
2019-03-19,-0.017573246623971923,0.00489960503018912,-0.0080765072694264,-0.053483600804559765
2019-03-20,-0.01263059872764769,0.011014979979312828,-0.008765124537368331,-0.049830231044099525
2019-03-21,-0.014456246175552606,0.008948391978533976,-0.005329949801689846,-0.04764584607792207
2019-03-22,-0.014469868122649443,0.008876583203366347,-0.006621094970007574,-0.04673746772433329
2019-03-25,-0.0197353098306015,0.005448375259369548,-0.009622047661210192,-0.043816991354453175
2019-03-26,-0.01489611056949243,0.009655661071385815,-0.014779261865654572,-0.04361318933437347
2019-03-27,0.004006772781201509,0.028629023966704085,-0.010546928626991378,-0.04471912068087645
2019-03-28,-0.004183229613728334,0.01796117991196838,-0.01443205597905061,-0.03690858695307486
2019-03-29,-0.002987445677966915,0.020082451196194902,-0.010291808961732145,-0.03788316742029539
2019-04-01,0.011946438037133444,0.035353714623973874,-0.010501771879426422,-0.03399341667537305
2019-04-02,0.009183923256848291,0.03602836238986438,0.003323900440035673,-0.027284874953449972
2019-04-03,0.0025501180495307416,0.032690959434975825,0.009647296208263186,-0.023000180295876974
2019-04-04,0.01107496701880621,0.0423423231553756,0.011102538270464292,-0.02688071708250633
2019-04-05,0.012629253256321995,0.043344746381683126,0.010229117830680028,-0.027296140107603492
2019-04-08,0.006662248732916482,0.039234642275211666,0.016177698731831437,-0.025944815854688504
2019-04-09,0.006652812976340329,0.03878832776631643,0.013482229594934812,-0.02730399290611897
2019-04-10,0.005801320845396932,0.03819133919910087,0.01433149102587439,-0.02601877375809423
2019-04-11,0.007401069882215605,0.0402380431543086,0.021987463454914234,-0.021843896754048953
2019-04-12,-0.0034009139473687566,0.029489781410585236,0.04941752567706443,-0.00490378277769303
2019-04-15,-0.0032893287681820442,0.029600867304675336,0.04941803387554048,-0.005120432006557506
2019-04-16,-0.0050688195315719995,0.02914990206863134,0.04328424937900871,-0.0091718129857853
2019-04-17,-0.003106448325695811,0.032465083870763994,0.043554222504006486,-0.00829713485722121
2019-04-18,-0.0030700250087505195,0.03217316333449469,0.04318382437046179,-0.002345510836864075
2019-04-22,-0.0018473066079043668,0.03388173573116302,0.043780641538134456,-0.0015869586617490758
2019-04-23,0.008019243955782678,0.04620393315328028,0.05186740184943634,0.008837469510857256
2019-04-24,0.008639288548736322,0.04703642690974416,0.05250661096920455,0.0061785610836708965
2019-04-25,0.02308436255311521,0.06203724472606053,0.04434909226113038,0.015562639940485748
2019-04-26,0.025904022317348292,0.06292560056471859,0.036672966564262395,0.0052340781387267745
2019-04-29,0.02039797929746672,0.05493915659442463,0.04027889510866242,-0.0005570563809133882
2019-04-30,0.020560946062914632,0.05340821287493753,0.04394786756379297,0.005626379110347994
2019-05-01,0.02234738192185854,0.05505083949181949,0.04655037382971173,0.005605590434530547
2019-05-02,0.021886462170590926,0.055278079544375705,0.04375499467299813,0.0027925002818168032
2019-05-03,0.028151241626988684,0.06188638953409421,0.04897157588789389,0.005500427644352355
2019-05-06,0.030182937933521253,0.06268649987405303,0.043879687080995,0.0009595827485387693
2019-05-07,0.027413971192824908,0.0604515809659528,0.04494695481082082,0.003211668635131707
2019-05-08,0.027962495604410286,0.061890539609134126,0.04396157103328617,-0.0003592483012420914
2019-05-09,0.02655539522582831,0.05998715526589638,0.04545660782195539,0.0016749646222268002
2019-05-10,0.027222562016029638,0.05926492305680862,0.046999596767772135,0.0018578272741115577
2019-05-13,-0.03252393046170191,-0.003298360974828067,0.08657284951311042,0.03559737472697794
2019-05-14,-0.028557752041507886,-0.002137421061121106,0.08480251475406007,0.03704884241870383
2019-05-15,-0.02709405172123092,0.00024774657913472913,0.08689208913515774,0.04290395998915717
2019-05-16,-0.032616822936333924,-0.004766743485720779,0.08600033178529783,0.04073180016382301
2019-05-17,-0.026797530616796624,0.001638511458113575,0.09315237441957495,0.03704030470259323
2019-05-20,-0.03313964703445858,-0.010564525293597263,0.09271090351537567,0.029820416824877627
2019-05-21,-0.03279110467854296,-0.00997359617363386,0.09267890140784174,0.027339778601004935
2019-05-22,-0.03299550755434151,-0.009412629728844477,0.09293981274264178,0.02382816653739646
2019-05-23,-0.03771766987385435,-0.012985928316697613,0.09574690581957587,0.027000591643161587
2019-05-24,-0.036037831004993984,-0.009415975472639336,0.09753037794501382,0.034631099606172305
2019-05-28,-0.0444410610202572,-0.012046703012669215,0.09064088454730718,0.044663966333155614
2019-05-29,-0.04423344434317488,-0.011432087691748713,0.08986386598444929,0.04594470440324135
2019-05-30,-0.04559287631625619,-0.012669612128495296,0.08477944629910666,0.04195759301841294
2019-05-31,-0.048297508915528045,-0.015623941885619587,0.09065681248844792,0.04670257191050455
2019-06-03,-0.046320637206211976,-0.008299916216423052,0.0794690301357027,0.042041850000321505
2019-06-04,-0.05979973420236783,-0.021423298608942012,0.0794201886839032,0.055024480574526385
2019-06-05,-0.05830475804823652,-0.020387877541611685,0.0798678180042869,0.05295777774253252
2019-06-06,-0.05842179196827339,-0.020767048554602582,0.07891710017221444,0.05240564850812316
2019-06-07,-0.05577134724667978,-0.016962085510125076,0.08116643172051134,0.056561950720700555
2019-06-10,-0.05601826557076082,-0.01734562997768869,0.08178059868399624,0.05727539862437883
2019-06-11,-0.055756721959595724,-0.017435402932110242,0.08213010514285929,0.05680877747977848
2019-06-12,-0.05583248299894622,-0.017115362319668568,0.08769966755097605,0.053618181754233205
2019-06-13,-0.05511154453260775,-0.015034497492703506,0.08595923827414147,0.053998837691682254
2019-06-14,-0.057100765986106014,-0.016893260783328708,0.08718509774691677,0.05516524557111047
2019-06-17,-0.057982847635478986,-0.017449528684556286,0.08493000621264565,0.04995555020967726
2019-06-18,-0.061318158731698005,-0.0212516177555649,0.0742900972705473,0.04795475739545145
2019-06-19,-0.060050847934259736,-0.02053780383605465,0.07755499392870123,0.04938244323512636
2019-06-20,-0.05742977291412219,-0.018798586663624762,0.08515645649982825,0.050087983866838576
2019-06-21,-0.058299560307637964,-0.01949657565234578,0.09081745538902292,0.036823301996711896
2019-06-24,-0.059854057989677086,-0.020182358304367768,0.10747662862699339,0.047342064815700344
2019-06-25,-0.0656019127071711,-0.03063862684006575,0.11280020419759179,0.04969253963623661
2019-06-26,-0.06320303676820546,-0.02352825936765808,0.09771782732763433,0.036294387141831676
2019-06-27,-0.0656915542092262,-0.02567968313439141,0.09629063453074596,0.019807753874719374
2019-06-28,-0.05953615371222646,-0.024145782853214094,0.09947223486730623,0.016572156342178977
2019-07-01,-0.06820894206112671,-0.034362638897961525,0.13609986579051261,0.022932411608709968
2019-07-02,-0.06846884246722625,-0.03476752345221383,0.1365286455808691,0.02821568374926028
2019-07-03,-0.06147335186872916,-0.03211059734402157,0.14686209904501693,0.040387046754678725
2019-07-05,-0.06034122571680491,-0.031744598396547044,0.16151670308757732,0.05962408997045759
2019-07-08,-0.0669030635775521,-0.03819306223878317,0.1476061581665408,0.06000316923506409
2019-07-09,-0.066945370080758,-0.037836105158673014,0.14840300188449743,0.059676345517061476
2019-07-10,-0.06894704672083123,-0.04046675372672433,0.13881376564518164,0.06379652065105258
2019-07-11,-0.06825230864523932,-0.03978505766695351,0.1445470871137554,0.07727192568579573
2019-07-12,-0.06636318351306207,-0.03819399219516873,0.14893522116579894,0.07730249601351892
2019-07-15,-0.06370252790813542,-0.03632867918304266,0.15019323429236175,0.06978374162236874
2019-07-16,-0.05824770392176691,-0.030901819081100967,0.16295497795836913,0.07539407098130405
2019-07-17,-0.05890968192998663,-0.03033900474308042,0.16725338146358057,0.08398211341825935
2019-07-18,-0.058628503939987954,-0.032876676086256634,0.19619468832758055,0.08619121055276864
2019-07-19,-0.05783194199908182,-0.032027691341036287,0.19715099520134857,0.0871678937568765
2019-07-22,-0.057817719890931346,-0.03262838453713228,0.19817437669682955,0.08591479279034137
2019-07-23,-0.06064999782256547,-0.03441637818525096,0.2027709778928846,0.08712133817443164
2019-07-24,-0.06178154575048638,-0.03576365684577327,0.20583919412792998,0.09662156011699445
2019-07-25,-0.06646857502388696,-0.038732757172757364,0.20637221952011583,0.09244479080240144
2019-07-26,-0.06463916708987126,-0.036475292680127905,0.20865237324847136,0.09137125922914534
2019-07-29,-0.06460846823170079,-0.03865019795961797,0.2026288897619146,0.09035091766696121
2019-07-30,-0.06326181179276835,-0.03668185554199873,0.2029792549550904,0.09015887085411596
2019-07-31,-0.06790970312219136,-0.04108633246048637,0.19238806342834736,0.09531238733072936
2019-08-01,-0.06820453059295604,-0.03979354638107131,0.19844443664867972,0.10574991825805215
2019-08-02,-0.06919479844125351,-0.04012295045727667,0.1961073203382358,0.10404201128846756
2019-08-05,-0.098394758963163,-0.06546552500881435,0.2113668581056198,0.13036683023828202
2019-08-06,-0.10096175875630009,-0.06761757261151718,0.2087555344871644,0.12805703354853823
2019-08-07,-0.09908039237844501,-0.06411437341135495,0.20958776384966266,0.12805126702762715
2019-08-08,-0.09778747135982609,-0.06333902872754579,0.21015129209461872,0.12559013941805067
2019-08-09,-0.09777976616453654,-0.06238789982825591,0.21327920081235122,0.1268335609223772
2019-08-12,-0.09220000459963137,-0.05881023885804666,0.20887774278746649,0.10730106306851296
2019-08-13,-0.10184619718262497,-0.06807415628033024,0.21172865745582173,0.11626607912776693
2019-08-14,-0.07865488228153797,-0.05172061990140519,0.2094314809010757,0.08860833762159218
2019-08-15,-0.07722438734531348,-0.05121281611779872,0.21073550578819691,0.09062132134801099
2019-08-16,-0.07569495730916856,-0.049740241887625235,0.215921601752706,0.08899331037000216
2019-08-19,-0.07058181521947159,-0.04475525448188396,0.2063181761191282,0.07746874762693862
2019-08-20,-0.07043492062776673,-0.04389263132033435,0.20155775601003073,0.07474784133284035
2019-08-21,-0.07359446720260757,-0.04736645579185703,0.20656446450551738,0.08440860611758878
2019-08-22,-0.0740902474621249,-0.04785320721602845,0.20613628978689458,0.0861327912933405
2019-08-23,-0.07854455371739029,-0.05169546140116225,0.20912955187041246,0.0911636197074586
2019-08-26,-0.07873186775217218,-0.051980370883249485,0.21300659006590203,0.09131108322339501
2019-08-27,-0.07932347731266123,-0.053165511522217046,0.20735239365123803,0.08598040481684885
2019-08-28,-0.08322250648305037,-0.05542955453891231,0.20834802251188736,0.08774286570596296
2019-08-29,-0.08592504719830717,-0.058064767484294684,0.21436665219398093,0.09222516661670811
2019-08-30,-0.08560849978202123,-0.05760966323885162,0.2144857714234224,0.09221870281373079
2019-09-03,-0.09027351092172115,-0.06335714357448786,0.22680577212419525,0.092054097364927
2019-09-04,-0.09056107260523023,-0.0637409622086755,0.22640729276352575,0.09230458844205378
2019-09-05,-0.0902278115515181,-0.06295387142384706,0.22608192325469004,0.09599482561150567
2019-09-06,-0.09276182829474877,-0.06964279881577347,0.23165792998610005,0.0907059112592853
2019-09-09,-0.09405818225654727,-0.07209581506910608,0.23261632240938468,0.09207982632959111
2019-09-10,-0.09415366805389977,-0.07191666219084707,0.23402597439268708,0.09521552054646448
2019-09-11,-0.09365571990965055,-0.07127750808982809,0.23368020840835393,0.09607414988145632
2019-09-12,-0.092999301937888,-0.07062727661390714,0.23384485576866146,0.0937788683191954
2019-09-13,-0.09293065454023182,-0.07039768627570588,0.23427462456089043,0.09395033874492048
2019-09-16,-0.0937697657594428,-0.07162783449382173,0.23429127039656045,0.09151397701132367
2019-09-17,-0.09387907646375868,-0.07186251969985348,0.2343667860546545,0.09092702945386442
2019-09-18,-0.09584313925716806,-0.07555868753156862,0.23698006460038154,0.09032418175423046
2019-09-19,-0.09639338963424197,-0.07613618941315178,0.23743140995793677,0.0925235523225033
2019-09-20,-0.09589040101496257,-0.0752822649841502,0.23492667469512424,0.09048459093063294
2019-09-23,-0.0966888685140193,-0.07634229135555809,0.23127364910559106,0.0902638887098612
2019-09-24,-0.08756998933143557,-0.06477448534518039,0.22585556633309162,0.07326831024248498
2019-09-25,-0.08902367913798455,-0.06552884962330077,0.22641501669568354,0.07496200788629016
2019-09-26,-0.08827923502128525,-0.0641906102963303,0.22692315256894452,0.07113760411552578
2019-09-27,-0.08874039247697342,-0.06518615996215701,0.22629046075656933,0.0710873694904649
2019-09-30,-0.08920721933998639,-0.06633395962953813,0.22731821749637238,0.07125334479764153
2019-10-01,-0.08937196965204945,-0.06650726296007804,0.22803603678107062,0.07108433573470534
2019-10-02,-0.08918531571967987,-0.06661206965068692,0.22734540758511046,0.0703186138007245
2019-10-03,-0.09026271052683696,-0.06778573150055715,0.22823296358787265,0.06885065983999833
2019-10-04,-0.09086435870823863,-0.06833585422332782,0.22794896002152268,0.06672064592445279
2019-10-07,-0.09044021217653478,-0.06754600997832987,0.22697106103798712,0.06728176545697385
2019-10-08,-0.08937145792727313,-0.06675563927342931,0.2260336052538881,0.06806494254274337
2019-10-09,-0.08591867221423513,-0.06410360036471596,0.22716642803395773,0.06444830057571362
2019-10-10,-0.08607132626984812,-0.06415367931814737,0.22674083612730442,0.06500336995711106
2019-10-11,-0.09283807233802792,-0.07064247171814535,0.2288335127801031,0.06939053490942652
2019-10-14,-0.10354497055081692,-0.07509241829330954,0.24985292484278832,0.07730703746555036
2019-10-15,-0.10548580413163304,-0.07731526479093055,0.2515417396226629,0.08039831052134329
2019-10-16,-0.10292145386789661,-0.07332526072112117,0.24746530602709413,0.0812908427787362
2019-10-17,-0.10333643697920715,-0.07353660317615572,0.24749582453077096,0.0810807817102101
2019-10-18,-0.10257846040202927,-0.0723204462833314,0.24771085133054105,0.08060444095039698
2019-10-21,-0.10266956140180561,-0.0727868852682463,0.24520588745690194,0.07683075718894462
2019-10-22,-0.10195086787788961,-0.07156393591523486,0.2445012935856085,0.07528335283157732
2019-10-23,-0.10289674474612232,-0.07191023351636705,0.2422052383801076,0.07493260994508293
2019-10-24,-0.10315423037088718,-0.07220434057069128,0.24194908882860575,0.07517407526452147
2019-10-25,-0.0980989244394644,-0.0650399837717529,0.23958326978524103,0.06299174773018487
2019-10-28,-0.09473401917888158,-0.06063427251467098,0.2307587929679285,0.05444707533847965
2019-10-29,-0.09588860148906156,-0.062383538839087004,0.23009304601853528,0.054633994119248186
2019-10-30,-0.09773417822827019,-0.0667014018510312,0.22737543592575069,0.04910889347636127
2019-10-31,-0.09773669218701891,-0.0666492108189662,0.2264162325035015,0.048224552303397505
2019-11-01,-0.09705572101249275,-0.06602230821207078,0.2263863290072754,0.047699393837275304
2019-11-04,-0.09740352456390337,-0.06618139626426066,0.2259479359101523,0.045085370006827316
2019-11-05,-0.09738349601772273,-0.06647770778677439,0.22546128151568012,0.04640838117470763
2019-11-06,-0.097521700198579,-0.06641895010748285,0.22549446245662758,0.04625907897760388
2019-11-07,-0.09805128689136128,-0.0668180041402093,0.22584631010482034,0.04841856674863788
2019-11-08,-0.10099796781184991,-0.07017004067361306,0.22910344383510337,0.05123737608738781
2019-11-11,-0.10112686182274372,-0.07075911659961887,0.22893896180956172,0.05111113443410735
2019-11-12,-0.10242623580683957,-0.07245399341150026,0.2284858081609757,0.052334388304913985
2019-11-13,-0.10398760878675492,-0.07427969171953783,0.22839187974874633,0.05242873617062801
2019-11-14,-0.10417211318888724,-0.07411568423655615,0.2277210852755755,0.050691449187317376
2019-11-15,-0.11303521892795317,-0.08159069707578401,0.23937662740228638,0.0514074328682681
2019-11-18,-0.11170738532135037,-0.07980569131728713,0.23876301896404786,0.05086056466607553
2019-11-19,-0.11133411068128947,-0.08033908884795281,0.24035138730251132,0.050385412424004385
2019-11-20,-0.13260470743127628,-0.11102877068381087,0.2433861959858503,0.051061312213773156
2019-11-21,-0.14850797437043456,-0.12261716487840976,0.24710614354435909,0.054876561682961886
2019-11-22,-0.14968596176953283,-0.12379443196728371,0.24785954360428517,0.05503503978193753
2019-11-25,-0.15544078237635187,-0.1291551137319261,0.24874188100651098,0.05470684624666768
2019-11-26,-0.14003141411815034,-0.1111637581953054,0.2502202296833298,0.05094564256964495
2019-11-27,-0.13865043604568997,-0.10940524935526302,0.2477272836983755,0.049031354302137106
2019-11-29,-0.1657066135591881,-0.1381618304518083,0.24806354037054132,0.056287839510009194
2019-12-02,-0.1597628224325574,-0.13264216930362013,0.24807409473277375,0.06569109209731715
2019-12-03,-0.15679479152603162,-0.1298856976199198,0.24617386608823208,0.06632373050146523
2019-12-04,-0.15404755735564973,-0.12673391057469258,0.249815119258046,0.07027968616187732
2019-12-05,-0.1536896416395574,-0.125586274232206,0.24914406601671835,0.06687978040217617
2019-12-06,-0.15705427271426275,-0.12110142304205858,0.2493624083657247,0.07014101019999332
2019-12-09,-0.16606074266331358,-0.13069946105792524,0.2531527762043592,0.07021389793913105
2019-12-10,-0.1658774108471193,-0.13203772172551334,0.25371508537497606,0.06958838093440321
2019-12-11,-0.16634160872865192,-0.1320202879526732,0.25204133923910865,0.06818012852935862
2019-12-12,-0.1668171669092954,-0.132956313762463,0.25172279447128404,0.06849290957316678
2019-12-13,-0.1679099032574433,-0.13361752270628602,0.250520368249655,0.06642446443699265
2019-12-16,-0.1768420463436221,-0.1430213314898925,0.24928187439758262,0.07265653705083619
2019-12-17,-0.16089470963399047,-0.12810606961345256,0.24490049553672139,0.06886167265934448
2019-12-18,-0.1598537075492414,-0.1291301226730549,0.24178016194996702,0.05629978953992092
2019-12-19,-0.15968334650159893,-0.12895338874603876,0.24261460222853634,0.054987308345132366
2019-12-20,-0.14473826202853246,-0.11807800547459225,0.22904259562027432,0.0605992454966738
2019-12-23,-0.16068392618666474,-0.13646775971452882,0.22673529268498938,0.059856578485845316
2019-12-24,-0.15152373512547984,-0.12879811942410466,0.22110502765256643,0.05752675173820513
2019-12-26,-0.13156134962536364,-0.10788057811820939,0.21759054688788582,0.04979407015217852
2019-12-27,-0.12802494301207143,-0.10707937787113948,0.22338339845634278,0.04964434209752835
2019-12-30,-0.12631145881255218,-0.1060795500927686,0.22160413279299,0.0435151105525359
2019-12-31,-0.12270205172029687,-0.10336697178471098,0.22239087236527363,0.0475503148183175
2020-01-02,-0.12564567552876782,-0.10866461657244546,0.2197252685852081,0.04041677670401045
2020-01-03,-0.14161145897177704,-0.12479579663812486,0.22929235960955527,0.05274249350948908
2020-01-06,-0.14527694000256594,-0.1269550943037828,0.23514273780881587,0.048955402715598256
2020-01-07,-0.15084331964729905,-0.13175454527906375,0.2354800127691194,0.04746433032546641
2020-01-08,-0.15158338574938038,-0.132434475608306,0.23627212909036016,0.04850765475338617
2020-01-09,-0.1532257641820694,-0.13406396961661812,0.23841248154486103,0.04740019068644337
2020-01-10,-0.15310392101065204,-0.1348925732425218,0.23496861053146756,0.04311010943561488
2020-01-13,-0.15341426372801936,-0.13539982257236008,0.2351049564628823,0.04347815347359753
2020-01-14,-0.1550656843728002,-0.13860192640917593,0.23195150227985922,0.04752120826459702
2020-01-15,-0.15270404452999298,-0.13534822758500567,0.23075204690832066,0.045745837156963155
2020-01-16,-0.15366438767686444,-0.13618115600504171,0.23103818448207034,0.04634873326119749
2020-01-17,-0.15349748788618855,-0.1356886539121354,0.231284685335939,0.044096768888321605
2020-01-21,-0.15178690916738635,-0.13459386223718872,0.2306541877629015,0.04035094327634102
2020-01-22,-0.1562624872831556,-0.1399849477991031,0.2314789044110065,0.04137625656027389
2020-01-23,-0.15600295034863326,-0.1404422184381136,0.23030764307587534,0.03845156406874143
2020-01-24,-0.15548033859999627,-0.14026037177276665,0.23016246669644294,0.038447067261028964
2020-01-27,-0.16376780676138486,-0.14873875881464232,0.2354099001848605,0.0465896919047064
2020-01-28,-0.16248877237547818,-0.14775681219577597,0.23049989535808107,0.04094209346185625
2020-01-29,-0.16261856372093092,-0.14931151708833984,0.23066037262072783,0.040436577856219784
2020-01-30,-0.16453613263125796,-0.15226125787889852,0.2303151524936966,0.04041616917148451
2020-01-31,-0.15650123565172364,-0.1466504183769652,0.22865264463602053,0.03948217568026989
2020-02-03,-0.15710213989292462,-0.14735546899761012,0.22935209408311893,0.04006108879175999
2020-02-04,-0.15810278901407018,-0.14831332000244568,0.22999805787402058,0.041840190893596606
2020-02-05,-0.15175759610244016,-0.1471950828883752,0.2299525386759149,0.03598052227849445
2020-02-06,-0.15213519039459325,-0.1474476808045614,0.22888358350076587,0.03621993210561277
2020-02-07,-0.15381417096731714,-0.14944295285540865,0.22912776930124526,0.03695364057059948
2020-02-10,-0.15460118693154704,-0.15022174937259633,0.22772267609369445,0.03422012148987191
2020-02-11,-0.1542227416968008,-0.15066291526635073,0.2253916196672814,0.03155214482850407
2020-02-12,-0.15386936204230212,-0.1500368936250726,0.22532045494073755,0.030945909682481343
2020-02-13,-0.15316881975660945,-0.1496671301680123,0.22368219002978104,0.02981086867813476
2020-02-14,-0.1535434434038315,-0.14961264275978406,0.22452660373101035,0.030536926690525327
2020-02-18,-0.15256158774783,-0.1492664720836457,0.22055971033489158,0.029011023538989034
2020-02-19,-0.1566438471541092,-0.15454786774449208,0.20441541324737383,0.027991595651407682
2020-02-20,-0.15621633848873057,-0.15334575289739455,0.20437047866453015,0.027769752390881804
2020-02-21,-0.15701603277367915,-0.15352728691635342,0.20228917725788625,0.02634068478974559
2020-02-24,-0.14846491584236088,-0.1462313194897524,0.20076648880920625,0.02436970077896062
2020-02-25,-0.1310234093621697,-0.13391136589142888,0.20571760702791766,0.020931227188745894
2020-02-26,-0.12779606640231983,-0.13563674259703068,0.2024489963685782,0.02572058823894025
2020-02-27,-0.116467212248304,-0.12573619503456462,0.20246561552230027,0.024094951767755488
2020-02-28,-0.11564096777542317,-0.12580712518311746,0.2004458137803143,0.019438625566995174
2020-03-02,-0.10210615367072784,-0.11265851502004197,0.20271527588639257,0.017306278398977342
2020-03-03,-0.09744987472526398,-0.10740151026551145,0.19114282767198534,0.01727568685109208
2020-03-04,-0.09636312642677976,-0.10730962407481812,0.19112988834485994,0.017942405870624196
2020-03-05,-0.1044342091631229,-0.11376080962720256,0.1959513256198225,0.02630580863544844
2020-03-06,-0.1042514638065633,-0.11383970339955751,0.19591685867628048,0.02490450051438271
2020-03-09,-0.005290264745899657,-0.03734621841908406,0.19271876187633014,-0.010497955347939542
2020-03-10,-0.007013235740903758,-0.03789630544886253,0.1912652068330139,-0.007216073242224497
2020-03-11,-0.005379264266490255,-0.03590663558814369,0.19162555786875776,-0.005622170226966784
2020-03-12,0.20845139875863558,0.1587201215750745,0.3018259334219676,-0.020279397167641804
2020-03-13,0.24539150209467092,0.19718736853738147,0.26014307895989724,-0.04152490165280045
2020-03-16,0.2730593744591685,0.23013781823570909,0.26777431516801936,-0.08505670005933809
2020-03-17,0.27663025218470727,0.2343641430494625,0.27085542405465524,-0.09676740784323629
2020-03-18,0.27148198795197087,0.2329183659064638,0.2678978755823837,-0.09218311787731025
2020-03-19,0.26730175904876047,0.23189759834601853,0.23034888027435002,-0.06011816755726851
2020-03-20,0.2654606977130886,0.23155161655972922,0.22844842809639,-0.056824534983180484
2020-03-23,0.2608131805213548,0.23175012014603605,0.2295661691665081,-0.04826080060422978
2020-03-24,0.26425384472409363,0.2376552499210705,0.23637163849698636,-0.053147102172268874
2020-03-25,0.26312990401743747,0.2379015821401383,0.23685984031089952,-0.05288722414580514
2020-03-26,0.258651809951994,0.23538712714013982,0.2376199510460424,-0.053898346283746096
2020-03-27,0.26205691627456246,0.23912956845204264,0.23953409623323316,-0.059087328424816093
2020-03-30,0.2590899481857053,0.2360670532299572,0.23921721339610622,-0.058474474512983744
2020-03-31,0.25855283686394753,0.23568994889384445,0.23520139622608938,-0.05749088279562242
2020-04-01,0.25607771085656195,0.23199983954969816,0.23764516094193014,-0.057425020950055444
2020-04-02,0.25754799283944063,0.23315201133298136,0.23978975242086983,-0.05577879565061423
2020-04-03,0.2580967662245039,0.23352685588653652,0.23954135133609536,-0.05574057470165416
2020-04-06,0.27102003606503133,0.24729946162287605,0.25093198163821634,-0.057254803069456545
2020-04-07,0.27118947077054256,0.24734410666074738,0.25074942733801414,-0.0548598860544326
2020-04-08,0.2717649708693794,0.24806968262395002,0.2495548347783476,-0.05556694073607482
2020-04-09,0.2708265372420965,0.2477659695210954,0.24516736165669362,-0.055731035082004284
2020-04-13,0.2726967196922662,0.2442231477755544,0.2317731347698917,-0.05385764502885908
2020-04-14,0.27109905698083664,0.24152066668646693,0.23149692450667225,-0.0537597514583939
2020-04-15,0.2729113621088148,0.2426297578993386,0.23250799582653933,-0.057828908109924824
2020-04-16,0.27333187909495077,0.24583404529054756,0.23350465584146074,-0.05246219247971581
2020-04-17,0.2717228726987719,0.2455567264232093,0.23260194108420984,-0.051869433405186016
2020-04-20,0.2733047342725365,0.24672413741260316,0.23089595659908288,-0.053163776008965144
2020-04-21,0.2723087525007717,0.24534401750121163,0.23097794526171153,-0.052706656051698116
2020-04-22,0.27342432556475604,0.24663092500608663,0.23453053452069492,-0.054830841987758575
2020-04-23,0.2729657458910114,0.24567877052634027,0.2368464092128265,-0.05308735939098619
2020-04-24,0.2737284394226972,0.2472087684755761,0.2364236969920052,-0.05391926335813905
2020-04-27,0.27476531710873936,0.24780469347444076,0.23411194491748832,-0.05707032223464511
2020-04-28,0.27482892515518426,0.2475263610056719,0.23382242121173588,-0.057529365074566796
2020-04-29,0.28318476028642603,0.25979539323592543,0.23480301053215502,-0.06175907937709439
2020-04-30,0.2839727021394536,0.2599318124361622,0.23647314445277126,-0.060323365551431224
2020-05-01,0.28098545649286577,0.25704940927933456,0.2377081494463605,-0.05896755470010448
2020-05-04,0.2798929673982718,0.2551617321461498,0.2366704198706008,-0.05945657528112778
2020-05-05,0.27992831471847757,0.25517810331001256,0.2367873259934436,-0.05966232969268775
2020-05-06,0.28016982617433006,0.2568661626524419,0.2331721015125938,-0.06237281991898502
2020-05-07,0.28238817299227725,0.2592447450142222,0.23919966151158017,-0.05541985855707035
2020-05-08,0.28163256808450676,0.2592138878900036,0.239575744020637,-0.05465098156910453
2020-05-11,0.2781076534221211,0.2526035004536277,0.2431169192606085,-0.04728752320261558
2020-05-12,0.30887066269978625,0.29073665768525114,0.23819597130011216,-0.05613673432554729
2020-05-13,0.3037261275464056,0.2867971309572339,0.24105079916159106,-0.053917366897075
2020-05-14,0.30482553223774494,0.2871814647731186,0.24342645627279022,-0.052209393241555414
2020-05-15,0.3055694116007833,0.2876953352497021,0.23977218735610104,-0.05232106092600791
2020-05-18,0.3078547623902116,0.2878424992632122,0.233618275575753,-0.056974510081417226
2020-05-19,0.31175856316326067,0.29550889621930654,0.2352640570568624,-0.05577340150256212
2020-05-20,0.30995577755874587,0.29351725673084766,0.23493397481957976,-0.056046601278287665
2020-05-21,0.3105405029471451,0.2945523954863359,0.23864155971460457,-0.05541479560314582
2020-05-22,0.3121444937292954,0.29661260888947105,0.2379968099677694,-0.056593466090114536
2020-05-26,0.3096900453397337,0.2969370601728342,0.24114069846438402,-0.05316227414329058
2020-05-27,0.3166244345528485,0.3007464485107283,0.24586779149577,-0.057120726942284476
2020-05-28,0.3158223186487577,0.2999290571037091,0.2461183793248963,-0.05792188095569449
2020-05-29,0.3163558704851329,0.29994354404939294,0.2475329306833926,-0.05664623755264972
2020-06-01,0.3180614287207005,0.3015958038217618,0.2465249781704285,-0.06157373127234345
2020-06-02,0.31500274599303624,0.296621172752961,0.25433003265973897,-0.05839567444087067
2020-06-03,0.3220744947824058,0.3049861250700224,0.2515805026746177,-0.06378429886987927
2020-06-04,0.32160096521628234,0.3042426639145874,0.2519236382527061,-0.06426901491566206
2020-06-05,0.31909980057299286,0.3027026407704691,0.25246527690803194,-0.06346777670050001
2020-06-08,0.31862236022217094,0.3016813169895973,0.25201985904465474,-0.06451929031714024
2020-06-09,0.31865902290776643,0.30209930059223067,0.25165166138442613,-0.06494108794723708
2020-06-10,0.31845109709868324,0.30217427912368666,0.251290768599651,-0.06442865156682577
2020-06-11,0.3255860346845592,0.30962269147819127,0.2531898348353617,-0.06974732049628213
2020-06-12,0.32590440367113116,0.30978310602113457,0.2530021400265818,-0.07066643917826758
2020-06-15,0.3266707132397914,0.3112622698276162,0.2541563026608977,-0.07126215156491882
2020-06-16,0.3279309509035078,0.3113051523046313,0.2558533940629386,-0.07232553507700568
2020-06-17,0.3293826702158801,0.31300373597924785,0.256768247835308,-0.07188975011002277
2020-06-18,0.32934088920013904,0.31285724777950835,0.25638623301283203,-0.07235633426213242
2020-06-19,0.32897174925108497,0.312355071215341,0.25302569196917846,-0.07260967803331177
2020-06-22,0.33091003335756247,0.3150063000511788,0.25244693791317896,-0.06880668207612402
2020-06-23,0.333223696717704,0.3169996270093021,0.2458451893904058,-0.07209291880031145
2020-06-24,0.33943994820835866,0.325448017156783,0.24703504890220462,-0.0749019568041257
2020-06-25,0.34252344399304707,0.32663639773422587,0.2571729976705777,-0.0712886392993186
2020-06-26,0.3498487234824681,0.33339371420046165,0.2589679281822407,-0.06814336982541419
2020-06-29,0.3511082328486563,0.33664198680112656,0.2601036860878411,-0.0677885102374456
2020-06-30,0.36233378275573114,0.3493055595641332,0.24367403791900247,-0.07174598998945027
2020-07-01,0.36243875989527974,0.3494121578489138,0.241813846181171,-0.0727464553810512
2020-07-02,0.3625585104175568,0.34998023237272985,0.24351171636693156,-0.07743227763030004
2020-07-06,0.3652521288438614,0.35243027318324943,0.2385864852003525,-0.08588272721984423
2020-07-07,0.3733058892400454,0.36145549167562957,0.2481810676093081,-0.08812964472862095
2020-07-08,0.3737728462587124,0.3618813858762273,0.24845820271026955,-0.08850353939825356
2020-07-09,0.375029638809276,0.3629001235150682,0.25389600240840404,-0.09118503782771782
2020-07-10,0.3768656086679961,0.3637092542769752,0.2502771288197783,-0.09752514732000993
2020-07-13,0.37678786223296445,0.3631309917095763,0.24907692274886256,-0.09771678299740348
2020-07-14,0.37859249213876767,0.36573016291219046,0.24980055446620067,-0.09607876890957079
2020-07-15,0.3823554131264891,0.36817464569206854,0.24411536242325002,-0.10077702326151623
2020-07-16,0.383396568362322,0.3691221572774995,0.24263352158185142,-0.10239526109937715
2020-07-17,0.38583899616525924,0.37284657918904024,0.2346881240455781,-0.10276510894816013
2020-07-20,0.38555037746437426,0.3714364838283692,0.23397999996801325,-0.1030749988799945
2020-07-21,0.38577920853716224,0.3705769458818676,0.23532065183041742,-0.10304157356412431
2020-07-22,0.3880044405004987,0.37228216412688836,0.23441669254605071,-0.1048920365524913
2020-07-23,0.38768924359899826,0.37076266852660567,0.2348937323533893,-0.10426840506685148
2020-07-24,0.3880532900631853,0.37145773269098176,0.23525237643392163,-0.10391770595364898
2020-07-27,0.3839809879262615,0.3734584921024392,0.25138194812947545,-0.10616095384427537
2020-07-28,0.38426294523617627,0.373398848456935,0.2527219306848019,-0.10677054120315892
2020-07-29,0.38482962458030734,0.3740423709486185,0.25318188917539786,-0.10708096864314007
2020-07-30,0.3882574441678203,0.37826664179322655,0.26001630797641057,-0.10940953139215515
2020-07-31,0.39025002175136525,0.3800776350795564,0.2578348391230519,-0.11351035284246644
2020-08-03,0.3904474454312907,0.3805755377584342,0.25838746364297377,-0.11374326461104498
2020-08-04,0.4139151526722333,0.4073381163872924,0.24749301359169398,-0.1283494945146448
2020-08-05,0.41634652122093846,0.4086509297351667,0.2518044115145456,-0.1297403120630291
2020-08-06,0.4169999120269818,0.40854041437806826,0.24805501314240744,-0.1297116943387124
2020-08-07,0.41751602708226865,0.4096651670843144,0.24903721569578507,-0.12883485428658795
2020-08-10,0.4173412584816596,0.4086260234647429,0.24768113616765716,-0.12971065238833923
2020-08-11,0.4168022673525061,0.4094065180431068,0.2562542396602783,-0.12149934233564427
2020-08-12,0.4212018868275129,0.41498486755123754,0.253727544423255,-0.12366200700110658
2020-08-13,0.4148564273682376,0.40873431201489363,0.2597424407833177,-0.11494111074996695
2020-08-14,0.41493296454957573,0.40931539837686687,0.2589591067911405,-0.11666099055191818
2020-08-17,0.41478582816057336,0.41026466129210626,0.2637234787379437,-0.11583543266387823
2020-08-18,0.41326442475319924,0.4075362889362957,0.2683630528256376,-0.11237959689117634
2020-08-19,0.41316078766060665,0.40762067843698874,0.2702406958437047,-0.11052043130567056
2020-08-20,0.4166949678680824,0.4111209935656099,0.2695569788283164,-0.11324373203579305
2020-08-21,0.4160935733931413,0.4102384650301301,0.27084131880341067,-0.11418614586136587
2020-08-24,0.4211536681034723,0.416506133915279,0.2677394229903012,-0.1173618904042517
2020-08-25,0.4206313642444494,0.4156054721342367,0.2672960000329764,-0.11536138455149385
2020-08-26,0.4205833469902765,0.41546966066673324,0.2692658616225976,-0.11404713732484183
2020-08-27,0.42244850021306685,0.41676511858661996,0.26940796542228823,-0.1118512049762142
2020-08-28,0.4246636145566564,0.41901777315713784,0.2692514370096514,-0.11280729135856836
2020-08-31,0.4244431601323772,0.41936923464520437,0.2695953964044636,-0.11234501672996833
2020-09-01,0.43306598443779454,0.4306331647672506,0.26260201322642235,-0.11227276170395951
2020-09-02,0.42922347933360533,0.428517170740398,0.26676002577156543,-0.11467588453221841
2020-09-03,0.43855329694896955,0.4424562752016414,0.2727487733020834,-0.11566132810638549
2020-09-04,0.43732462930482047,0.44008287886874137,0.27177351459275007,-0.11747401323204486
2020-09-08,0.439640180157454,0.44241792433896177,0.27221182029412117,-0.11934552947590428
2020-09-09,0.4397839752344796,0.4418692719312606,0.27139049549122163,-0.12264256546074764
2020-09-10,0.43816456347359284,0.43992017255104376,0.2708377074347782,-0.12223558316170244
2020-09-11,0.4381208460337496,0.4396761021021467,0.27077546050806806,-0.12130561156632708
2020-09-14,0.43888767464098466,0.44054239166884707,0.2717064939692315,-0.12286768225091757
2020-09-15,0.43890095285064396,0.4405763149442169,0.2721290076405012,-0.12252300405402032
2020-09-16,0.4384932482557574,0.43885628909757396,0.2723003348933802,-0.12274011933895412
2020-09-17,0.43846277816526175,0.43852626270187456,0.2722220382451602,-0.12268103625628346
2020-09-18,0.43827683654701155,0.43825096542223374,0.27213926074772155,-0.12270355815139666
2020-09-21,0.43928616128089176,0.43703765286512736,0.27845294695239925,-0.12314272974695405
2020-09-22,0.4400684791175891,0.43758963693218944,0.28034971539196857,-0.12373910588361979
2020-09-23,0.4433815196567764,0.4383464852493466,0.29096523268066593,-0.11693851671264169
2020-09-24,0.4433432093289943,0.4389078737516709,0.290400083507482,-0.11775694357093633
2020-09-25,0.44265319434275896,0.4372207094883722,0.2907605924508857,-0.11628547588859683
2020-09-28,0.4426469403015721,0.4378137200653662,0.2912597409793104,-0.1164473908824613
2020-09-29,0.4422163136631278,0.4374321666076883,0.2931827276420559,-0.11644324956533465
2020-09-30,0.4424199030011722,0.4375490640241946,0.29332549387145684,-0.1158512115020808
2020-10-01,0.4428361294895254,0.437037566743756,0.292059012205986,-0.11597863957004256
2020-10-02,0.44370183053723544,0.43708780263839236,0.2927697178535533,-0.1148959480390517
2020-10-05,0.4451672943845526,0.4385359191178015,0.2931237974497091,-0.11649071109271104
2020-10-06,0.44593188844602955,0.4393505243897284,0.2948570044970328,-0.11698147297456293
2020-10-07,0.4459204734659515,0.43940291899486456,0.29532173921018734,-0.11706074320600013
2020-10-08,0.44570515519995724,0.439019501252367,0.2961489653799408,-0.11482232966873598
2020-10-09,0.44607006762989443,0.4394164239350211,0.296550397521271,-0.1154810000903035
2020-10-12,0.4496095131399368,0.44433458487976196,0.2934565306366154,-0.11775420476754955
2020-10-13,0.4499039621190314,0.44440707374417304,0.29389373685081377,-0.11849280140530404
2020-10-14,0.45114456782833606,0.4457479236768506,0.2928674029420051,-0.12070183649382372
2020-10-15,0.4510919344674063,0.4453435879985256,0.29393367531590786,-0.12073740269703792
2020-10-16,0.4510371697599225,0.44563148264484737,0.2943584320363018,-0.1201934145095584
2020-10-19,0.44730726901966755,0.44139366874714087,0.29368040860933503,-0.12118917564252589
2020-10-20,0.4470973677212897,0.440963108475452,0.2958015278222748,-0.12036238559918942
2020-10-21,0.44362125619810244,0.4372375505204213,0.2981843738461874,-0.12101486563082234
2020-10-22,0.4467875099353371,0.439547332893823,0.29933081155306385,-0.1219237591063832
2020-10-23,0.44673163509572356,0.43985770357818693,0.29985965096452083,-0.12221331902754082
2020-10-26,0.45409393878282445,0.4456875774262367,0.3055575207807086,-0.11891186971884371
2020-10-27,0.4531698555255319,0.4458005440320736,0.3124802170746734,-0.11318758894696077
2020-10-28,0.4551187087116037,0.4484700941271319,0.31562370310376453,-0.11312352937618898
2020-10-29,0.45593962859439746,0.4493383554871768,0.31632373038703865,-0.11155135912067966
2020-10-30,0.4553779035786143,0.44735210405486103,0.3170319760452685,-0.11173426578207828
2020-11-02,0.4550394373410031,0.4473225129462744,0.3165210471945469,-0.11169515648609193
2020-11-03,0.45603042073644723,0.4481661267614933,0.3177405528904236,-0.11169411265404573
2020-11-04,0.45599190755965313,0.44666429687111125,0.3175974581055782,-0.11065123739923648
2020-11-05,0.45862772421483505,0.4508836767479561,0.3292677035812454,-0.10884453555993019
2020-11-06,0.45888826483287426,0.4510599257651052,0.3289413752586964,-0.11040904551121371
2020-11-09,0.45926863247932437,0.4535256551752698,0.32377106432693037,-0.1092815932651317
2020-11-10,0.4592485169557747,0.45323996315261583,0.3234833655379327,-0.10898074841052842
2020-11-11,0.45955744957754185,0.45419794924005635,0.3221609625172399,-0.10855146033073755
2020-11-12,0.45724960508629786,0.4527048592455017,0.3230965021809459,-0.10435647208154468
2020-11-13,0.4569946536708694,0.4525525440473481,0.3233864502090941,-0.10350559634683232
2020-11-16,0.45883039841584883,0.4538960395044476,0.3226076996771285,-0.10431535027578247
2020-11-17,0.4563280937373239,0.4517396584299667,0.3203325215272217,-0.10184299440533037
2020-11-18,0.45574965350397967,0.45151110630584246,0.31989544961521416,-0.10101073885775905
2020-11-19,0.4555214535875762,0.45096216007372364,0.320060682196442,-0.09957630319351293
2020-11-20,0.4539967847001919,0.4490899492518351,0.3186163194456479,-0.0998783406802535
2020-11-23,0.45487500301888045,0.45002535670948185,0.3193230353451688,-0.09922736775866937
2020-11-24,0.4573402561094263,0.4524984803723445,0.31255643447677,-0.10121753896307499
2020-11-25,0.45728021507567007,0.4517400304499937,0.31252397060296827,-0.10074009488451281
2020-11-27,0.45264641162991354,0.44484048673607407,0.3193615208723551,-0.10454019039463175
2020-11-30,0.44085087861204747,0.43680126716354145,0.30385184282139266,-0.10376614459357032
2020-12-01,0.43707547584518525,0.4325284777794669,0.2950847103564602,-0.10480112039276519
2020-12-02,0.4369949470525589,0.4323460835711536,0.2962619910581921,-0.10539049200055371
2020-12-03,0.4373839234467607,0.4325901161028077,0.29629153534769165,-0.10607738716343391
2020-12-04,0.4351759802331233,0.4315997770805573,0.29708327036396687,-0.10057796807419969
2020-12-07,0.4345449940247883,0.43156260094913407,0.29955793885623655,-0.09897400058971922
2020-12-08,0.4328867074123113,0.4298775667589192,0.29782266721953526,-0.09986230755722773
2020-12-09,0.4323525546039142,0.4280319552158964,0.29588249708467607,-0.10017183330525556
2020-12-10,0.4324661468927732,0.427943861734187,0.2969129679722062,-0.1006056337846787
2020-12-11,0.43264183515700105,0.4281434316907187,0.2967661415056521,-0.10131775516079305
2020-12-14,0.4296041108559603,0.4278355009049115,0.2927238136716277,-0.10235636091527107
2020-12-15,0.4320102902677622,0.43076188877247845,0.29281842857980817,-0.10607520365501873
2020-12-16,0.4294785594425397,0.4291901847206663,0.29355658312315036,-0.10806506822109617
2020-12-17,0.43273409728424356,0.43243647353921266,0.29943466257039913,-0.1047222694824011
2020-12-18,0.432812487274198,0.43260967235953485,0.29947070246982216,-0.10484834674049191
2020-12-21,0.4330579157382087,0.43274886681278646,0.2998951894622381,-0.10521299809602469
2020-12-22,0.43208766871678717,0.43231847343075547,0.2966401669320209,-0.10379637206703313
2020-12-23,0.4317424856055455,0.4326551329568375,0.2960372588865459,-0.1021037147507182
2020-12-24,0.43231237979137,0.4333939293000559,0.2974082682131662,-0.10157637559621198
2020-12-28,0.42891775427280765,0.430015958427386,0.2877290840576082,-0.10000248664210508
2020-12-29,0.4287871133473107,0.42993393269743085,0.2878379944710116,-0.10023539660760492
2020-12-30,0.4282697876022947,0.42884298691984074,0.2895669897057998,-0.10109427197837464
2020-12-31,0.43012915112408073,0.43180357626764854,0.2916500526255763,-0.09892334591958143
2021-01-04,0.42281284201238106,0.42468198296685605,0.2989867119154729,-0.10382901552680393
2021-01-05,0.42330515888750514,0.4249043386598168,0.2965500282161428,-0.10459112731429858
2021-01-06,0.4239865280192586,0.4187038389314304,0.28431083006927116,-0.11242889303842452
2021-01-07,0.4261059199433743,0.422257017693923,0.28119646704534274,-0.11648106826510418
2021-01-08,0.4275550823310676,0.42426352015609226,0.268673833112624,-0.11657778766365215
2021-01-11,0.42526066238479576,0.42581993425109044,0.26589872643959334,-0.11448590987890453
2021-01-12,0.42465950900516003,0.4259296061607534,0.26277548994965444,-0.11400306885712042
2021-01-13,0.42503939279784864,0.42827924650963245,0.25973485247038225,-0.10962324605099039
2021-01-14,0.42363564027283335,0.4263440859657684,0.2593554033567159,-0.11165038071242138
2021-01-15,0.42468408404133634,0.42757086359828295,0.26348188030947467,-0.11304219480052685
2021-01-19,0.4235055993281332,0.4256112314671032,0.26163450954202633,-0.11261157468829798
2021-01-20,0.4219112076699025,0.4230434221076279,0.25877781405700534,-0.11114353392007043
2021-01-21,0.414867371414741,0.41285222712326086,0.25573314914682116,-0.10266029455208028
2021-01-22,0.4128221677440195,0.4109971185248306,0.2516712294279446,-0.09987797029488402
2021-01-25,0.4123593884455533,0.4101735702507433,0.2516548456753936,-0.10143218897201929
2021-01-26,0.4169246775521468,0.4157931676438318,0.25031069369458464,-0.1063230177500187
2021-01-27,0.42019928934403133,0.41910391999251523,0.25582651487742447,-0.10482695779229001
2021-01-28,0.41977474041843127,0.41744195175998144,0.2545148816991297,-0.10686140451757425
2021-01-29,0.41725896991407685,0.41490381865030523,0.25440149871498036,-0.10751064465953124
2021-02-01,0.4139020308314643,0.41054097599554085,0.2533012865822411,-0.10649841169301129
2021-02-02,0.41573908768053786,0.41292388607511205,0.24748095417538307,-0.10842175253330352
2021-02-03,0.4164404525568813,0.4133293172051004,0.24528198048084152,-0.11258743520924942
2021-02-04,0.414342626117134,0.4125740896408865,0.2469107040111368,-0.10972792333225721
2021-02-05,0.4143649983565675,0.4124403084158666,0.24797560272854166,-0.11110686663844457
2021-02-08,0.40553041458757344,0.4024135472582131,0.25147508541749525,-0.10271798529490628
2021-02-09,0.4056433800404673,0.40263127759049844,0.2514591634693802,-0.10270911827396435
2021-02-10,0.40548090000286746,0.4030543394607963,0.25128125104629234,-0.10326975653990489
2021-02-11,0.40451588290727214,0.40270751162088947,0.24695693060174756,-0.10483631009562294
2021-02-12,0.4041474569923092,0.4023206121704145,0.24793866713562054,-0.1031301283419996
2021-02-16,0.40370819502610233,0.401610381728302,0.24451531068148405,-0.10537297003653837
2021-02-17,0.4026253451594289,0.3996104756025458,0.24217278912201817,-0.10241366894854835
2021-02-18,0.4047240642593636,0.402549859234632,0.2448104010153448,-0.10230000416341832
2021-02-19,0.4022178356721025,0.39914309735671794,0.24572813681069577,-0.10690066352665674
2021-02-22,0.4030623293993521,0.4018127903946432,0.24206129282490152,-0.10512479160440576
2021-02-23,0.4001128920498059,0.4009431581630604,0.24256761725000267,-0.10172745924948477
2021-02-24,0.3979114264862796,0.3988924711717279,0.2393101254043604,-0.10096374356552533
2021-02-25,0.4014276336831676,0.4052755825726779,0.24695985254699204,-0.09703092153372816
2021-02-26,0.40361035425577513,0.4070892806003522,0.2486251684609786,-0.09973509117643378
2021-03-01,0.40653562166025786,0.4107340178511392,0.24661693399499537,-0.10177615623660562
2021-03-02,0.4082871957820494,0.41357433093747864,0.24496841402415248,-0.10123253200309067
2021-03-03,0.4053634588896762,0.4076444545606263,0.2482044372743998,-0.10191866815956915
2021-03-04,0.41182355898413775,0.41377083188783464,0.2505546524367447,-0.10088764954777721
2021-03-05,0.4174997095399221,0.41865970806734365,0.24836484514364446,-0.10576153020055878
2021-03-08,0.415329653887415,0.41015780345485026,0.24351898115543574,-0.11019541377396216
2021-03-09,0.3921563738933119,0.39177838966434464,0.25211165794445073,-0.08578683940112586
2021-03-10,0.39963925713797044,0.3981840431542334,0.2524263351896367,-0.09165087966689506
2021-03-11,0.4036944886387364,0.40114185819821085,0.25200808864862556,-0.09612092271965017
2021-03-12,0.3029545380933244,0.31942287878979875,0.18054485479992366,-0.08803274631570653
2021-03-15,0.2726682170568689,0.2920139280295325,0.20879271606712183,-0.07379483227415642
2021-03-16,0.2328126805952122,0.2550564249500461,0.2018759060495576,-0.024776694534345084
2021-03-17,0.2287091020776039,0.25214651133413457,0.20049077522807185,-0.010906001988016483
2021-03-18,0.2335194847288649,0.25525973614182196,0.2015019953949358,-0.013058607798837411
2021-03-19,0.2408824163660574,0.2600871266292304,0.23528205569073726,-0.05620693138728069
2021-03-22,0.2386257381563288,0.252707445574559,0.2367614866684871,-0.06512592124924901
2021-03-23,0.24496738798231207,0.2532712600925594,0.23478233693384412,-0.07966321427663306
2021-03-24,0.24215175706486677,0.2504753325426236,0.22593845485193972,-0.07540370466934675
2021-03-25,0.2431521372009972,0.25019772727700135,0.22543368657778365,-0.07330023740473864
2021-03-26,0.25718526588095036,0.2587012663789691,0.2268178840666441,-0.07460804888116127
2021-03-29,0.2495084194201409,0.25143166204342277,0.22016646987652932,-0.06565800698734428
2021-03-30,0.2552151174463972,0.2561846626832852,0.21823136759679795,-0.06630724080851037
2021-03-31,0.254881742845998,0.2548413452919613,0.21765898761758123,-0.06651866193304483
2021-04-01,0.2665515867983941,0.26201843614883813,0.21552633311339345,-0.07020815391140521
2021-04-05,0.2638235850329731,0.2591771430333665,0.21403615113636162,-0.0713055127880503
2021-04-06,0.26288156212124636,0.25832506567592606,0.21298877175452902,-0.07253084593643712
2021-04-07,0.24357500701578275,0.2400222700869065,0.20094933935105128,-0.06815309297671891
2021-04-08,0.24397860649616104,0.2409603013446511,0.2023329219561273,-0.06746916648306048
2021-04-09,0.24373544953660867,0.23997716790856186,0.2041311249605272,-0.0662891576282002
2021-04-12,0.24553792384287157,0.23944768823085916,0.20833877168886894,-0.0658875654149423
2021-04-13,0.2410151069744238,0.24669996116812856,0.22356476134521866,-0.06827794760490385
2021-04-14,0.24645264493865554,0.2537562511595487,0.224993442904401,-0.06777134461648406
2021-04-15,0.24083168488824852,0.2504497387390339,0.22175790842119408,-0.05837270221662875
2021-04-16,0.23948592207487665,0.2457599713239439,0.22085392788161567,-0.06392711551039867
2021-04-19,0.2467928512179386,0.25037279021703385,0.22037699540562933,-0.06267488834416685
2021-04-20,0.24189441765751352,0.24748298168432928,0.22336091944158695,-0.05886881418998027
2021-04-21,0.23886608825057298,0.24548485703102954,0.2173609278621145,-0.059210483791582946
2021-04-22,0.23962719667162524,0.24617144986032172,0.21679934148947524,-0.05925226090921454
2021-04-23,0.23841696328259446,0.2456500881781616,0.2150369856184673,-0.06126578629441511
2021-04-26,0.23779375988250406,0.24612133916310708,0.2159157984237762,-0.061775399776620304
2021-04-27,0.2358915004027224,0.24496787627747774,0.21733964753699395,-0.05846925435592252
2021-04-28,0.23582414011965866,0.2453154731174578,0.21677908203487942,-0.05792073129054176
2021-04-29,0.21570321976941567,0.22587975984819011,0.21546985164588214,-0.05197614790562409
2021-04-30,0.2079335594175978,0.22065339929622843,0.209567089608344,-0.052581748141972175
2021-05-03,0.21418502023227678,0.2261247661500363,0.20624755024901362,-0.054557670043243855
2021-05-04,0.21766053475679423,0.23372692689802296,0.2099106029620646,-0.06058040884827019
2021-05-05,0.21591601654985515,0.2303934212607513,0.21115736293333587,-0.05848337790253388
2021-05-06,0.2160849345403979,0.22878819384561933,0.20944024118754553,-0.055817649584702346
2021-05-07,0.21201872132973595,0.22577448170106162,0.20299280879809786,-0.06984158459378058
2021-05-10,0.21779872983324614,0.2314798823360512,0.2010942281193733,-0.06889297724785992
2021-05-11,0.21951492556806207,0.2422314433981008,0.19728497914566898,-0.08190280994620705
2021-05-12,0.2443265000459956,0.26281630300874537,0.2050009438214593,-0.06632754989056963
2021-05-13,0.253560695016323,0.2678757916127666,0.20214704842573636,-0.07043390169744257
2021-05-14,0.24950997049205814,0.26448852379456383,0.1989931375903175,-0.0761550764148758
2021-05-17,0.25126564990629546,0.2679006323663128,0.18453415908666093,-0.07381500121837982
2021-05-18,0.2477674116015472,0.26602123528511856,0.18702262701136388,-0.06578606529601788
2021-05-19,0.2473841082106981,0.26072680268098475,0.1835070285629975,-0.0612717536108343
2021-05-20,0.25681557852351095,0.27185568793083464,0.18585805366643923,-0.05017306664705449
2021-05-21,0.2538008140246718,0.2705852385038738,0.17888227034632706,-0.051944145330819716
2021-05-24,0.2554115773406238,0.27251158442184864,0.17897207749352315,-0.050792218349005554
2021-05-25,0.2606991121226685,0.2719030295728226,0.17317210153619544,-0.058897364875461274
2021-05-26,0.2582284516482944,0.2715786541064128,0.17262108584201888,-0.05869273095812447
2021-05-27,0.2593346830113266,0.27299972879135287,0.1719231645256611,-0.056530920012383364
2021-05-28,0.2580846122836445,0.2723837873088832,0.16981080682619884,-0.054126279726951804
2021-06-01,0.2572852636625125,0.27228928846715234,0.16751213843638293,-0.04950996215216478
2021-06-02,0.26255806506704604,0.27570463334900697,0.1649778430534366,-0.05152996793497008
2021-06-03,0.2605682871365536,0.27228994685660707,0.15947648273449927,-0.05208723362916674
2021-06-04,0.255374302996408,0.26521169535349015,0.1523971872312097,-0.06082293838860706
2021-06-07,0.2616371839874405,0.26509093532670586,0.14595191578823064,-0.058990914074566254
2021-06-08,0.26179989716257407,0.26503786751511316,0.14602809668887054,-0.059847126979783755
2021-06-09,0.2565558606402783,0.2615380122921783,0.1427492651496632,-0.04784773804486966
2021-06-10,0.25599764493791327,0.2601692909649008,0.1422482951866604,-0.04997454866549448
2021-06-11,0.24275737149159857,0.24869225757149863,0.13753992499685594,-0.03755719327183829
2021-06-14,0.24174831057580823,0.2504745406562769,0.13308330868523013,-0.04200574859162077
2021-06-15,0.24278485707630107,0.2513436488384218,0.13296140880455726,-0.04187860479525145
2021-06-16,0.24653627772418582,0.2526501362064626,0.1400324039371796,-0.041387944822129395
2021-06-17,0.2462658702736093,0.2515161720302813,0.14135299806904672,-0.04287853987201959
2021-06-18,0.2525904860795228,0.25410234278547533,0.14354368438137244,-0.05457047036718098
2021-06-21,0.23412052764387556,0.24729687021395882,0.1316309407820453,-0.03194936133987474
2021-06-22,0.2335711651397273,0.2464677011366874,0.12940084334942895,-0.03153011165706988
2021-06-23,0.2329470045534755,0.24653305481431695,0.12980839801956495,-0.03282969258344989
2021-06-24,0.22836689782633468,0.24340750239830253,0.1287407151537278,-0.027844295639073383
2021-06-25,0.22624500041302045,0.2437483441417656,0.12528274947293183,-0.01725752813474671
2021-06-28,0.22472917587085198,0.2461776612125425,0.12514398837073448,-0.005761732693190993
2021-06-29,0.22546525160860856,0.24670942918337227,0.12186277261730603,-0.005058548868504622
2021-06-30,0.2273503324673269,0.24916711611280257,0.12108027532638532,-0.00715990324562553
2021-07-01,0.22505462031198895,0.24903459849310877,0.11968886223888123,-0.007329021191733918
2021-07-02,0.2258188698459232,0.24966167357946628,0.12010135385059047,-0.006825575339338621
2021-07-06,0.2241255575179342,0.2482472813447958,0.11932001684171277,-0.005501724913363654
2021-07-07,0.2224749050262354,0.24741594148072998,0.11982417940573953,-0.004259039102429529
2021-07-08,0.2242425010395627,0.2480518880604446,0.11936433144863534,-0.005332506309817267
2021-07-09,0.22446720386324667,0.24965723926592082,0.11944483355354628,-0.004681568294182181
2021-07-12,0.2247135687789943,0.24941071708239756,0.1195227503563735,-0.0047502268317268755
2021-07-13,0.22500906010078864,0.2494385943868155,0.119390432018257,-0.002834074541888377
2021-07-14,0.22634025634040003,0.24972814451150485,0.11920797612444795,-0.003009895870451797
2021-07-15,0.22868326317381202,0.2511973552192936,0.11912045917929401,-0.008039122303896576
2021-07-16,0.22921741846238025,0.25146788900921724,0.11948076724464593,-0.007089790858002463
2021-07-19,0.2313795330887886,0.25251655651331617,0.11958874492123128,-0.01283603986012163
2021-07-20,0.22628372911608802,0.25218726650021617,0.12005576751422721,-0.008957858796795823
2021-07-21,0.22924681266939828,0.2552855578286052,0.11618815239974026,-0.01796628682085306
2021-07-22,0.2289798192709395,0.2551276871784182,0.1154898382535075,-0.01823754146976436
2021-07-23,0.23181680261121682,0.2586028979036088,0.11476637091129815,-0.020368257568523986
2021-07-26,0.23027977372710265,0.2553882126325079,0.11280703800904998,-0.02280728246425377
2021-07-27,0.2238128120357194,0.24182933638044077,0.09295443403537987,-0.012653625453462212
2021-07-28,0.22308140866834006,0.24133355135412635,0.0943273622584566,-0.011631216494391772
2021-07-29,0.2224658242965556,0.24094090937215096,0.09299674777494393,-0.01116929007463536
2021-07-30,0.219041724884968,0.238527019965317,0.0895004099251695,-0.008180612756307099
2021-08-02,0.21967689410255453,0.23736897742701044,0.08883946001521612,-0.015477366752176843
2021-08-03,0.2181051772826301,0.23751666740636215,0.08902601188741038,-0.016388182262691037
2021-08-04,0.21603818520303253,0.2374593267126747,0.09156868422648905,-0.014551288860136857
2021-08-05,0.2154173840599489,0.23802755164913364,0.08792056423129092,-0.01207286406614671
2021-08-06,0.21557338400752918,0.23680528431531422,0.07946672615435214,-0.01854508550469747
2021-08-09,0.2131580092498964,0.234758751681113,0.06610512967666447,-0.02220163534749145
2021-08-10,0.2128543291284025,0.2361591292245475,0.06632170999762932,-0.020530733246111637
2021-08-11,0.20978173027028765,0.23211612541794088,0.048862047235434865,-0.02594383289945035
2021-08-12,0.2089163481625248,0.2316711134811808,0.049007603053359744,-0.02482507004204637
2021-08-13,0.2087989957228926,0.2316220046364697,0.05552048969698912,-0.012340790335625141
2021-08-16,0.20795890033788694,0.23139065330831662,0.05320514057403628,-0.01381038967667135
2021-08-17,0.20944726936335706,0.23135987242915765,0.04765023873177356,-0.01474170679218681
2021-08-18,0.20954544999889416,0.23305761938047645,0.0499427804863934,-0.012835932374284464
2021-08-19,0.20850122290587156,0.2326211607360711,0.043212771822236304,-0.011607292510377098
2021-08-20,0.21072119183159424,0.23480076966689442,0.04333079344809262,-0.0114757461692359
2021-08-23,0.21108646528270733,0.23541877294624683,0.04092321021231549,-0.009531355867263098
2021-08-24,0.210313093287625,0.23436866813724333,0.041383917775201,-0.006097701526778833
2021-08-25,0.21156575395240956,0.2363954471579797,0.04080075521320853,-0.010704941188690191
2021-08-26,0.2139382263086166,0.238560394729634,0.039868654031631715,-0.012038829827192312
2021-08-27,0.21624203171294937,0.23964928077716455,0.042676443563631046,-0.012992342124523616
2021-08-30,0.2140373987258727,0.23583876544509283,0.0429252823360525,-0.014250538868430085
2021-08-31,0.21442595975437642,0.2357912238450438,0.04271997380748019,-0.014318314930805843
2021-09-01,0.2132434329723481,0.234733953167585,0.04256236467583837,-0.01593220988240847
2021-09-02,0.22085654694803086,0.23813715338591718,0.036813481137525944,-0.010553373421988367
2021-09-03,0.1945975755913248,0.21251078627293163,0.030234728932623717,-0.007693614086351391
2021-09-07,0.1987789006282522,0.21383643223740614,0.04133463653747976,0.0017944060109104764
2021-09-08,0.1922086557781588,0.20738813174495352,0.04119481143835836,0.0030227934506904023
2021-09-09,0.1931602840112459,0.20874218245196205,0.04091712628229058,0.003010433454956912
2021-09-10,0.19841720983376906,0.2124417597186936,0.04259837072051698,0.00619404626095855
2021-09-13,0.19832062300275244,0.21250536212626345,0.04242633593803146,0.005929638046510271
2021-09-14,0.1939390188297083,0.20975817154290144,0.04334282675643989,0.010909479357271967
2021-09-15,0.19464120424076473,0.2103897071707694,0.04261384576301764,0.010464132914539646
2021-09-16,0.19556266819470888,0.21231975107958428,0.04479275728958495,0.011386901165531612
2021-09-17,0.19636616377040694,0.21309989742551844,0.04458048715217165,0.012515106908375064
2021-09-20,0.20962793713678904,0.22430744979289874,0.03787954161001279,-0.000543242532532743
2021-09-21,0.20568017118420684,0.2245815270631806,0.02623541060773336,0.0025003059614638265
2021-09-22,0.2100378730858032,0.22781049493164088,0.024288634920609013,0.006440327441898058
2021-09-23,0.2073051654352214,0.22476366914744392,0.015881502207652862,0.0017962211465538855
2021-09-24,0.20648737884855664,0.22389903230558214,0.014889899800193913,0.004882017352057342
2021-09-27,0.21021438969775177,0.2282136910879516,0.014185165636086372,0.0055975616903491225
2021-09-28,0.21646556734740632,0.2339366609858312,0.01745712547144819,0.010591497735079837
2021-09-29,0.2171203110230782,0.2341203727506606,0.016803100634723976,0.010631150784892502
2021-09-30,0.21090424868097357,0.23275421470862165,0.023336845302198865,0.009677789113618721
2021-10-01,0.21929288742921796,0.2371381578922359,0.02692032927591377,0.017798090062729623
2021-10-04,0.2159683275860242,0.23418630405236399,0.027403441129765227,0.01715112177715374
2021-10-05,0.21836442012374477,0.23637065318435407,0.025273425684835375,0.015973868970845465
2021-10-06,0.21737864386570144,0.23594027019966973,0.024492176739812764,0.021175247942054203
2021-10-07,0.21615835787317553,0.23462830832256076,0.025966916666563762,0.024505551570126096
2021-10-08,0.2155146158657541,0.2343611799701431,0.025455245523054903,0.023942055118337725
2021-10-11,0.2101039173369877,0.23032777198314178,0.023900854682088434,0.022682984899277486
2021-10-12,0.2072920544581338,0.22689591623125124,0.023335700071054476,0.015791231692214202
2021-10-13,0.20668896626149258,0.2274255412026394,0.023366086640902967,0.018707352870232365
2021-10-14,0.20371141665786138,0.22519146208294558,0.023370147713143063,0.018536054400377658
2021-10-15,0.20679980194099665,0.22675595606005086,0.014486328341221598,0.01496041608313444
2021-10-18,0.20650215993364965,0.22566210434282738,0.013894149583288754,0.014374858879254646
2021-10-19,0.2139422763478349,0.23111304806151028,0.014519760048267315,0.011697331575597901
2021-10-20,0.21419752266801986,0.23068275259620444,0.015632489658649534,0.01115548918675034
2021-10-21,0.21541955060271795,0.22945934811471252,0.011552903312271318,0.013697010455690058
2021-10-22,0.2158525494705679,0.23104967813413102,0.010145303141250525,0.010620990997142882
2021-10-25,0.21705367204559864,0.2325497965662036,0.01190681446945965,0.010865067807606503
2021-10-26,0.21987029028907357,0.23274074577527565,0.014881607761689206,0.00650408469780032
2021-10-27,0.22347617272073284,0.23098441173964795,0.013097588490993848,-0.0025752033927892567
2021-10-28,0.22182069960348055,0.22861446451741416,0.008438162884865544,-0.0030481904379862684
2021-10-29,0.22195808494647884,0.2292946926620498,0.007260037178606122,-0.002006450242796059
2021-11-01,0.22281493997904822,0.2314873998383101,0.006009437069885541,-0.00017044234011891863
2021-11-02,0.22472079152613167,0.2318886519904898,0.006124080507887846,0.0016001319547290168
2021-11-03,0.2224251806823135,0.22941920187879247,0.0057978628743594355,0.0038341877309105397
2021-11-04,0.2230774745582786,0.23140197763553827,0.0027641091816430203,-0.0005363936755060967
2021-11-05,0.20907041031029974,0.21835753616938067,-0.01734921257524594,-0.004076443573408885
2021-11-08,0.20703952283764723,0.2148316885290008,-0.013926937768426979,-0.006495898605933367
2021-11-09,0.21112326904196216,0.21382062378327435,-0.023929429649750103,-0.01292928552266564
2021-11-10,0.21352323355543548,0.21691844050288298,-0.02705745389365666,-0.0070608432793026876
2021-11-11,0.2126565839572295,0.21550948681349572,-0.0266800005266801,-0.007656254264945998
2021-11-12,0.21534808674903966,0.21542588478236122,-0.028612219956909136,-0.011800798605678604
2021-11-15,0.21716435066412296,0.21599508975390755,-0.028170602865874212,-0.0099206843286831
2021-11-16,0.21371052393097215,0.212092831152236,-0.024277573266432578,-0.008230176872846164
2021-11-17,0.21771478983115924,0.2141776865705343,-0.022935449679079,-0.011603178927567253
2021-11-18,0.21729160538563236,0.2095805640585321,-0.020970313874311444,-0.014007984798966831
2021-11-19,0.21698019807859945,0.21033521949532194,-0.022005538353690658,-0.01222178684604957
2021-11-22,0.222155223092427,0.2158436662457751,-0.015585259934790508,-0.011545852622272958
2021-11-23,0.2233590682325168,0.21482459915815946,-0.020307972892686193,-0.014499578186767576
2021-11-24,0.21932644400384457,0.21187021100163514,-0.015561941518374735,-0.015571385990266143
2021-11-26,0.22697584702055376,0.21883043829872403,-0.014885600847442525,-0.028353288398078824
2021-11-29,0.23658560406516482,0.23415939454724866,-0.024078817879563095,-0.025409152145193167
2021-11-30,0.24901540789948284,0.23810960466651837,-0.014840158954440819,-0.0269843831348305
2021-12-01,0.25412083247577544,0.2420228955545555,-0.0060458452535724315,-0.03371163857264676
2021-12-02,0.24946626754479395,0.2409856657425529,-0.0061937096366742215,-0.03284304882484315
2021-12-03,0.2536877194697193,0.2465005156360851,-0.01103191957788425,-0.03944551089395727
2021-12-06,0.24944688577135973,0.24384062573030596,-0.010783692896972535,-0.037517166189542324
2021-12-07,0.246601853006438,0.23938117787989843,-0.013818188781377567,-0.039095993521543505
2021-12-08,0.24789306504492223,0.24042046119947805,-0.012235270119343708,-0.035214724768872996
2021-12-09,0.2529745810920076,0.24914063374434356,-0.007786800172362019,-0.038072813901890004
2021-12-10,0.2510313572844496,0.24828485558146535,-0.00867659865029905,-0.036164265409249614
2021-12-13,0.25148117574326767,0.24870899416563588,-0.00876083546458589,-0.03755829650122462
2021-12-14,0.25586144757180546,0.2469969545027226,-0.005133103878548774,-0.03602151897163196
2021-12-15,0.2608799477602423,0.2516123367912281,-0.0038827116345577337,-0.03959792091391237
2021-12-16,0.26408779337598376,0.2530842386453195,-0.012055839028169847,-0.037817854331140884
2021-12-17,0.26481662802423594,0.2525683900328298,-0.017955767414731358,-0.039896058541497116
2021-12-20,0.2632280595258747,0.25168694624281224,-0.018198263268259088,-0.040285980919158214
2021-12-21,0.26657723836060176,0.2552523307388519,-0.018789910558027235,-0.040908147307826326
2021-12-22,0.266391157482217,0.25378890908687984,-0.016939542067468803,-0.04328306602962729
2021-12-23,0.2679695492665799,0.25425411393037844,-0.01439138283504861,-0.04804069894859542
2021-12-27,0.2653555859325493,0.25227722152857596,-0.015204639731455936,-0.04886104533164388
2021-12-28,0.2600107545314791,0.24940456626673532,-0.008392089416669324,-0.047875682838269006
2021-12-29,0.26007702325267024,0.24950072254119215,-0.008590349446003488,-0.044910954016203736
2021-12-30,0.25982582781525965,0.24994572579286511,-0.011452601030509615,-0.04502044130695177
2021-12-31,0.26041712032104497,0.2507386445288832,-0.012931440056268107,-0.04545770737387496
2022-01-03,0.2786616405151924,0.2641266195943254,-0.03439180677222284,-0.04421732250140368
2022-01-04,0.27642239516467876,0.26267318175277965,-0.03736765221002198,-0.0398674188960021
2022-01-05,0.28076629838540096,0.28069419273486373,-0.023872644126045752,-0.02250867591355221
2022-01-06,0.27421162429148394,0.27297232006544825,-0.021233249029591367,-0.01746057013673864
2022-01-07,0.2743454657971723,0.2731602351845202,-0.011981788295235342,-0.013902225799632989
2022-01-10,0.26857013437055527,0.2637462887762724,-0.014444893467598526,-0.0158416277389325
2022-01-11,0.26979735883991024,0.2645977714015681,-0.00884217092916477,-0.014879881795575433
2022-01-12,0.2706302078381766,0.2631785869158899,-0.003963026554941604,-0.0266691444373393
2022-01-13,0.2764360246367488,0.2692693868240987,-0.0026205412253018055,-0.025208940901383477
2022-01-14,0.27263572574455863,0.26681918947906164,-0.01075594238052986,-0.024217707539962184
2022-01-18,0.27539685096267597,0.2706706132830603,-0.008538702768355718,-0.020936043519625795
2022-01-19,0.2798127189278268,0.27622866378890587,-0.008544277649097308,-0.021853707435305274
2022-01-20,0.28673135081578055,0.2902179364171653,-0.008793648594232858,-0.03278326214381728
2022-01-21,0.30650668421096794,0.30842258490669966,0.00034163263169093255,-0.04687785512096609
2022-01-24,0.3074521303392832,0.31004675135078236,0.0007530915641975174,-0.0448928083017593
2022-01-25,0.3053214978239292,0.3064591665325774,0.0010906876041638436,-0.0449062291689893
2022-01-26,0.2947709369430259,0.29745204528622005,-0.002557650514606929,-0.04264126321757121
2022-01-27,0.2891906557012357,0.2952886984450618,-0.00437796929647638,-0.03658673963295591
2022-01-28,0.29713695663043344,0.3006291865794278,-0.004777290139492984,-0.03520099232283964
2022-01-31,0.30384085416461953,0.3072223661937581,-0.0013426635064463688,-0.035704281074941405
2022-02-01,0.2983636607037142,0.3027148891924955,0.005934304665583749,-0.03252011807597336
2022-02-02,0.2934559478784762,0.30190634312879333,0.004944630160104209,-0.029631298129628263
2022-02-03,0.29018805210767235,0.2955135071778195,0.0013867899115863644,-0.030313472206982262
2022-02-04,0.29050736777048897,0.30088118029125105,-6.659913769793087e-05,-0.0434557909392342
2022-02-07,0.2855277915456231,0.29964903771112555,-0.018711298174647218,-0.05423206296644137
2022-02-08,0.2855994444465999,0.2996370730557051,-0.018718082142252165,-0.054582593102658325
2022-02-09,0.2845948314517733,0.2982342721016255,-0.017204271054325003,-0.05227472782727258
2022-02-10,0.2859436772316487,0.29806346469197914,-0.010240153213848682,-0.04596307657828464
2022-02-11,0.28885153043850614,0.3006159765507407,-0.01604583438104941,-0.050963277909830136
2022-02-14,0.2894764367274942,0.3017840725986284,-0.01034389904506243,-0.046315696320150854
2022-02-15,0.29566460933866867,0.31028417052225915,-0.007746175552772491,-0.055257140353580425
2022-02-16,0.2952699965419149,0.31008121915511966,-0.009307877507751815,-0.05643161156238041
2022-02-17,0.3111631022825265,0.3260971123578214,-0.02413590704899865,-0.05182937989870402
2022-02-18,0.3099168386315775,0.32403630736271666,-0.019350196717905797,-0.05532245905203561
2022-02-22,0.31714976748760315,0.3271708552857631,-0.023178331106411133,-0.05976991366164439
2022-02-23,0.3181047045116519,0.3283229169215443,-0.024187075302353984,-0.0548162184058013
2022-02-24,0.31282251397251276,0.32293428714035266,-0.037791908133894346,-0.06373584681009888
2022-02-25,0.31338495293886554,0.32487589688304436,-0.04396773673153835,-0.05977323435977227
2022-02-28,0.29564893357704825,0.3135064397436565,-0.030507233815256288,-0.026895005716550405
2022-03-01,0.2878309057412373,0.30760271959732016,-0.023558884190505003,-0.023735652052739146
2022-03-02,0.2918103224096886,0.31873428623444494,-0.01666542341130446,-0.014928644439564435
2022-03-03,0.2896407800839695,0.3179405876501231,-0.023403240623484853,-0.020866835876469526
2022-03-04,0.29533834987590796,0.32360865185931476,-0.03646649942127172,-0.03386010395208557
2022-03-07,0.30205871314619287,0.3438785080615875,-0.032520895674157536,-0.026627726851591062
2022-03-08,0.2952492153222529,0.3364621958032758,-0.03827704971278552,-0.03528850416528833
2022-03-09,0.3092351196517979,0.3507873913236917,-0.06539627844793906,-0.0434658075527198
2022-03-10,0.30879044104678643,0.3512539649158004,-0.06633715769262453,-0.03252882717431888
2022-03-11,0.3095642239038363,0.3514397163548834,-0.0650020994833827,-0.034968589828043344
2022-03-14,0.309021234986241,0.34896712864500395,-0.06738513751557698,-0.03835671665658651
2022-03-15,0.3042777701935567,0.3426171305910128,-0.06522435773564626,-0.0376114715453446
2022-03-16,0.3094075552422269,0.34765494373193023,-0.06495091317439117,-0.030481094623604203
2022-03-17,0.3071498425380693,0.3472276240054815,-0.06630143678596787,-0.031865727535834304
2022-03-18,0.30862862080774367,0.3482160546113475,-0.06852940869916549,-0.029814151654507928
2022-03-21,0.31504841904150566,0.3596885159804473,-0.0713013421975776,-0.01883195539499254
2022-03-22,0.3180395320267782,0.36216084532810805,-0.07343537319493104,-0.022930097514930588
2022-03-23,0.313692164615304,0.35724132550937904,-0.07033920272202819,-0.018216297261178648
2022-03-24,0.31671249476958235,0.358569457213391,-0.06942253416747696,-0.021544411087765575
2022-03-25,0.3101604288141263,0.3542904451276485,-0.07172632294857456,-0.020547065060002773
2022-03-28,0.3137705696308154,0.35952086695341084,-0.07730076306913775,-0.01162314983425377
2022-03-29,0.3144222568067005,0.3602380321176896,-0.07427115980167308,-0.012121433645398461
2022-03-30,0.31471277956764604,0.3612404461225518,-0.07525108027577698,-0.012754465169529007
2022-03-31,0.31797061059966736,0.3638778490472129,-0.07582153251464924,-0.01404889225231862
2022-04-01,0.31966229517379835,0.36521335573177366,-0.0768871537332087,-0.013473461038021873
2022-04-04,0.3196605833938544,0.36442426833184666,-0.07546030909472437,-0.012996559141341785
2022-04-05,0.3218051215562533,0.36664184838054,-0.07509423736623722,-0.010386998902273788
2022-04-06,0.32431427749918074,0.36963407116475616,-0.08073787125240875,-0.009758540190698538
2022-04-07,0.3248691511283061,0.36988609796506117,-0.08069403341921517,-0.010273341470317459
2022-04-08,0.32565575994222706,0.37206001039150016,-0.08044643455849139,-0.007445760399915736
2022-04-11,0.3325774583575429,0.3757671274408382,-0.08780832297059488,-0.002465206779423567
2022-04-12,0.3316706877727872,0.37530866157691123,-0.08676316849370998,-0.0027614898712490774
2022-04-13,0.3337341313676292,0.3775184326342221,-0.08670014228145104,-0.0028163522825331677
2022-04-14,0.336836730384311,0.37994146273242557,-0.08396597096673918,0.0007132600338054594
2022-04-18,0.33528310603197115,0.3777292593212265,-0.08731224053764523,-0.002392767390026867
2022-04-19,0.33737154701332467,0.3790700224724335,-0.08999300003770327,-0.004156644432217585
2022-04-20,0.34262669775485144,0.38211907145548096,-0.0858716924999856,-0.0036399974153215643
2022-04-21,0.34135256163012057,0.38096965932349797,-0.08811346987190519,-0.0005255442862168516
2022-04-22,0.34282483155523913,0.38319271209738137,-0.08637184828419073,0.0003020903604171848
2022-04-25,0.3436177263746466,0.3828969825460829,-0.0908270786024615,0.002592395682056419
2022-04-26,0.3520535645710803,0.3909159947010325,-0.09075873197546887,-0.001560790469019324
2022-04-27,0.35241462316308,0.3903197173004995,-0.09292715407307152,-0.0049647903993114625
2022-04-28,0.35281332536327226,0.38913518669383573,-0.09325331095275421,-0.005256119022429494
2022-04-29,0.35995798370947896,0.3951917276182251,-0.09061259438311757,-0.003934950019900942
2022-05-02,0.3598641995809726,0.39376430131538875,-0.08866414692751529,-0.0035945219419348143
2022-05-03,0.35701187580760013,0.38878167627995613,-0.09506841520433099,-0.00037304642171659484
2022-05-04,0.3659954431622223,0.39882553877817045,-0.09308973437392208,0.0009861633001177663
2022-05-05,0.38099732360373884,0.4125196702949554,-0.08678236958544701,0.020403473771033687
2022-05-06,0.3807585870761724,0.41239792715530216,-0.08889267970163603,0.022787538416040233
2022-05-09,0.4051029585516242,0.4323661124514653,-0.06150161314021254,0.006868146537753282
2022-05-10,0.40715698194673183,0.4336177024891652,-0.06361416319924947,0.009767623594489468
2022-05-11,0.39928833505899053,0.4297389261710001,-0.08401233827635278,-0.013583088911115765
2022-05-12,0.39901020928480735,0.42934787166167415,-0.08486832582734836,-0.013873770767407197
2022-05-13,0.39797234410070886,0.42736881566761203,-0.08611130822970463,-0.015410561845955597
2022-05-16,0.4010085352372358,0.42796283094500603,-0.06978725315471807,-0.01754779933300236
2022-05-17,0.4009213000514811,0.4279957597791489,-0.07068496355564308,-0.019762991365524053
2022-05-18,0.4129243485959166,0.44415473353936513,-0.0711147239397071,-0.03336860390973092
2022-05-19,0.4046421911328269,0.43503922244895066,-0.06755376839775885,-0.04040825669470972
2022-05-20,0.4066612369546903,0.4358941406605059,-0.0678294733358391,-0.04166779123946271
2022-05-23,0.40188336009045117,0.43223925398146884,-0.06882054671308577,-0.04252930591421957
2022-05-24,0.40004273545391883,0.4280947639697616,-0.06648136313660641,-0.03800019241242657
2022-05-25,0.3991723930497628,0.4268312430939877,-0.0658406612082836,-0.037870217969541466
2022-05-26,0.3952995810427954,0.4221155458025743,-0.06556392132346951,-0.03822028031853608
2022-05-27,0.3903073973143682,0.4177036459266117,-0.06306371401891576,-0.03972000660032223
2022-05-31,0.3801517811301299,0.4112166270035653,-0.07304139967991201,-0.05949451317961739
2022-06-01,0.38225382376631684,0.411938588180003,-0.07842979398471024,-0.05958212938320915
2022-06-02,0.3856817432712269,0.4167909042624362,-0.06676634101933104,-0.05821819498909798
2022-06-03,0.3935830653606758,0.4267804994697847,-0.057291147678196014,-0.050641040301527294
2022-06-06,0.3964648057077516,0.4321776901872271,-0.056193487477147495,-0.061611703515528665
2022-06-07,0.39532129866518406,0.4315030667802361,-0.05678496464400809,-0.062077256294406725
2022-06-08,0.4045254496202723,0.4385028465942556,-0.0549261270859595,-0.07079881249202284
2022-06-09,0.40277195489727924,0.4382743346583398,-0.05400205946749758,-0.06992021121155358
2022-06-10,0.4053376478877681,0.44054109749163084,-0.056812954951587995,-0.06797659772357789
2022-06-13,0.44139956167931355,0.46676277851776715,0.0134563617007344,0.0002213101559399246
2022-06-14,0.44161974372380985,0.4668559776024238,0.014581199795496247,0.0013519968782670325
2022-06-15,0.44148807240443017,0.4673639937429457,0.008350646027402386,0.004309633274431415
2022-06-16,0.45429279063350053,0.4795745046117941,-0.004840116803438802,-0.0019923520768062855
2022-06-17,0.45130361866675806,0.4789715503563067,-0.008894679586163304,0.00799221352590428
2022-06-21,0.46982296267036644,0.4895209782945988,0.005222608509490353,-0.009280852390951956
2022-06-22,0.4690142438627899,0.48829077500866946,0.005071274130000825,-0.018178257220606203
2022-06-23,0.4720608131399534,0.49117064435722463,0.0016290348216111677,-0.01324510013576468
2022-06-24,0.46695810858307746,0.4879069596056179,0.0017620286840352942,-0.014682956709284255
2022-06-27,0.4735213757396017,0.4919354941026579,0.005054266816576195,-0.02038790945284758
2022-06-28,0.4766393998590438,0.49058719076425683,0.00566529967513073,-0.030193501099038664
2022-06-29,0.47733322282366264,0.49050528286842965,0.010762860190165782,-0.032099143308610724
2022-06-30,0.4781535109935745,0.49102418630936784,0.012869574180283217,-0.032291338648805804
2022-07-01,0.4779559835026051,0.49065157851048113,0.014628298344906608,-0.03432837960239847
2022-07-05,0.4772763380764832,0.49295959332236283,0.0024047962126774536,-0.031239879908753508
2022-07-06,0.477731427266357,0.4931821353518402,-0.0014092718477195407,-0.03496066652846336
2022-07-07,0.4813763153858078,0.4967592911346904,-0.000594184860896969,-0.03768638540889655
2022-07-08,0.48048750873680696,0.49647606371300923,-0.0007260726025609298,-0.036942130994663674
2022-07-11,0.4817844400682108,0.5001559190285955,0.00267781823252183,-0.04572541366245258
2022-07-12,0.48357935681685105,0.5015815024574078,0.0036527138800227493,-0.047518361672828545
2022-07-13,0.48045750326388664,0.500184481482645,0.0063053008641727505,-0.043200222071201604
2022-07-14,0.4799451050251278,0.5003437713032223,0.0030172053597718276,-0.044886326314469205
2022-07-15,0.4793988800551262,0.5000220115369607,0.002900786505941249,-0.04113874758814491
2022-07-18,0.4709634440215354,0.49286076868537054,0.002801670760800274,-0.04728929286421303
2022-07-19,0.47322130657937833,0.4951336838346099,0.0041814053498690044,-0.04548378069155162
2022-07-20,0.47785641304426646,0.49681635591507284,0.004449372466222303,-0.048186611404664716
2022-07-21,0.47580207512635303,0.4958482801103592,0.006924371752523441,-0.040997089041576874
2022-07-22,0.476332233634753,0.4963672911387075,0.006238411940394631,-0.04426141230774143
2022-07-25,0.472299445226141,0.49475504222724304,0.0090705179056926,-0.03768174100304217
2022-07-26,0.4762484540592608,0.5000376253063624,0.011915493399138683,-0.036178406823208484
2022-07-27,0.48789503036284976,0.5143139289388184,0.019609671091572172,-0.04499550937715551
2022-07-28,0.49000403150672617,0.515105097648878,0.023960242681241722,-0.04191754464469317
2022-07-29,0.48873341261957703,0.513875217459155,0.02384496533530104,-0.0418641856361257
2022-08-01,0.49272181679775645,0.5170623462300652,0.0274637808334626,-0.048302137786633816
2022-08-02,0.49472519022850436,0.520164281805189,0.027537684885146085,-0.04024735895538302
2022-08-03,0.4950196244705764,0.5183023838286217,0.02726033550317448,-0.040445222389538966
2022-08-04,0.49769493937487597,0.5186310318254491,0.025547349513573174,-0.04160209837540379
2022-08-05,0.49615168653812053,0.5161997254110797,0.023088521585788845,-0.04606929919183201
2022-08-08,0.4963683610187755,0.5179870021691851,0.038822658050227464,-0.03621897787771709
2022-08-09,0.5010882772821758,0.5219042748992724,0.05512438197044003,-0.033778471845379104
2022-08-10,0.5035213914257077,0.5237299236203686,0.05403284553428215,-0.035958654575800976
2022-08-11,0.5035263526540754,0.5235931880483379,0.053948243257828495,-0.036069919707844025
2022-08-12,0.5050068865476314,0.525086633925857,0.05588163086870524,-0.0343240485927174
2022-08-15,0.507021425634635,0.52647738213294,0.045462161742727804,-0.04559561131294708
2022-08-16,0.5082284979075615,0.5274200756958783,0.047684298105303995,-0.04502726385581885
2022-08-17,0.5081579749977447,0.5274515284119303,0.04872397733053782,-0.04315395359318812
2022-08-18,0.509083756541593,0.5278850558519655,0.048781820829848804,-0.0433817651006652
2022-08-19,0.5127286415538935,0.5310604099594418,0.05755105932876865,-0.033509069312889314
2022-08-22,0.5045222204845589,0.5236265412280849,0.05530406863327104,-0.03497129861907597
2022-08-23,0.5043758642264664,0.5238318533950808,0.05521517188769389,-0.03529722333608516
2022-08-24,0.5053729080127062,0.525149850087444,0.05500534507340411,-0.03711823520823975
2022-08-25,0.5053724303108524,0.525392423801576,0.0576803572516046,-0.033797086892835504
2022-08-26,0.510721358902021,0.5305703801490567,0.06573315696331479,-0.036713094024441346
2022-08-29,0.5089293734034597,0.5291722135916546,0.058364996497446434,-0.04017939151154856
2022-08-30,0.5119827971281942,0.533538248984307,0.05834349391981843,-0.0397144563206492
2022-08-31,0.5108027439208416,0.53291364663132,0.05685950830420269,-0.04054188137669951
2022-09-01,0.5114835837382726,0.5333471151061692,0.0561141092961032,-0.04222390888923353
2022-09-02,0.5110993307814891,0.5331883436831856,0.05583304125624354,-0.04307917169538573
2022-09-06,0.5107704739823391,0.5329669233362058,0.057070466226134195,-0.03095915676589356
2022-09-07,0.5128344734581226,0.5371503439780824,0.04754524515420351,-0.030946139500981913
2022-09-08,0.5128008293285543,0.5371089391506937,0.04688210070379716,-0.03046131100073453
2022-09-09,0.517086489199833,0.5413116439064659,0.05227865340896295,-0.02812094511131559
2022-09-12,0.518006043513829,0.5421475270433095,0.053303893055447436,-0.03278483718744409
2022-09-13,0.5298151386234643,0.552870548767455,0.0650452700103586,-0.03528302149047478
2022-09-14,0.5330283926001539,0.5546568106565368,0.06171524784678853,-0.040858910734622556
2022-09-15,0.5331089376198813,0.5549825503905703,0.06754521738562705,-0.040487587964853265
2022-09-16,0.5324623581374371,0.5547727976034555,0.06742157201173317,-0.04097926004078593
2022-09-19,0.5315443103138809,0.5540623589594059,0.06720448776613358,-0.041478280245736784
2022-09-20,0.5288063682014926,0.5515767614201864,0.07700770166664711,-0.029457945518890864
2022-09-21,0.5300758848492385,0.5538122495429239,0.08001421181825116,-0.03158662838352334
2022-09-22,0.5241787633626884,0.5488326398643901,0.08295472740455567,-0.045458874973494996
2022-09-23,0.5217584087400579,0.5476369033818224,0.08745031198456928,-0.04021923589613894
2022-09-26,0.5232150656296033,0.5492634199192443,0.08703505070813781,-0.04298627282748578
2022-09-27,0.5231622705754613,0.549040090345727,0.08726305324102179,-0.04210965253269377
2022-09-28,0.5222768612411989,0.548562275413658,0.08806179611551679,-0.03934093262481375
2022-09-29,0.5185120383815152,0.5448157875953723,0.0888279059151037,-0.04000107317480309
2022-09-30,0.5249395430779009,0.5471753268433521,0.07871977197016733,-0.040067908016303416
2022-10-03,0.5215583002280729,0.5497600694663807,0.07909073956150607,-0.0466200602467864
2022-10-04,0.5270529392378575,0.5561348616620517,0.0835656092148419,-0.0468164093374489
2022-10-05,0.5255104271362029,0.5546798930143667,0.08676003215392715,-0.04300321049513278
2022-10-06,0.5268820477821005,0.5560105929414801,0.08511137093286558,-0.04743491906238655
2022-10-07,0.5284422959541186,0.5568520425708473,0.08559999707429335,-0.04814505472649213
2022-10-10,0.528927227309373,0.5574202305977572,0.08794347861960339,-0.04567303699983138
2022-10-11,0.5352471776164135,0.5627195434355842,0.08976611529878065,-0.04524835735372632
2022-10-12,0.5350297903950197,0.5627554427296961,0.09146106030873465,-0.04171776374914572
2022-10-13,0.5336580260670958,0.5621343580165715,0.08547952225009695,-0.04534511930868269
2022-10-14,0.5334167026879874,0.5614565343219361,0.0860117523693147,-0.04503785678181732
2022-10-17,0.5334799175588063,0.5628928202361148,0.10160533566062158,-0.043129899558455316
2022-10-18,0.5319040970623587,0.5621023379430363,0.10168428795810151,-0.043922314658456064
2022-10-19,0.5310421781772655,0.561677140899355,0.10082125024128569,-0.038946576097901815
2022-10-20,0.5305124337919559,0.5623422282786656,0.09799108363642028,-0.03745329486526189
2022-10-21,0.5321776246971044,0.5659004376014468,0.09923996618222768,-0.03870449811352481
2022-10-24,0.5325895271698261,0.5658157048242166,0.10040786012174559,-0.03733044993849468
2022-10-25,0.5345031677641464,0.567083100663063,0.09832071355828846,-0.026150316323182335
2022-10-26,0.5329325976289857,0.5625918905926062,0.09803104570291765,-0.018148954249314515
2022-10-27,0.5330578389756243,0.5642713138845564,0.09928250624808345,-0.015679184056884895
2022-10-28,0.5317692897068557,0.5631118922503666,0.09709114252445657,-0.015905609713377036
2022-10-31,0.5317158070804491,0.5626602611939534,0.10008597180941438,-0.01699811729279443
2022-11-01,0.5320061482504272,0.5628880416476615,0.10127739546952721,-0.01746607341830906
2022-11-02,0.5308990788154511,0.5617272486428446,0.1031010434413035,-0.019183374550533566
2022-11-03,0.5302511308754065,0.560580151245198,0.10295391895348728,-0.01942345994848496
2022-11-04,0.5338137684005535,0.5648307908329349,0.12024189317890234,-0.023580406388933765
2022-11-07,0.5315383800633074,0.562636896229095,0.12181844315644368,-0.02184595147468706
2022-11-08,0.5280651726430701,0.5600459951585033,0.09160027129317577,-0.031734033391937484
2022-11-09,0.5321207227787601,0.5606203245949554,0.09674185623276281,-0.036142324335715174
2022-11-10,0.5492325831994079,0.576555852941553,0.13185883408287902,-0.0030957399127993857
2022-11-11,0.5465125841796746,0.5724293578195031,0.12960042448225426,-0.002628917601830838
2022-11-14,0.5477173139103945,0.5735868059409495,0.12922431183954752,-0.002653053523146502
2022-11-15,0.5482830715972262,0.574180648715747,0.12983653139323864,-0.0002606780274254441
2022-11-16,0.5514331994178047,0.5779579517327378,0.12692149567191724,-0.0022540659675245574
2022-11-17,0.5514471161992568,0.5778942851488182,0.12590488465905725,-0.0031848889033214635
2022-11-18,0.5546696396559138,0.5831077115942155,0.12425245842059662,-0.0012976487232538307
2022-11-21,0.5545808230235598,0.5830822734296817,0.12875162289169315,-0.005809624001236957
2022-11-22,0.5558239187303419,0.5834579409058613,0.12424917140008206,-0.004415406655924539
2022-11-23,0.5564917362327069,0.5850729139687961,0.128707109506525,0.0027036289200467346
2022-11-25,0.5571211378233808,0.5856850392255691,0.12857206553813824,0.0052086320558468535
2022-11-28,0.5546568847893217,0.584414400561216,0.12913486371331723,0.014055336064624386
2022-11-29,0.5528309083579552,0.5805920805578019,0.13219225178405125,0.017081926986794303
2022-11-30,0.5568933949688578,0.5835968377233978,0.13723562914843593,0.021699110977503724
2022-12-01,0.5580329232260905,0.5848539067964007,0.1344257699352004,0.01891123030998206
2022-12-02,0.560034862616482,0.585181900384111,0.13352774453404864,0.020243799876160106
2022-12-05,0.5581330940453711,0.5832523518721,0.13782782973367738,0.025473719441669523
2022-12-06,0.5629380570646926,0.5855671911857562,0.13721200658513252,0.02154127180605052
2022-12-07,0.5643448635495057,0.5875441775382563,0.13577540735943977,0.019648138884105788
2022-12-08,0.5650112018369635,0.5883327993256144,0.13588342573533993,0.019305062746606077
2022-12-09,0.5648464482963376,0.5873325439095977,0.13293220597526553,0.022474056040442822
2022-12-12,0.5653217869739207,0.5880312395775047,0.13238139067093171,0.022665707764891598
2022-12-13,0.5659582251125479,0.5888384041851924,0.1379750455595023,0.02668982752964187
2022-12-14,0.5657937950420501,0.5888149295754906,0.13812387599109657,0.026890096309743546
2022-12-15,0.5637943181564656,0.5864538621427547,0.13922742855088024,0.029567228872770385
2022-12-16,0.5644439460649358,0.5862170026827639,0.13859459859187237,0.032729550428394504
2022-12-19,0.5637750863335693,0.5863246835799694,0.13835584271381773,0.03651212209879035
2022-12-20,0.5653469247696288,0.5868550921483442,0.14364289963039276,0.033198314166602405
2022-12-21,0.5615370236994113,0.5837398166066649,0.14430813299722875,0.03415498718080189
2022-12-22,0.5610006491076757,0.5824248484965833,0.1438839297740027,0.034337732701111116
2022-12-23,0.5605321375487226,0.582192951676111,0.14321138134023148,0.03697569845657352
2022-12-27,0.5615004757377032,0.5826584065466162,0.1428886338465291,0.03697878700391996
2022-12-28,0.5635153662617954,0.5840806334395539,0.14119620597706725,0.03620964248807925
2022-12-29,0.5634250833373209,0.5836832820034841,0.14159445785855582,0.035513628990522274
2022-12-30,0.5639297832883882,0.5841065709623103,0.14038163593876826,0.034014645536756836
2023-01-03,0.5636407700703429,0.5836399361770267,0.14209365337011198,0.03550190946201149
2023-01-04,0.5638960148039432,0.5838406688560088,0.1449527873309279,0.03858352813001845
2023-01-05,0.5633079416052524,0.5830798792584581,0.1450995208148821,0.03843627481673351
2023-01-06,0.5595605736530379,0.5792276843980505,0.1448126795774691,0.03826030204619021
2023-01-09,0.5593647904082301,0.579545342777741,0.14476425405028048,0.03927334158224001
2023-01-10,0.559855216504444,0.5793611375226217,0.1471154050697956,0.035507327830837355
2023-01-11,0.5611021063717336,0.5804943729364591,0.14643699236714441,0.039192424785143926
2023-01-12,0.5597312908146435,0.5791804760197463,0.14946630566152674,0.04613042953422286
2023-01-13,0.5590438699876408,0.5788609666141826,0.15479867828354724,0.04294414052255136
2023-01-17,0.5544815379713808,0.5756132882846364,0.14848378576380034,0.042268616590581
2023-01-18,0.5551626065214057,0.5759040310798549,0.14952638527100592,0.03965369960498693
2023-01-19,0.5536056833609321,0.5744747667435605,0.15181093353304728,0.03736016033702699
2023-01-20,0.5570638592574958,0.5784462935329775,0.15076771126984836,0.028920241139052148
2023-01-23,0.5565320009911177,0.5776797505079798,0.15041491994640388,0.029873319860762502
2023-01-24,0.5525654567002113,0.5735414230064382,0.14824428345191326,0.03892580008072529
2023-01-25,0.5522397117996847,0.5729389911542085,0.1488375988219608,0.03985288149929326
2023-01-26,0.5529242552632162,0.5740841315703039,0.14858012561609352,0.03997225184755054
2023-01-27,0.5529407713790704,0.573927367055123,0.14908340941303497,0.03984607292529812
2023-01-30,0.5533436407309219,0.574407693798481,0.15109223570189115,0.038902900049559604
2023-01-31,0.5537123979815826,0.5748651554339681,0.15223877231875754,0.03966051462439637
2023-02-01,0.554049474934033,0.5759831951990346,0.1539964867787141,0.04281671699602674
2023-02-02,0.5519572354627106,0.5704005636839049,0.1545473214103612,0.0428032969031324
2023-02-03,0.5562240728385978,0.5731146921740861,0.1544783841550651,0.0442952849110112
2023-02-06,0.560236186354185,0.5793568630572903,0.15388441634612834,0.04599033190634056
2023-02-07,0.5673441008578612,0.583246472477961,0.15503823644087594,0.05825389035689158
2023-02-08,0.571258510462582,0.5883074562844581,0.15119460433304585,0.057219231914453265
2023-02-09,0.5718696138207193,0.588380355441119,0.15424139523607203,0.060528210146620666
2023-02-10,0.5721493855826308,0.5890616945127948,0.15392509182540107,0.0607580645778542
2023-02-13,0.5720203475626509,0.5888544396108627,0.15280725333306117,0.05973943469462179
2023-02-14,0.5707678166933686,0.5885854699403786,0.15900808508441827,0.06273752825097069
2023-02-15,0.5664061563115588,0.5853727377018543,0.14688573041845995,0.05639015213063328
2023-02-16,0.5651512323273155,0.583783713787657,0.15237975954073119,0.06306690982861021
2023-02-17,0.5634760713822737,0.5811207939613728,0.15495755677209241,0.06635510341317426
2023-02-21,0.5576042001162965,0.5754594747184694,0.16777162616534608,0.07219719701455898
2023-02-22,0.5574200805906727,0.5751584408963485,0.16811453408171526,0.07253453221999875
2023-02-23,0.5557107876607755,0.5739595246305156,0.16952219367440563,0.07306485199134076
2023-02-24,0.555683448038302,0.5741507489001376,0.17277325143843786,0.07340950530777143
2023-02-27,0.5545875290179794,0.5733558840213773,0.17552764364579893,0.07352592195812116
2023-02-28,0.5539323198534937,0.5724574440843915,0.17565825606831,0.07257572441851216
2023-03-01,0.5623050195135416,0.577148280496331,0.16828784885035794,0.05344945426147185
2023-03-02,0.5663695873275899,0.5801492388919963,0.16411270348951915,0.051027570719267605
2023-03-03,0.5612104454421876,0.5738777062994646,0.15749581458209239,0.03992369845450735
2023-03-06,0.5610228592313061,0.5729214187792758,0.15954864938397598,0.0425810440775502
2023-03-07,0.5611043803606653,0.572313478771489,0.17533633754933017,0.05389639248538889
2023-03-08,0.5600527302309627,0.5707779566799529,0.18055561850557444,0.052213768205768056
2023-03-09,0.5649202200286945,0.5733872691009665,0.16977119224439352,0.05172792067700507
2023-03-10,0.557613271626783,0.566337024066177,0.19927086139151243,0.055712677213269904
2023-03-13,0.5285429440796662,0.5449286912812767,0.23829070010810435,0.05182168876863119
2023-03-14,0.5291148830463788,0.545579078003144,0.2357759862631301,0.04931972129154375
2023-03-15,0.5311279087856074,0.5487075954120567,0.23927463428872622,0.051324545261355305
2023-03-16,0.5359594187988493,0.554063571344912,0.24009542690037394,0.04962028798054955
2023-03-17,0.5189025709810059,0.5422728184941676,0.2594196347551463,0.056730838577560734
2023-03-20,0.5203253433406992,0.5430734227538049,0.2597273019787899,0.05569368220184103
2023-03-21,0.5199818436806669,0.5427305370310652,0.2571725191756722,0.05276355448230489
2023-03-22,0.5216018380740249,0.5436492243190578,0.25180100712483566,0.04690628190676828
2023-03-23,0.5201806116853397,0.5432140944492158,0.2583581021167811,0.05009639616329795
2023-03-24,0.5201027697501381,0.5436975760443798,0.25993512051017403,0.0469768926388831
2023-03-27,0.5187146180826805,0.5428239196105848,0.259134649528037,0.05020200903571473
2023-03-28,0.5184488930522058,0.5426715155818499,0.2597793386495616,0.051410036856173374
2023-03-29,0.5200464648391517,0.5426774384121514,0.2721186513480759,0.04670927496386471
2023-03-30,0.5194948665036063,0.5420246948775445,0.27072039587889135,0.04580360611117224
2023-03-31,0.5198759182639452,0.5424441467011597,0.2704960447730857,0.048202284695587724
2023-04-03,0.517381923682509,0.5414652366014049,0.26876927475054707,0.04801180294457655
2023-04-04,0.5164625526270619,0.5414138178627678,0.2710174115450122,0.04804858783079272
2023-04-05,0.5163235602134534,0.5414925110402017,0.2707415750195638,0.048542529428690674
2023-04-06,0.5153528285536969,0.5404732461521976,0.26966368858894074,0.045086561416976055
2023-04-10,0.5124239412094361,0.5355727691110824,0.2657203906334845,0.035054783840036116
2023-04-11,0.5121293403987192,0.5344988809099155,0.2664550224642308,0.03585640414878909
2023-04-12,0.5121612648729608,0.5334870516798235,0.2683494179613016,0.03377215989596631
2023-04-13,0.5086374117249672,0.5296405385760649,0.27321106955314295,0.02578325751395034
2023-04-14,0.5091518889951001,0.5301425981524605,0.27005222775271365,0.0256745412588961
2023-04-17,0.5065455276897561,0.5281046806787443,0.27021041174931276,0.028082857594003915
2023-04-18,0.5048267981609761,0.5260021409685522,0.2703744500771193,0.024746696164727234
2023-04-19,0.5034848894747636,0.5246573064638441,0.2714152149233355,0.025714825322781718
2023-04-20,0.5033575788121963,0.5246629321802933,0.27451356547237094,0.025320783479699002
2023-04-21,0.5024516530737818,0.5241764032613034,0.27719454917165487,0.02713712526839273
2023-04-24,0.501758963567197,0.5233694585284784,0.2768868119627276,0.026829037981449012
2023-04-25,0.49720031748498045,0.5185682180014209,0.2767209233049368,0.029239857944703927
2023-04-26,0.4966032974836594,0.5180404609060116,0.28175062047146654,0.027406603982983106
2023-04-27,0.4935489590442599,0.5151599752803916,0.2831274977715786,0.02936806810986846
2023-04-28,0.49298346560582,0.5156632565459189,0.2861567901143918,0.031671526951222814
2023-05-01,0.49293362981902783,0.5160385315543873,0.2869168831535242,0.04025052383229613
2023-05-02,0.49007949358513697,0.514204054425026,0.28888626741843654,0.04139148845562557
2023-05-03,0.4894323911685095,0.5145387113126777,0.29124046256755604,0.04179959418455237
2023-05-04,0.4903903627734223,0.5149331250267153,0.2912385943892362,0.04323639752859959
2023-05-05,0.48656691897090915,0.5116644404658718,0.2820471284352446,0.040508206995240964
2023-05-08,0.47425887320228605,0.49844443743206857,0.27906728828743743,0.03107614104796067
2023-05-09,0.473866594782852,0.4979606172777252,0.27900394046408944,0.02957644043405139
2023-05-10,0.45632134627626914,0.48259190259110557,0.26451171980350807,0.041877280083729464
2023-05-11,0.4563365894304025,0.48105692297395536,0.2688922004658707,0.038161129913687794
2023-05-12,0.45218761984931544,0.4749508978278909,0.2766190500704638,0.049657000810528526
2023-05-15,0.4524013803630734,0.47524227698263644,0.27882887254486693,0.04849758734263148
2023-05-16,0.4538352842926955,0.47768775485535464,0.2798278903346475,0.04964382723446801
2023-05-17,0.4551679077745686,0.48013597471525454,0.2778846124012892,0.04949551764797589
2023-05-18,0.45235079876385154,0.47605902140967665,0.28135502690621816,0.052514512397481596
2023-05-19,0.4447460455831809,0.46901661943196343,0.28230607401728025,0.06286851542263641
2023-05-22,0.4496124351673463,0.47306764717736755,0.2761784270052824,0.061912774498404884
2023-05-23,0.4484334852223563,0.471327197693712,0.27691545012993757,0.06606559295659058
2023-05-24,0.4516965228812165,0.4728781752629475,0.2793740229753498,0.06688183312611012
2023-05-25,0.4533671565831192,0.4760961777505675,0.2772228237217325,0.06402650679880767
2023-05-26,0.4539859953401795,0.4762527162755636,0.27747270899810655,0.06473084144928054
2023-05-30,0.4568217371173412,0.48025514767496,0.27892685793297783,0.06732336140229131
2023-05-31,0.46494250075465526,0.4886546758105495,0.2788012274645873,0.06645278938397779
2023-06-01,0.4764034581497491,0.497669571157443,0.29476459250987025,0.08668196740638129
2023-06-02,0.47575774461991965,0.49782699870498787,0.29670755513974123,0.08514736762895006
2023-06-05,0.47357208699947095,0.49479633808759715,0.2899420373167908,0.08539153586207544
2023-06-06,0.470805309739556,0.4908912692965502,0.28719883101169097,0.08762923347365528
2023-06-07,0.47188111446564923,0.49398010574474627,0.29449882915793846,0.10057943062759589
2023-06-08,0.4729815536534032,0.4945226000623283,0.29503600440752137,0.10181490004916155
2023-06-09,0.4715113205127308,0.493818264140541,0.2950188590586344,0.09985408854507279
2023-06-12,0.4717579441032229,0.4923960392127308,0.2950289687676483,0.09930550656397633
2023-06-13,0.46892701880256227,0.489778983181252,0.3011793505002089,0.09764487135904337
2023-06-14,0.4362963433409606,0.4608679427586291,0.25741714481541134,0.0389843441910139
2023-06-15,0.43687826634958055,0.46170551863923515,0.2575154558463519,0.038946771453517694
2023-06-16,0.43443285804591136,0.45897990635135805,0.2551974753020661,0.03543500191955498
2023-06-20,0.4086546813375061,0.43750082368505117,0.2606193253304242,0.04798144775933117
2023-06-21,0.40300384787342536,0.42839914472551016,0.25864251480383443,0.0490110341365417
2023-06-22,0.4037759617623275,0.4278783667589008,0.25935109448099686,0.05126282088859044
2023-06-23,0.4012695296480654,0.4254690345187045,0.26217853032159966,0.06368171010631206
2023-06-26,0.3995124620768897,0.42365734349072576,0.26728520457194094,0.05963393865444724
2023-06-27,0.4036997453099093,0.4265317582566542,0.26649108653885895,0.06012677384741163
2023-06-28,0.4028855524108021,0.42521246122657613,0.26679534491392703,0.05726443932350643
2023-06-29,0.4010495782059103,0.4231167471084962,0.26632284178850324,0.05652215851337971
2023-06-30,0.400200991746977,0.42238491948345863,0.2659136424995354,0.05811280877265413
2023-07-03,0.39912019178661173,0.4213135358068395,0.26492220781915277,0.058674461633626315
2023-07-05,0.4029349299186934,0.42291859959912087,0.2656517038768898,0.06357090634026964
2023-07-06,0.40490468008114056,0.4207660365303034,0.2820124806575617,0.06295938708406432
2023-07-07,0.4041751849722732,0.41985730499834384,0.2876397061886605,0.06493877627442021
2023-07-10,0.4000748837249111,0.4154683072504045,0.28882667864106265,0.06939274808376551
2023-07-11,0.400196604409988,0.41554080897652157,0.28894577946234595,0.06996974687066033
2023-07-12,0.3949796991467949,0.40694604354992686,0.2837877575090404,0.08404104279229653
2023-07-13,0.39434428273279865,0.40768358564572776,0.2821803247524624,0.08956125814506677
2023-07-14,0.3979112677977695,0.4095148146795176,0.2818697004521444,0.08684421689768114
2023-07-17,0.39832882980251616,0.4086789011164212,0.28616930307302646,0.08805598407116233
2023-07-18,0.397197664033301,0.4074669579448728,0.28420009574106486,0.08688404862225212
2023-07-19,0.4087553455723873,0.4177651941020106,0.2868808637455687,0.09546412606520778
2023-07-20,0.4037326882055076,0.4122040166437723,0.2869673838749805,0.0981737875438644
2023-07-21,0.40441002529655073,0.41378391841660983,0.28639752561010784,0.09844528992050929
2023-07-24,0.40379722274807983,0.4142215440568432,0.2894877586175945,0.10034115612668625
2023-07-25,0.40257123159913444,0.41264295839083776,0.29010956590470477,0.10438978990982156
2023-07-26,0.4055970134483763,0.41225637205735005,0.2895614718453343,0.09952837947686331
2023-07-27,0.4057402424958627,0.41265430441417933,0.28907937596981825,0.10040059640859442
2023-07-28,0.3934615016510514,0.3971216550000843,0.2829834482967018,0.10567458611756309
2023-07-31,0.39053563662160323,0.3958071734372906,0.2786147861448362,0.10266570958769838
2023-08-01,0.3913791946485698,0.3966855128946985,0.2759546897468778,0.10000042045940401
2023-08-02,0.39241568325969167,0.3982267229300196,0.2788134988344932,0.10816163393578636
2023-08-03,0.39167381778329813,0.3979743779672465,0.27789209565168577,0.10492128863280652
2023-08-04,0.3942480288961243,0.4019799542788221,0.2778452368074605,0.10508258021629813
2023-08-07,0.39400817065021704,0.4023920955576224,0.28177534045603947,0.10482198808867511
2023-08-08,0.39390146599256964,0.4032748520970869,0.28515158199710555,0.11425853503117295
2023-08-09,0.3948600515462493,0.404563266058573,0.28392965835773215,0.11068166164352486
2023-08-10,0.3942452717136993,0.4028577338272315,0.285529961575044,0.11047508260451232
2023-08-11,0.39048431798100525,0.3990864437202271,0.2873508293043769,0.11273408611487744
2023-08-14,0.39027937207968955,0.3987112860767407,0.28734100109566263,0.11334436223129261
2023-08-15,0.38935217494487273,0.39787746793270123,0.2862476114120955,0.11214850067875817
2023-08-16,0.39086326276168215,0.39981665230482333,0.28634811617017725,0.11328434976960768
2023-08-17,0.3929234057633396,0.4019147768931676,0.2850713240159437,0.11545692898578358
2023-08-18,0.3913449091878,0.4004566117789162,0.2832841261863997,0.11217412353445352
2023-08-21,0.3914834453298684,0.39998943256260044,0.28313915766189124,0.11182785346348957
2023-08-22,0.3855982076096253,0.39272099512244796,0.27852753083298376,0.09750242571995471
2023-08-23,0.3946858688091233,0.4016412641098505,0.2824884222490947,0.10105986901441057
2023-08-24,0.39535292659363713,0.4020015190675963,0.2823935440595323,0.10199377876286887
2023-08-25,0.3949808686349949,0.40167303707914914,0.28281704647612227,0.10129878473285961
2023-08-28,0.3947641278501413,0.40146215404408503,0.2825918030844936,0.10037247640272608
2023-08-29,0.3864798131619014,0.39494449590633823,0.28012303874892774,0.11244807077819945
2023-08-30,0.3858348220218792,0.39440921309109594,0.2794625775060339,0.11259624835818141
2023-08-31,0.3829957677906462,0.389941401960624,0.27725554611239467,0.110326335864696
2023-09-01,0.3843578649995695,0.39090026743046474,0.27899450883646243,0.11220104850054617
2023-09-05,0.384310294084689,0.3909099425055839,0.27963620184392646,0.11316813798841036
2023-09-06,0.38386074340004317,0.3904720565388644,0.28118681790486605,0.11374157106920135
2023-09-07,0.3826960920370559,0.38763326073545074,0.2782528074949786,0.1010511900294737
2023-09-08,0.38030926917714286,0.38552368577104756,0.2761215165778606,0.0970324849378459
2023-09-11,0.3776202616914394,0.38178009430381565,0.2753712824747631,0.09914603106717715
2023-09-12,0.36725588891993843,0.3694622730454766,0.2720000520428635,0.09989489459195604
2023-09-13,0.36412607102422634,0.36732530875023506,0.2696468431019878,0.10419195642927288
2023-09-14,0.3342567106176385,0.33848830039103117,0.25769001917939144,0.10798306676522461
2023-09-15,0.33344061199997793,0.33767747160636824,0.25741164038419057,0.10807213203378133
2023-09-18,0.33078157796137503,0.33475447370561673,0.2524528526073166,0.10837162953828663
2023-09-19,0.33064658791128093,0.3344019305689841,0.2519852719368391,0.10732909020320387
2023-09-20,0.3321616081438642,0.33533706840389044,0.25209256697074467,0.10757296476208487
2023-09-21,0.3314120387138742,0.33599953751257444,0.2517004809495524,0.10945587472114086
2023-09-22,0.3291971821036902,0.3340342317389731,0.25309330456940865,0.11353016369935905
2023-09-25,0.33522669405878264,0.34091379999146076,0.2556751066071931,0.12970107817322804
2023-09-26,0.33491397270629475,0.3405708011011088,0.25585896618749215,0.13027231056253466
2023-09-27,0.33483798363467415,0.3404424879106877,0.25410103224532915,0.12955337429882008
2023-09-28,0.3355215348760916,0.3413931865616103,0.25189321374387513,0.12936145623212708
2023-09-29,0.3344968078402864,0.3401975417502293,0.2504003565218353,0.12593624721937682
2023-10-02,0.338092148973978,0.3456644078164573,0.24609763611074184,0.1217827366034044
2023-10-03,0.3376600054332609,0.3450675562040264,0.2462775490043321,0.12131173387620481
2023-10-04,0.33966759481997844,0.34585372432878725,0.2469288117288675,0.12182425827020557
2023-10-05,0.3331149362209498,0.3405664791037727,0.24190371385052595,0.12369632023932826
2023-10-06,0.33435172810594455,0.3419856370606706,0.24225329766216971,0.12020351003816804
2023-10-09,0.3321444846113712,0.34062817274259716,0.2359997273077705,0.11460838056802426
2023-10-10,0.32884120006836814,0.33770558214136515,0.2334894039726301,0.1126409091959553
2023-10-11,0.32599915944073315,0.3345749927748352,0.227344839176571,0.10358964327650892
2023-10-12,0.3259707950475029,0.33464784284703375,0.22738838450502744,0.10471682846946512
2023-10-13,0.32591390337667536,0.3337672626638618,0.22254055240575168,0.10447826560729434
2023-10-16,0.33113502742164524,0.3361513533630935,0.2174103473088346,0.09422968126985
2023-10-17,0.3311872690959167,0.33629888158963345,0.21596842183186307,0.09379521331501982
2023-10-18,0.3295551969445007,0.3348970929435405,0.2135383339203907,0.09507354314202623
2023-10-19,0.330200874621295,0.33429575142830664,0.2151015312433108,0.0923908229059806
2023-10-20,0.3224299266036534,0.3274827949496118,0.2141648110335211,0.09231897021855337
2023-10-23,0.31055299443403883,0.3207754610142205,0.20184375197824184,0.1035629107099801
2023-10-24,0.3143585605003365,0.32294937921495875,0.202010126900149,0.10743689237892072
2023-10-25,0.30992862397496623,0.31679747012704473,0.20304525812088894,0.10382125620515305
2023-10-26,0.3060443824375055,0.3132479868730644,0.20258098144939762,0.0915912554099732
2023-10-27,0.3105860509998331,0.3218493922073597,0.1985124436926394,0.08754373461624718
2023-10-30,0.3105307103387733,0.31984534201500153,0.19630464962935548,0.0900834787487206
2023-10-31,0.3102483322392212,0.3195176795809556,0.19855510822770805,0.09091405025346755
2023-11-01,0.311599448670298,0.32105746896409726,0.19670154156281738,0.09434189132900893
2023-11-02,0.30516653295578294,0.3173124459429396,0.1968211008507878,0.08995993893494093
2023-11-03,0.3019568066220065,0.3144802994505912,0.19478517739360274,0.0885295438776661
2023-11-06,0.30279354954518833,0.31613335944688287,0.19374893535468227,0.08782093293425687
2023-11-07,0.2974950139504563,0.31238261179601884,0.17905096386779237,0.09737767502340777
2023-11-08,0.3017873282030833,0.3157953579569658,0.176469813227991,0.09489337007264056
2023-11-09,0.31134135114419303,0.3258017694767826,0.21902404355395694,0.10199437589585322
2023-11-10,0.28670185340809196,0.30786775764556323,0.21367765708428804,0.1133883340821019
2023-11-13,0.22748552642884146,0.2525311315919645,0.17032476208810926,0.07187889106591858
2023-11-14,0.2224038572324553,0.25227219023368486,0.16966311500267478,0.06203715896208686
2023-11-15,0.21872143071785624,0.24718520580121683,0.16600790891501324,0.05062151518235984
2023-11-16,0.2158981913417617,0.24483462813337342,0.15525749316235735,0.040897813563731185
2023-11-17,0.21439350863248852,0.2428393856500977,0.15454723766993878,0.04586038157479988
2023-11-20,0.21605805013224375,0.24465382488461493,0.1536151725990726,0.04707248033006701
2023-11-21,0.21716059787998337,0.24694902192370088,0.14419850119480887,0.04675993639982324
2023-11-22,0.2162840710016081,0.24201992953951534,0.13571287306329077,0.05171776470931763
2023-11-24,0.21313215094275423,0.23950377664564865,0.1358577505844209,0.047658479986584526
2023-11-27,0.21203467330959552,0.23807047036692744,0.13222856962652252,0.039907994482640735
2023-11-28,0.21196857378704606,0.2376047098205428,0.13410323473033786,0.03988878113596267
2023-11-29,0.20803824213684768,0.23474019511298244,0.13139340666519253,0.040189063625359546
2023-11-30,0.20803052481501022,0.2363515380376311,0.13126440162066577,0.0425773232596383
2023-12-01,0.19569616194484368,0.22305254114030182,0.12918300555427029,0.04388201287108172
2023-12-04,0.1849177802557641,0.20961037266213853,0.10225194919065451,0.046170872869668096
2023-12-05,0.1835749282117448,0.2095364112007725,0.09882287561439193,0.05682304968375713
2023-12-06,0.182836827098938,0.20905341167292668,0.09597473969830968,0.05326705811789292
2023-12-07,0.18265183136376104,0.2084803344437607,0.09559460802298432,0.05388075547145504
2023-12-08,0.18285911025900695,0.20798498061996215,0.09424233494183075,0.05791090753937612
2023-12-11,0.17558795797409976,0.198053771218706,0.10553920010719409,0.05922440401294295
2023-12-12,0.1746911873125567,0.19736084008229704,0.10605147038542105,0.056943111736624454
2023-12-13,0.18059635157952664,0.20083380950158622,0.11526199778317466,0.06472962499326772
2023-12-14,0.1779699845726912,0.19835940290303197,0.10852934220545331,0.06073815442594324
2023-12-15,0.17872481205023358,0.1968394615257187,0.11240216460325282,0.06032136886729503
2023-12-18,0.17127994207706465,0.18945558279849983,0.106440751253646,0.060603146431273625
2023-12-19,0.16238131856693333,0.1841557638212581,0.111633269077279,0.0544164954800593
2023-12-20,0.152341196076886,0.17528311318591666,0.10784498485217768,0.05356013044801601
2023-12-21,0.15216254888726244,0.17605546664611704,0.10252142820389697,0.058753139796521414
2023-12-22,0.15514845592709317,0.17794972208594648,0.10210397121932964,0.05909511492260154
2023-12-26,0.1527931583910869,0.17618643153256985,0.09714513215840562,0.05765484618870989
2023-12-27,0.15350753600246242,0.17615935027149734,0.09839688292032071,0.0600602357637848
2023-12-28,0.15297046201335546,0.17560498708450603,0.10180427517867328,0.0602151531842009
2023-12-29,0.15167780877076953,0.1748060220164776,0.10127756054310899,0.06093813366887597
2024-01-02,0.1443298534220152,0.15930747079921934,0.09741919599513096,0.05601525853433531
2024-01-03,0.15029645578678513,0.1652234615872906,0.10423265746922906,0.052573408342696505
2024-01-04,0.1483612584753463,0.16292493437152814,0.10443533823137015,0.04782281151718286
2024-01-05,0.1478017494594307,0.16274341325211833,0.10375107045676292,0.047354955570291644
2024-01-08,0.15797469470122705,0.17314550703305434,0.09444493004926453,0.05387947101177537
2024-01-09,0.16011471207658617,0.17402680466477727,0.09459968201527079,0.05515601180642398
2024-01-10,0.16074469824475304,0.17384996093374702,0.09404724080774862,0.0542326161489735
2024-01-11,0.16013262053798782,0.17313336932988901,0.09327627170337607,0.055677983442827254
2024-01-12,0.15454652300553515,0.16841841359201712,0.08053118473965898,0.05245752653999011
2024-01-16,0.15282394136668437,0.1670803859919622,0.0720120611454445,0.041199869966374564
2024-01-17,0.15226410611109265,0.16581902456181372,0.065216719152284,0.04702662886628061
2024-01-18,0.15023295528565023,0.1602251826652568,0.06703977707428194,0.055385325100716434
2024-01-19,0.14521219526064172,0.1569223947604058,0.06610821299404053,0.06348171014005821
2024-01-22,0.14581499652803726,0.15884722984238162,0.06559024305614335,0.0603028722298139
2024-01-23,0.12781179950388774,0.1402912659431143,0.07078891804243576,0.07420840966135109
2024-01-24,0.1267309203528837,0.13924923470240935,0.06999777439015045,0.07445151919771179
2024-01-25,0.12573892028553213,0.13868047052809826,0.07050641491998674,0.07688989746903552
2024-01-26,0.12385084551542097,0.13490498896445485,0.06837415307615338,0.07520005469741384
2024-01-29,0.1286605239479497,0.13992249568855136,0.07086848312193707,0.0790254336327451
2024-01-30,0.12893703616995195,0.14104418857792192,0.07063398174918796,0.07771749061080004
2024-01-31,0.12881762933804045,0.14058297514586948,0.07024285691734593,0.0757370408009002
2024-02-01,0.12841845664637946,0.14019043085232694,0.07090885498870746,0.07638286895692147
2024-02-02,0.12488680502751179,0.13528119584874768,0.06674717303636175,0.07299761115790628
2024-02-05,0.12973171375976142,0.14425166067061482,0.06439531401438427,0.07623014843811529
2024-02-06,0.1297735257515218,0.1439438029723115,0.06460885475318748,0.0765429990283057
2024-02-07,0.1293088276666909,0.14295219946629453,0.06531921914030821,0.07262332561101761
2024-02-08,0.1258928049790057,0.13940940957877077,0.0647450297812115,0.07313870187903398
2024-02-09,0.12577012866404838,0.13963228547469345,0.06257424741903038,0.07321134951251052
2024-02-12,0.11633393900180682,0.1290715716559992,0.05284579344327943,0.068596831418545
2024-02-13,0.11780010466540526,0.12912683088844287,0.05468479093190258,0.06855918171845284
2024-02-14,0.12224785414299054,0.13286330991393805,0.05431378628525209,0.0703829866861395
2024-02-15,0.12232736865996827,0.1318606175718609,0.05398535835331074,0.07063946487878296
2024-02-16,0.12067949223492502,0.12682826407221237,0.07060306612453933,0.08150383700643682
2024-02-20,0.11383406213644386,0.11981309796102088,0.06995004713584296,0.07672488651689921
2024-02-21,0.11627795228336148,0.12504277449494597,0.06864769931044931,0.07452022257555953
2024-02-22,0.10868271881610315,0.11704848835594765,0.06806404508757773,0.07211591195181065
2024-02-23,0.10822276346105215,0.11769748145722513,0.06544939884035571,0.07116574475872514
2024-02-26,0.10234560878275864,0.11579565407558734,0.06137251832764677,0.06968445271420362
2024-02-27,0.0962409225624963,0.10853048339590685,0.05587489534841219,0.060947164355296714
2024-02-28,0.09056633465501296,0.0979921764886739,0.05634807166033296,0.06627020628552266
2024-02-29,0.08788322002584724,0.09494514228974872,0.05574168966421727,0.0652172859025902
2024-03-01,0.09140253789095043,0.09957213802145085,0.05847738713098681,0.06856791022579917
2024-03-04,0.08808610490853855,0.09304905619040028,0.07888717611832781,0.06228117385379459
2024-03-05,0.1137188610388825,0.12168588515177653,0.0809105216409828,0.06519815750987466
2024-03-06,0.11552058217726463,0.1231879498320245,0.08427122794861334,0.06703936888207984
2024-03-07,0.11356197098368849,0.12208928288166841,0.08162624413883429,0.06800566170779704
2024-03-08,0.1119060620383806,0.11972574406674578,0.08294030867507468,0.06808521092471706
2024-03-11,0.08990765485393493,0.10183985349202199,0.09414879841965158,0.07002122342251328
2024-03-12,0.08432757237901034,0.09703035422057323,0.10243151332099631,0.07835002194580389
2024-03-13,0.10013274792490022,0.08844446536673083,0.038498593190807964,0.07792930548189196
2024-03-14,0.09737658598349123,0.085500583835571,0.042772131550440094,0.08681505717776172
2024-03-15,0.09932627753577238,0.09190797562219528,0.04738370881695846,0.09207835707525544
2024-03-18,0.09022984799001406,0.08159317079786994,0.04609265676615866,0.09532824704350885
2024-03-19,0.10542213030950642,0.08824382060135465,0.002871040961958085,0.07470750538492757
2024-03-20,0.11574474511259084,0.09879479950464255,0.021740473504823686,0.0742396381667721
2024-03-21,0.11202466736499533,0.09525717949622838,0.02671604775889431,0.07398359855219824
2024-03-22,0.10344547556272074,0.08893667558097597,0.04177655754561647,0.076342647823189
2024-03-25,0.09400303499997732,0.07673966891917693,0.03868332368970603,0.0695693802406692
2024-03-26,0.09784715554578549,0.07809950045717752,0.031757541834806974,0.0714987357317124
2024-03-27,0.0963476812895124,0.07606311156491852,0.02743574891654715,0.06568875506520448
2024-03-28,0.0960096500654565,0.07549001806604438,0.030440867817983403,0.06553387991093935
2024-04-01,0.08907580441072344,0.06804389468034001,0.03063538169430435,0.07034247851236945
2024-04-02,0.09834253369917514,0.07755978241069982,0.016222619423329206,0.07475891511411645
2024-04-03,0.09612209814876975,0.07556063469523454,0.018065235833321733,0.07282110228147531
2024-04-04,0.088576581750285,0.0662380045664649,0.017486406358380453,0.07762834430936359
2024-04-05,0.08717256682280976,0.06481655360571756,0.010448349494231238,0.07905439161220042
2024-04-08,0.08601874715438187,0.06332480996733823,0.015408001088568136,0.07945984973456213
2024-04-09,0.08615304902117715,0.06260721522484858,0.010873650428375596,0.07483185513827968
2024-04-10,0.08282845443188976,0.06194419901237981,0.015430242544583023,0.08072945725178715
2024-04-11,0.08158822761312236,0.06123793137850726,0.01003583632378718,0.08080858315178646
2024-04-12,0.09183156061652623,0.06983550219524017,0.021055611160498047,0.07724364734720104
2024-04-15,0.10413263601846635,0.08172730356123067,0.001413396047735763,0.08758730004941385
2024-04-16,0.10398506430555708,0.08167700162797775,0.0012847112812119084,0.08738727664797313
2024-04-17,0.1107125494272817,0.08852125404308474,0.003920597542129065,0.07623147912987903
2024-04-18,0.10902085864219421,0.08590007202351325,0.0038810016832419307,0.07298134460912359
2024-04-19,0.10812308333485032,0.08406255877870343,-0.0012420593745591489,0.07316289815551169
2024-04-22,0.11145451571576985,0.08604694819019514,-0.018286916430809385,0.0749690902556526
2024-04-23,0.10921243859295575,0.08410621636575302,-0.02465464007173034,0.07274059847230542
2024-04-24,0.10976031493756773,0.08314105948797186,-0.023286118752428104,0.07484164751984046
2024-04-25,0.11834669304744627,0.09020220399933654,-0.02521659671118283,0.0706978228613049
2024-04-26,0.11586942813192912,0.0871629450031862,-0.02584824244860991,0.06974543128242783
2024-04-29,0.10618895996297081,0.07727789019618998,-0.025460754942358905,0.0734948530679277
2024-04-30,0.12167888234503241,0.09053191804431546,-0.00673694614511093,0.08012813708478139
2024-05-01,0.1232810868409002,0.0936759984738245,-0.016579861831557498,0.061194529870127974
2024-05-02,0.129214506687316,0.09756623426730382,-0.023003881627607383,0.05704674921864089
2024-05-03,0.14116539086833435,0.11129029751229359,-0.025250529903955612,0.06378411479626894
2024-05-06,0.13991587560984534,0.11070561423997922,-0.024099659888477263,0.06286891737515642
2024-05-07,0.135215707938175,0.10671828235270713,-0.01735912531577502,0.06225710740717906
2024-05-08,0.1358235831845163,0.10909642435362626,-0.01544860697630976,0.05333084948991468
2024-05-09,0.13746455415015252,0.10886880651369917,-0.007959546967380361,0.05476203659006477
2024-05-10,0.13722179623796715,0.10878904500907473,-0.013038248823635579,0.05786112662565053
2024-05-13,0.13540305837511799,0.10978248716329288,-0.023103138659742162,0.06262613363161927
2024-05-14,0.13315144454185912,0.1073352227708715,-0.026746385870663494,0.05961602325528758
2024-05-15,0.14516198272240607,0.11824062749355707,-0.012129803605542448,0.07257361226372218
2024-05-16,0.14510507281817417,0.11894869669891643,-0.012811724957117602,0.07238694033597419
2024-05-17,0.14395396649073988,0.11727705355759105,-0.005938761416940725,0.07068240463641498
2024-05-20,0.14734105424119065,0.12684596820710972,-0.008340651830440853,0.06610864752297152
2024-05-21,0.14654568402220233,0.126455437621693,-0.007176073723091101,0.06440300779482411
2024-05-22,0.14759128490260123,0.12687178275791466,-0.0016012696142758637,0.06382504568903564
2024-05-23,0.15319380363971793,0.13042675997945047,0.0053726228618231385,0.06500188136941179
2024-05-24,0.1488596289753837,0.12819833427118124,0.0002591101039658907,0.06323649726980016
2024-05-28,0.14907614761585436,0.12894479044350993,-0.0007454485423636754,0.06434037502625192
2024-05-29,0.15051713755465543,0.13025894858642947,0.0013586152491772993,0.06583811250348685
2024-05-30,0.14981129940908566,0.1276273967940288,-0.0013416743774852793,0.06281836508589483
2024-05-31,0.14480067287464132,0.12654164604658424,0.0007089578188572929,0.06377774695975766
2024-06-03,0.14805564123006595,0.1301697235247652,0.004874065198642656,0.0674990901441496
2024-06-04,0.14623736332687112,0.12967348356119524,0.004492184613060416,0.0720115453809339
2024-06-05,0.14416851323265775,0.13006581811842474,0.010044251125652673,0.07149952076885054
2024-06-06,0.14399185957112512,0.13186562272954155,0.008834071142749275,0.06818750146920927
2024-06-07,0.14229856137266658,0.12486022831218072,0.014969182817974772,0.06690974816722534
2024-06-10,0.14217573192656632,0.12481871847295686,0.014396367824969346,0.06690683811769862
2024-06-11,0.14094950956923769,0.12198440588038414,0.012870124506842438,0.061952245333351294
2024-06-12,0.14624617132821702,0.1291738289952883,0.012534009601025946,0.06383864426287149
2024-06-13,0.14609321518692886,0.12792548796569211,0.015640608489294088,0.05849604725126086
2024-06-14,0.14664279395405608,0.13021642089898905,0.012578781763653223,0.06044497427102146
2024-06-17,0.1446944341421812,0.12875232432142877,0.010967074679287632,0.05849333347051017
2024-06-18,0.1460783308311848,0.13163166255979586,0.010586289511582697,0.05680130778267141
2024-06-20,0.15656516935642248,0.13634901730962004,0.02167459374256652,0.051879761051878394
2024-06-21,0.16478960631369563,0.14967924067319185,0.02742531773669712,0.05037866785601571
2024-06-24,0.16857820850990102,0.15971939399583698,0.02294988843791837,0.045780334173879035
2024-06-25,0.17382084268229922,0.16613938235905046,0.020245353971054387,0.04351225043780503
2024-06-26,0.17227701624604555,0.16331429452093987,0.023445089390256135,0.04694896684375313
2024-06-27,0.17112649484766557,0.16211380807534173,0.025878546483905408,0.047753755147624914
2024-06-28,0.1729347663608223,0.16423722217086814,0.02504448738923077,0.05412056836887216
2024-07-01,0.17278087727632635,0.16647639276553253,0.026296593156862405,0.047869522083234646
2024-07-02,0.1719717327535876,0.1651825215185682,0.026728420213589593,0.04663472515387698
2024-07-03,0.1693823625292754,0.16131865360426242,0.021176593465054898,0.042334488967615956
2024-07-05,0.16164497231423192,0.15213919198540443,0.0075589528699958365,0.03317343919940164
2024-07-08,0.15861422163970954,0.14984764944346457,0.006644272048390065,0.029395231616329443
2024-07-09,0.15933972216410608,0.1504146078058971,0.005748193079557932,0.02916088418793508
2024-07-10,0.15759876738684858,0.1492148451755936,0.005418777513091924,0.028868534588993595
2024-07-11,0.1585350416212036,0.15038580209599742,0.0027009942208036904,0.027427807144599897
2024-07-12,0.16070714349695125,0.15270951939641872,0.004573669549160559,0.029249771394301672
2024-07-15,0.15660009734928523,0.14530511029403143,0.008632227623960471,0.00873476498119222
2024-07-16,0.15581299394336248,0.14507266491907966,0.006208780124773379,0.0060464125266929455
2024-07-17,0.15975413828709067,0.15061228373154542,0.00768488909972608,0.006045158053177603
2024-07-18,0.16200682464381183,0.15231871559721283,0.01034645348141002,0.007270114003166531
2024-07-19,0.15602285403636756,0.1467374162050056,-0.0004489048745226915,0.004854097828123663
2024-07-22,0.15634799865052146,0.14715196184910245,-0.001177117687302494,0.003465899927994572
2024-07-23,0.1572971600537514,0.14855078916983913,-0.0022658764469413875,0.0038702721993011014
2024-07-24,0.1609321681286645,0.15051188584156908,-0.003596374994754394,0.004236289992730315
2024-07-25,0.16054846180399038,0.14998446606819332,-0.0040256932375020114,0.00443608286129877
2024-07-26,0.16478239062926947,0.15286852417601918,-2.0367132780437243e-05,0.00708391696511435
2024-07-29,0.1639792949681141,0.15217960647237946,-0.001468434426214115,0.0038559230832321914
2024-07-30,0.1655353689782707,0.1547241040629553,-0.003182747402444826,0.003262960916080094
2024-07-31,0.15668499063230404,0.14253678856285834,-0.009782903509012203,0.00012748822471410337
2024-08-01,0.15424542822420323,0.13906411979121014,-0.008421077962147316,0.003158132215744613
2024-08-02,0.16775768250407036,0.15069227411704364,-0.007505870376586067,-0.022365361753734447
2024-08-05,0.21619163264786476,0.18675961225594073,0.015980143780383132,-0.02950904640960724
2024-08-06,0.21951529956980292,0.1892593177495595,0.011935023932533085,-0.03688646424146216
2024-08-07,0.22177951368649124,0.19154920134978137,0.012392898991078052,-0.03510683692881494
2024-08-08,0.25424185678554223,0.22421588014295696,0.03698247977750454,-0.04465405885325497
2024-08-09,0.2524321463110856,0.2224865856936005,0.03587563048717051,-0.045817695746471175
2024-08-12,0.25217202209783574,0.2218899271946943,0.029297562128333263,-0.048485491064846606
2024-08-13,0.25410190983059755,0.2240435640646164,0.028614544786749376,-0.04725669239658203
2024-08-14,0.25276613076367627,0.22456274005086285,0.03249283076368987,-0.0494609789803907
2024-08-15,0.24397458804960856,0.215306607850276,0.03127458990381406,-0.048057375927815255
2024-08-16,0.2424674396264095,0.2133979532110395,0.034723145357997566,-0.04915300122450461
2024-08-19,0.23594583728753696,0.20657293606340893,0.0321785092747504,-0.05314570621128149
2024-08-20,0.23637480827542012,0.20646802832533329,0.031466100596240075,-0.05321892471494903
2024-08-21,0.23737000311412793,0.20817971309042113,0.03035480845146646,-0.053391460772608826
2024-08-22,0.2386076702583919,0.20999613282098198,0.033161666652752726,-0.05078385746262596
2024-08-23,0.2438873510869584,0.2134489862287474,0.03943998861079741,-0.05014262598550795
2024-08-26,0.2434233232011959,0.21395703122802617,0.03854488640485173,-0.050513119810359115
2024-08-27,0.24283916281385878,0.21237982358227034,0.03688894218620428,-0.04865033742137784
2024-08-28,0.24396980094095874,0.21360820809954126,0.03810321696219531,-0.048422346192343466
2024-08-29,0.23494545037418607,0.2032026815445628,0.03190954204158439,-0.05544364979538936
2024-08-30,0.23442752264718092,0.2029527024928552,0.033101120048475895,-0.05464000738612309
2024-09-03,0.2401171347983019,0.212246170555147,0.033554620272683945,-0.05782560079594317
2024-09-04,0.23995809507632987,0.2118420978402762,0.03346769492091856,-0.05869409447897093
2024-09-05,0.24095798809120347,0.21140121894062638,0.029570863031654043,-0.06152978949608034
2024-09-06,0.24892431036870313,0.22044501627291244,0.03383328505473548,-0.06097359144281665
2024-09-09,0.2560301897442583,0.22714787304723918,0.03582722937962188,-0.0588068106619804
2024-09-10,0.256544104620204,0.22770199267458996,0.03598356864135366,-0.057653656361268825
2024-09-11,0.25796560130276297,0.2286368002966879,0.03667110105766761,-0.06044662696955173
2024-09-12,0.26125867827637617,0.23282582459121545,0.04041686139134346,-0.06239287462839408
2024-09-13,0.2628476627184231,0.23332084144705173,0.0450522062067145,-0.06121633931714051
2024-09-16,0.2613248169899778,0.23452030399882667,0.045707972084359186,-0.06444281808660915
2024-09-17,0.2617549888101464,0.234946791378517,0.04289508109156028,-0.06635596631142884
2024-09-18,0.2604219322504244,0.23367980800610041,0.0406480491823097,-0.06884385396092199
2024-09-19,0.2629009260142686,0.23618314594483705,0.0438916578560361,-0.06846131729364893
2024-09-20,0.2627027256594245,0.23597194600818994,0.043727787242414363,-0.06825687173255555
2024-09-23,0.2591064348225711,0.2325845734315505,0.04116700370632002,-0.07633999263476819
2024-09-24,0.2592245924981514,0.23286956634959344,0.04289499548387818,-0.07619307051933975
2024-09-25,0.26083344624032034,0.2334169648399633,0.04246805300721402,-0.07889241894345739
2024-09-26,0.26202366249046916,0.23457216917562237,0.04296162964428047,-0.07858679005728511
2024-09-27,0.26176340426052286,0.23400488275513043,0.042624430386075794,-0.07827534679643419
2024-09-30,0.2582039264198584,0.23153543413027294,0.049107498797365826,-0.07614535532355124
2024-10-01,0.26270281904159,0.23673332592336133,0.04292278162337294,-0.07908685284618193
2024-10-02,0.2633972143846545,0.2356273268124753,0.04611603289707368,-0.07497937536123304
2024-10-03,0.2636563388510191,0.23557222967416191,0.045770568751976756,-0.0772159976202552
2024-10-04,0.2645308561457144,0.23635225264237938,0.04515598371199512,-0.08128321842600597
2024-10-07,0.2635192950664142,0.23535313234483246,0.04448974672759626,-0.08228315603267847
2024-10-08,0.2609032654915707,0.23235286603484068,0.04432926711664175,-0.08038633226165497
2024-10-09,0.25948899821616805,0.23073284555536122,0.050635017372041395,-0.0746379186132128
2024-10-10,0.26057687118799805,0.2314892979661,0.04952739846673707,-0.07440566785517982
2024-10-11,0.26345420328531066,0.23292701579450284,0.05497725273521157,-0.0712625371789989
2024-10-14,0.2668248911448306,0.2352938081666683,0.052213104288442,-0.07458057858766332
2024-10-15,0.26494867638736447,0.23348422539396496,0.053830370919179645,-0.0732959695659587
2024-10-16,0.2593988051662788,0.2290629169990057,0.05898013849098726,-0.0625942984300841
2024-10-17,0.259381524940208,0.22882135010738153,0.05856868972537195,-0.06207759613706049
2024-10-18,0.25999390337020706,0.22900348200569404,0.0612325525699379,-0.06295724278553003
2024-10-21,0.2629982725995026,0.23029873102894705,0.06037748175348228,-0.056496248654641444
2024-10-22,0.27114965907652067,0.2367309632384399,0.05928904209840307,-0.058397200430203716
2024-10-23,0.2838202124378884,0.2416751762529067,0.07021563364972097,-0.07443626715212424
2024-10-24,0.282421651142202,0.24147890587298115,0.07244906123437175,-0.07627951366161206
2024-10-25,0.28869833792087496,0.246654527971896,0.0716079107182387,-0.07103227600588219
2024-10-28,0.2879299954497037,0.2439733165200768,0.07065227953669614,-0.07053714481086323
2024-10-29,0.28678243160556827,0.2468051090282752,0.07660198771579033,-0.07060674039418141
2024-10-30,0.28609110274734056,0.2463053949786548,0.07746767402155788,-0.07004357969668001
2024-10-31,0.291873722048568,0.25224658076881673,0.08418097312604668,-0.07028584442178039
2024-11-01,0.28943303416324273,0.24912255784356288,0.08625187451369029,-0.0731112574966883
2024-11-04,0.2985125209561348,0.25442006768085024,0.08660726537761623,-0.07380353428340893
2024-11-05,0.30216841631243957,0.2576435533622239,0.08709641448904919,-0.07188986884895648
2024-11-06,0.32326300496070287,0.2750327428512827,0.050086978391779335,-0.09842200249441616
2024-11-07,0.3226841554220258,0.27372788196805176,0.05038043937226905,-0.09996001083124538
2024-11-08,0.32281707298388945,0.27372992390129236,0.050297650002615296,-0.09998853504200025
2024-11-11,0.3142914099947994,0.26328657513849785,0.0013812016868121402,-0.10004945239489671
2024-11-12,0.314404342523303,0.2628556016006163,0.004696024315656251,-0.0981207722177371
2024-11-13,0.31331678226644766,0.26107820022633,0.002599216012002835,-0.10165954454802645
2024-11-14,0.328551516367909,0.27207048695823466,0.007258769924174038,-0.09718911439065146
2024-11-15,0.318630116933867,0.2604104455526349,0.008679358268371769,-0.08882143206418719
2024-11-18,0.3193462338894707,0.2605096153148537,0.012579836888603042,-0.08236013590496943
2024-11-19,0.31974646751241875,0.2612805815225426,0.014128144783385135,-0.0818424366648638
2024-11-20,0.3181633096491761,0.2593144725121539,0.015703611182266052,-0.084004541745532
2024-11-21,0.3185753271136952,0.2573829567374586,0.024721289987504086,-0.08494093636624975
2024-11-22,0.317841015371117,0.25685428092526524,0.02743765247201654,-0.08682128053580696
2024-11-25,0.3137274193129186,0.2550429514326819,0.04927931541377338,-0.10418435942271131
2024-11-26,0.31198237864510453,0.2539531007456326,0.05024122012230656,-0.10073945697044466
2024-11-27,0.3087772897239829,0.2493529276853538,0.049221463909453846,-0.09756973206784704
2024-11-29,0.30921525740986316,0.24987939944152254,0.05015800570869885,-0.09578711815121808
2024-12-02,0.3092645711991802,0.24706710020171926,0.05191656974896516,-0.09771373971280929
2024-12-03,0.308262241588296,0.24682512719451974,0.04813068091199546,-0.10289113925745401
2024-12-04,0.32074666268204177,0.26055418754284043,0.07154899501115478,-0.09637314052921543
2024-12-05,0.3234588265405196,0.2615824700753319,0.07693150628516267,-0.11019415253183959
2024-12-06,0.32276991658997845,0.26277899057280896,0.07694357417417855,-0.10816510147024594
2024-12-09,0.3264813926083054,0.2673697358412658,0.07381066262680148,-0.10565332476620043
2024-12-10,0.32642881547247754,0.26738422010000856,0.07510932930536525,-0.10343515480481169
2024-12-11,0.33456010892243365,0.28019569755951934,0.06952530709854897,-0.1106697656459936
2024-12-12,0.3354918717703615,0.2811712889724178,0.07203157033763732,-0.10799605681726694
2024-12-13,0.33182430988202855,0.279014007950738,0.06310975600071057,-0.119503344671362
2024-12-16,0.332837165135971,0.2829775540762354,0.06368177066591775,-0.11923164036116154
2024-12-17,0.3321278221757627,0.28456222679513626,0.06042124482343138,-0.11900617608434674
2024-12-18,0.34638301269691496,0.298943855952715,0.07378266824136986,-0.10737179764146768
2024-12-19,0.34768687554879374,0.3006389958038782,0.07445020379393039,-0.10043731731389077
2024-12-20,0.3551425848656232,0.3064108788081337,0.07654022893822969,-0.10321302441366328
2024-12-23,0.35234882618188773,0.30284137522628773,0.0786913904055897,-0.09894111854211947
2024-12-24,0.3559044287671501,0.30614109034201115,0.0790141086435139,-0.09661851302381973
2024-12-26,0.3583336384846841,0.30883506959905715,0.07975321651973266,-0.09512423761649684
2024-12-27,0.3599303074663303,0.3105646568313309,0.08081820164856335,-0.09771139664422944
2024-12-30,0.3615216296417482,0.3121051433049313,0.08006146343958995,-0.10168178634704404
2024-12-31,0.3604150490368595,0.3106412959032461,0.07986449277699452,-0.10390125426496652
2025-01-02,0.36680601790462225,0.3240635402158449,0.08747036270088691,-0.09877151882204185
2025-01-03,0.3625416420893034,0.32030462208087457,0.08126176921426496,-0.09667620802439907
2025-01-06,0.36623558913783766,0.32511571221221924,0.0802033350176965,-0.09390020689594436
2025-01-07,0.3722289019631691,0.3319616273360654,0.07681845735739358,-0.08634677045556173
2025-01-08,0.3646409682430917,0.3240934361886876,0.08247635155759707,-0.09513759173883535
2025-01-10,0.3628198443187839,0.32427070858341,0.08149372359274659,-0.09625443125144442
2025-01-13,0.36255522822997166,0.3241765273168315,0.08229254675979174,-0.09590386377081134
2025-01-14,0.36239395512193234,0.3238144627463759,0.08319232790738253,-0.09557848850367402
2025-01-15,0.3707340998754757,0.33175328661949094,0.09495696627561491,-0.08902704158963773
2025-01-16,0.3714732445266155,0.3323079163580042,0.09471430760262153,-0.08947831874458283
2025-01-17,0.37425586860765664,0.33620614205533783,0.0893581919904277,-0.08846537432144486
2025-01-21,0.3806931440707621,0.3433187398515099,0.09451033558585695,-0.09187116954091991
2025-01-22,0.3790170985840581,0.339988167121056,0.0929950564368461,-0.09007679559309098
2025-01-23,0.38143650007037644,0.34179162019669823,0.09022071318735926,-0.08605388326817766
2025-01-24,0.38097851744031697,0.3412335232106788,0.09028257082429711,-0.08550370011509775
2025-01-27,0.3842032818053486,0.3451309239115252,0.09445233043883264,-0.08965156775547452
2025-01-28,0.3829505174397727,0.34253938076567675,0.09356648093933746,-0.08897913842867085
2025-01-29,0.3834508129703679,0.34591675208620914,0.09358306859673454,-0.08865428714834263
2025-01-30,0.3816787883161738,0.3441744581912281,0.09222157974995633,-0.0933976348145899
2025-01-31,0.38294118133526733,0.3438571866625495,0.09193681615799149,-0.08983085160583006
2025-02-03,0.3841254645778351,0.3442461761076555,0.09093782970041776,-0.08974537758583671
2025-02-04,0.38009068305983135,0.3382474058741795,0.08599728346001251,-0.09401401312479196
2025-02-05,0.38032597440771937,0.3389362454504916,0.08500709116608471,-0.09846175172109665
2025-02-06,0.3794581307885704,0.33847441986097093,0.08397671278351683,-0.10381256019216714
2025-02-07,0.378794620626764,0.33837329724162063,0.08370357082397603,-0.10438183243430772
2025-02-10,0.37723655924090116,0.3368259796823713,0.08488174362620865,-0.1031674643874618
2025-02-11,0.3773150269961387,0.337223572468626,0.0866125150792453,-0.09995248274317352
2025-02-12,0.37434728728658395,0.33484496014830484,0.0890718272349108,-0.10202819316093494
2025-02-13,0.37382574289532267,0.33612765485282514,0.09051253870222778,-0.10623844103208216
2025-02-14,0.3746644900207715,0.33641752286354043,0.08791856002485247,-0.10829692707198964
2025-02-18,0.37075582686461855,0.3333052661100354,0.08445853400769572,-0.10709243435037782
2025-02-19,0.37136385533806676,0.33324601451620023,0.08444878905250097,-0.10695046982491166
2025-02-20,0.3703909133992205,0.3328680957602974,0.08422040667590308,-0.10616066338772404
2025-02-21,0.3732214909866684,0.33595278431504944,0.08493235299295106,-0.10968190046365758
2025-02-24,0.37529481947245147,0.33980314051064675,0.08195796122534985,-0.11235339861580045
2025-02-25,0.38543571061916926,0.3505490305249205,0.08684689450901889,-0.11775284031271502
2025-02-26,0.38401125234244454,0.34780268523299396,0.08716659159165728,-0.11923736148836019
2025-02-27,0.38821703600365004,0.3469015324190679,0.09017333746419326,-0.1173561571795899
2025-02-28,0.38477535965686843,0.3451751647793056,0.09221171056827387,-0.11420017982052519
2025-03-03,0.38426647738308184,0.34906278046123956,0.09531420463629957,-0.12240382715778057
2025-03-04,0.3817673348595115,0.35094206039827114,0.09729983021765709,-0.12195004257281418
2025-03-05,0.3838518847246242,0.3525532817423008,0.09423233247806762,-0.1270857095136231
2025-03-06,0.39020856338733745,0.3600851050195463,0.0800079284568946,-0.12350277479307037
2025-03-07,0.38038025179176926,0.34844138091157806,0.08478546716839387,-0.11004218300759391
2025-03-10,0.4015116079629111,0.37108969426832766,0.09218547377115277,-0.12446314784045287
2025-03-11,0.39183573864528665,0.3674076730778934,0.09775259594470881,-0.1286681265766891
2025-03-12,0.3945189032974887,0.3717986125032848,0.09656585536054556,-0.1288900770971907
2025-03-13,0.40093952044884074,0.3794131268115522,0.08943955400395076,-0.1325590585878428
2025-03-14,0.40785788523360345,0.386071246735492,0.0877090758452231,-0.13600335833459745
2025-03-17,0.4082196069521837,0.3881911833359808,0.08636161854514038,-0.1347236631237131
2025-03-18,0.40892778110822536,0.38903411747846334,0.08252858918265162,-0.14084290526853668
2025-03-19,0.4112442579057714,0.3905282788169303,0.08231930611608533,-0.13726294706607403
2025-03-20,0.41483978776221386,0.3943630299673384,0.0833757495126402,-0.13864819889230875
2025-03-21,0.4262775645240749,0.4008560364542853,0.08202590753724456,-0.13693602757363255
2025-03-24,0.4272596590464789,0.4020647501438358,0.06812435073796365,-0.1434081931323682
2025-03-25,0.4297816550894652,0.40446379046618086,0.06713869721173084,-0.14270858333136968
2025-03-26,0.4291416188971217,0.40477027658127074,0.06434953944201949,-0.13867508148195828
2025-03-27,0.44054519025061106,0.4151680417351109,0.063303430048986,-0.134482225886086
2025-03-28,0.4444089123691562,0.4193105687278989,0.060624601240714136,-0.13997704171489347
2025-03-31,0.44332664096253727,0.4193742260274172,0.0574146571286806,-0.14173702403286775
2025-04-01,0.4439187669783265,0.42126675935067337,0.05373838109448208,-0.13746816054292704
2025-04-02,0.4397357689337479,0.41843926298058576,0.0552193665731579,-0.14233698731495917
2025-04-03,0.4079848367201866,0.39835360224713123,0.06573433667122822,-0.14798781992903678
2025-04-04,0.3735770247101651,0.376570028998562,0.062091454651062306,-0.14639498627010242
2025-04-07,0.38016404590864306,0.38015098212947385,0.07995432726802844,-0.12301810747085372
2025-04-08,0.38685462227146483,0.38583467894824625,0.08020680694506845,-0.11440888390159556
2025-04-09,0.4060407621923471,0.41013656676741966,0.10914878250436098,-0.10705874511760417
2025-04-10,0.4116649547767006,0.41703023933629696,0.099807751247394,-0.08750275548809117
2025-04-11,0.41915654105192707,0.4226763663768703,0.11122896487251957,-0.0790821014560233
2025-04-14,0.420650562425575,0.42498971337044184,0.11264687634319534,-0.07838876205813881
2025-04-15,0.4174888476729898,0.42181300862586985,0.10561308564597638,-0.07623412648745222
2025-04-16,0.41028180221299404,0.41402814848352376,0.1177077882257417,-0.08905093265981444
2025-04-17,0.4104447929649011,0.4139625713133282,0.11705052635861865,-0.08960311255722814
2025-04-21,0.39893022031238956,0.4034831452871213,0.12125319818737405,-0.09007694492271849
2025-04-22,0.4103388107595129,0.41370414397315924,0.10747424012162972,-0.08236969392133962
2025-04-23,0.409970698349715,0.41417119563761295,0.10599766911075105,-0.08226870955333004
2025-04-24,0.4060660535177042,0.41038705679031673,0.12091268316940751,-0.08117928680982439
2025-04-25,0.40783755154063434,0.41213696990957777,0.11935574432792916,-0.08045697990442321
2025-04-28,0.40840571603632553,0.4137728820773465,0.11809203881420874,-0.08392841124325737
2025-04-29,0.4077864007905233,0.41329962414337146,0.11899450253543346,-0.08479381258553527
2025-04-30,0.40947827841047124,0.4156780742080575,0.11944190508467582,-0.08352344019882389
2025-05-01,0.41035986538084496,0.4169620661104486,0.11277117226754123,-0.08500638730208103
2025-05-02,0.4047643653184927,0.41205105248536866,0.10145278335898229,-0.0917954372219439
2025-05-05,0.4054504400245381,0.4116963220971392,0.09598357762950308,-0.08608308883176101
2025-05-06,0.4025600333641785,0.4090516257396733,0.10118690955458001,-0.08593641341094939
2025-05-07,0.39895942444680244,0.403869490188392,0.10308846675452178,-0.09502495492514652
2025-05-08,0.40007625342129033,0.4055250191679271,0.08706709593273902,-0.10348907466699415
2025-05-09,0.40040614007198305,0.4056851259669485,0.08573061826041592,-0.10244933097630636
2025-05-12,0.3941424289272988,0.399455776548836,0.08493286906746861,-0.10360901010167754
2025-05-13,0.3938221661550236,0.40017920535071155,0.08123398326856678,-0.10616455078233525
2025-05-14,0.3950543957362931,0.40127584412500383,0.08583464624818833,-0.10854739305042849
2025-05-15,0.3958634688065829,0.4016890485260089,0.09021502216709598,-0.10974925678822264
2025-05-16,0.39683412157689635,0.40307087226978666,0.09273995283430997,-0.10828261651331915
2025-05-19,0.3930444505102725,0.3992538968276499,0.08648514103661276,-0.12443322748298742
2025-05-20,0.39238688486815293,0.39875739949602146,0.0868055495633383,-0.12542396822441315
2025-05-21,0.38659945159113845,0.39559215087404936,0.08445735510326254,-0.1280832389496542
2025-05-22,0.3890215338813792,0.3956411248392821,0.08124205766313848,-0.125338361624064
2025-05-23,0.3911545369178023,0.39774716642259994,0.07047434482442307,-0.12461239259032705
2025-05-27,0.3914755668334592,0.39853328784743913,0.0641632370365194,-0.12115087730485224
2025-05-28,0.3910574605167823,0.39843641543859715,0.06053728332434895,-0.1221967093513079
2025-05-29,0.38971250783989503,0.39764508346943783,0.059389857343604364,-0.12495014313818678
2025-05-30,0.3897795121645434,0.39787969701382553,0.06150492558285048,-0.12693632232559277
2025-06-02,0.38970244806783855,0.3979603350101515,0.06388104030026726,-0.13123904170566192
2025-06-03,0.39020699436072814,0.39871992128957295,0.0644776227523585,-0.13261532065778675
2025-06-04,0.3919687775080513,0.3983973959749341,0.062830293890696,-0.1325433619826462
2025-06-05,0.39293054755647755,0.39912926317057557,0.0636593526107197,-0.1373183132028103
2025-06-06,0.3946969495649433,0.40024072817687684,0.06205226473145447,-0.1454521038124251
2025-06-09,0.3926593860441146,0.39867553806575984,0.0631562437390796,-0.14446109570282542
2025-06-10,0.39240147992765334,0.39842832651283966,0.0636728766469627,-0.14469577476282897
2025-06-11,0.3926890634992863,0.39880213549985283,0.05513582791609118,-0.15219410512146736
2025-06-12,0.39118713593719345,0.3978882767196694,0.05165085925925033,-0.1561025836376498
2025-06-13,0.39207498320848005,0.40001690112003685,0.05203589371887306,-0.15163329560699343
2025-06-16,0.3916021486064903,0.39940278224174586,0.05094131945987596,-0.1532694491285165
2025-06-17,0.39360810729517315,0.4019056732104687,0.04869688702572911,-0.15250497451041706
2025-06-18,0.39375397713100385,0.40259040785962297,0.05046002875339728,-0.15122299998327815
2025-06-20,0.39388788874812874,0.402903248503143,0.051208096177222655,-0.15040964899312917
2025-06-23,0.395809739703715,0.4041524925894765,0.052185583321573616,-0.14690711167155632
2025-06-24,0.3953468217023376,0.4034933101040664,0.05255114425181373,-0.1473313114099537
2025-06-25,0.3951823120200275,0.4033842021787023,0.050369782388295085,-0.14715297234810523
2025-06-26,0.39519926526337035,0.40036236241525386,0.052669087886525745,-0.14510981753015684
2025-06-27,0.3947784011839323,0.399173590061522,0.05438539894046883,-0.14555335130673897
2025-06-30,0.3949912576852737,0.39944797908267116,0.0519130871807466,-0.1500734492688867
2025-07-01,0.3949248758833812,0.4000724380260748,0.0494512896725157,-0.15120046879713622
2025-07-02,0.3947924183605866,0.40016512800573784,0.050277446835442094,-0.16090757006357348
2025-07-03,0.3955189175963557,0.3999311246996287,0.049466696554502004,-0.1532320271580601
2025-07-07,0.3975183399696832,0.402210146903199,0.04932326447910565,-0.14934206481738094
2025-07-08,0.3996079207231385,0.40520552122135056,0.05257310776886533,-0.14423317239334482
2025-07-09,0.4064373737914021,0.4138523425378656,0.06212922301360946,-0.13489798353832114
2025-07-10,0.4060565901334562,0.41203619790215584,0.06211260625350582,-0.1340254832285135
2025-07-11,0.4057413392291052,0.4119867796307959,0.06293557475494904,-0.13423688279586946
2025-07-14,0.40692465852037535,0.41310605370554043,0.06214084676973951,-0.1343070676018957
2025-07-15,0.40701635233538175,0.41259129084961027,0.06553603681572606,-0.1309256841097503
2025-07-16,0.4069286501875924,0.4124463110675429,0.0658684695325498,-0.13128058272119322
2025-07-17,0.41597726356176273,0.4222419578759216,0.06509605998815694,-0.11591604032649085
2025-07-18,0.41609233126956285,0.4222463306351238,0.06508484875181368,-0.11694931637967168
2025-07-21,0.4146444413125549,0.42074338405952416,0.0624509257670779,-0.1176868666868335
2025-07-22,0.41417428714949966,0.41928718691442385,0.06372226331971294,-0.11651586046699479
2025-07-23,0.4172921219469812,0.42356405394690255,0.07533090567737988,-0.11239315666673796
2025-07-24,0.41682936701226597,0.42302129423029305,0.07593677882511446,-0.1118470896824573
2025-07-25,0.4164380208633496,0.42258874973167315,0.07771030460751506,-0.11326860436948823
2025-07-28,0.41665115776533534,0.4238474811559162,0.07707660231190276,-0.11527608013319265
2025-07-29,0.41708520100645513,0.42472209879142614,0.07807584380979127,-0.11574734505368206
2025-07-30,0.41528809090501667,0.42349916897215073,0.07543639200519778,-0.11926065685571498
2025-07-31,0.41603655843603354,0.4245351070800939,0.07353228002755591,-0.11801676792826254
2025-08-01,0.417782517368579,0.4260435027622298,0.06907910648071784,-0.12164378139386886
2025-08-04,0.42456753417818455,0.4365799312392975,0.07536591572050536,-0.11751828523285718
2025-08-05,0.42747076515192634,0.4411240965389608,0.07594223398968823,-0.11933498697084255
2025-08-06,0.4205399514534232,0.4338868425800167,0.07396216819463626,-0.09351956231922248
2025-08-07,0.39919362756530746,0.4187723442097325,0.056794744750497464,-0.08632306766054788
2025-08-08,0.39642612652782966,0.41654410939791137,0.06124168895546063,-0.07471100257867647
2025-08-11,0.3946933494527612,0.41442852748275416,0.057738201625280164,-0.07691418552774826
2025-08-12,0.38151372965188807,0.4000656623259103,0.038014143773885935,-0.06847851298807686
2025-08-13,0.38261923957764277,0.4003365944969723,0.03873676121685347,-0.0624308290521068
2025-08-14,0.3818387279811199,0.4002606405151251,0.04871584101780981,-0.05515765847592163
2025-08-15,0.3803841229308782,0.39888899859618454,0.04948090083146558,-0.05606583811352936
2025-08-18,0.38240574465690075,0.3998217802979709,0.04603099551310514,-0.0519831814632033
2025-08-19,0.3896510853669407,0.41026230234123273,0.04929902897627608,-0.058260373637741836
2025-08-20,0.38918142807118333,0.40971818478450767,0.04526167444382264,-0.05918318840222703
2025-08-21,0.38945382383041277,0.40997320388418257,0.04662984164137116,-0.05822643200823458
2025-08-22,0.393024606101128,0.4126773725910411,0.05124153361177911,-0.051842528280273935
2025-08-25,0.39289628238729046,0.41096873333970574,0.05480844289215535,-0.04943376986466776
2025-08-26,0.3922687704546838,0.4099559078609004,0.05324301852690827,-0.052153403489056616
2025-08-27,0.3892877721847384,0.4082425423893056,0.045904353491517495,-0.05927556213425628
2025-08-28,0.38920871742799484,0.40725731839430795,0.047197708477232425,-0.05901535095194717
2025-08-29,0.3940243514473281,0.414115383827674,0.04410323734508188,-0.056033313938935764
2025-09-02,0.39058723541739143,0.4106988255483198,0.04913814086093939,-0.05880747133268536
2025-09-03,0.39060124093089704,0.4107388201160548,0.04911050449334761,-0.05811792638862915
2025-09-04,0.3903302183427004,0.4107089755623477,0.04920555549801313,-0.061030514611214795
2025-09-05,0.38597512793621586,0.40592857672472926,0.04634742467616267,-0.05342925324257648
2025-09-08,0.3863452021309309,0.4064446258384409,0.04758873962680541,-0.05258148886021661
2025-09-09,0.38606728303129345,0.407413102184081,0.05114019164021926,-0.048626902114184876
2025-09-10,0.38078221619952723,0.40024640881225887,0.046968678806348294,-0.04682553083145132
2025-09-11,0.37818091266029913,0.39791923047935734,0.04502832124106534,-0.050033477162318145
2025-09-12,0.3779416423575299,0.3976211454063209,0.044756924597896576,-0.05119277201853916
2025-09-15,0.3787503771595213,0.40000548853726076,0.043343770162121105,-0.0516484050518169
2025-09-16,0.3778776063249671,0.39924254223264155,0.04138043650793578,-0.05052261932604706
2025-09-17,0.3775212667394741,0.3996586986893637,0.03794838872153792,-0.05240911762982598
2025-09-18,0.3797076377894216,0.3993693053641607,0.03707808878358132,-0.04625986015271746
2025-09-19,0.3798809379336786,0.39948127193781546,0.0383461250779101,-0.043361827367312956
2025-09-22,0.3789955011982644,0.3987415847720916,0.03468613420705499,-0.03780685229022361
2025-09-23,0.37753812774589984,0.3972723316625067,0.031142895331241684,-0.0379670157134818
2025-09-24,0.37702922765752767,0.3967813608975254,0.029683421199701247,-0.0384365511787479
2025-09-25,0.3778371994867211,0.39708453177382097,0.028114421517983768,-0.03843422440745297
2025-09-26,0.37776876254656755,0.39688342241228824,0.02627333661197253,-0.03849223934845919
2025-09-29,0.3768987462253712,0.39704556048687817,0.033229044299715585,-0.03548718522241198
2025-09-30,0.3764011997488174,0.3960621707586908,0.03136599549303603,-0.03656751198260063
2025-10-01,0.37639950049796833,0.39658491336434665,0.03215323301438304,-0.03530477714354022
2025-10-02,0.37947620942274507,0.3991553447565265,0.026306604418140124,-0.037878184636763325
2025-10-03,0.3766636581690438,0.3948865568200252,0.032310989382334884,-0.03300414572876042
2025-10-06,0.37691996110160053,0.3955927706692278,0.03590234744833975,-0.036218851680955046
2025-10-07,0.3775234737217527,0.39636573866015473,0.0344132289076843,-0.03937582947033028
2025-10-08,0.3768723604265906,0.39590804312701783,0.03763291505773701,-0.035474360155417634
2025-10-09,0.37769852647923574,0.3964383980130619,0.041654428666401656,-0.0353404497660276
2025-10-10,0.3930364508027847,0.4128182881156706,0.03274392798154394,-0.05440696632210258
2025-10-13,0.3973023004245692,0.41688936795573994,0.034381854058695746,-0.05738650999257564
2025-10-14,0.39715398483425457,0.4176723802409532,0.033452797702121465,-0.059031040306365766
2025-10-15,0.39472013907859876,0.4165387249979487,0.02498926145659572,-0.05590084858721124
2025-10-16,0.3945569453541439,0.4163909431022214,0.020388150309197398,-0.06006943460528413
2025-10-17,0.39480744986426985,0.4176299625165517,0.02474835057608402,-0.062438902707427954
2025-10-20,0.3969269635134335,0.4198675237094527,0.039499496066948976,-0.060318140945864525
2025-10-21,0.3966240003323105,0.4196416531797632,0.05383736935397653,-0.06392074205916597
2025-10-22,0.39674690475394875,0.4196935184430191,0.052744107431959356,-0.0641560686626072
2025-10-23,0.39728644868758317,0.4209862687866209,0.052874651620589415,-0.07241961002145854
2025-10-24,0.3974898787442246,0.42119388715921957,0.052793311768216354,-0.07235037978891391
2025-10-27,0.39835798843728354,0.4222569476868887,0.041122631848087204,-0.07168022914474442
2025-10-28,0.3981108783587709,0.4203308411104795,0.040750096997526,-0.07490036763046776
2025-10-29,0.3977097678171412,0.420452874713953,0.04258369675237994,-0.07218487474438934
2025-10-30,0.4001597684729714,0.4247523211354457,0.03963940043225729,-0.06826195077594274
2025-10-31,0.4014557477248781,0.4236837014009399,0.034908101234916424,-0.06992875535696218
2025-11-03,0.3999718354250633,0.42135633702251585,0.03507725436414246,-0.06808833790603691
2025-11-04,0.3995920747274108,0.4227987144347781,0.03939692558565503,-0.06880010926580357
2025-11-05,0.40046229640981595,0.4243610418465591,0.04092550024849996,-0.0759278048111026
2025-11-06,0.4024769847943515,0.4269937512815456,0.04172876513985597,-0.0734452222703064
2025-11-07,0.40054820882390946,0.42446130089153183,0.042528227777838934,-0.07612631362025687
2025-11-10,0.3889306561207742,0.41573232607960964,0.08408936115109307,-0.03510365771356247
2025-11-11,0.38751015768832675,0.4162902683181253,0.0830261026649431,-0.038000123124775124
2025-11-12,0.38712674853368073,0.41631787838341255,0.08110830819576598,-0.04019960429598375
2025-11-13,0.4174100311876519,0.4516529397143313,0.14079960455867752,-0.024370626006281378
2025-11-14,0.4139940115363967,0.4475952582504924,0.15130689724635918,-0.020873036806319367
2025-11-17,0.41690336541894213,0.4506470100855481,0.15989288423567743,-0.016523587136448234
2025-11-18,0.41411309604943647,0.44782628161330107,0.1590101374124989,-0.012546672384383119
2025-11-19,0.4237678146376531,0.46271931148516343,0.1618844865004931,-0.009492829030892942
2025-11-20,0.4297067091789879,0.4703867699379626,0.16385152785852064,-0.013169191781019832
2025-11-21,0.42646941737963345,0.4679441445880736,0.16294505237189447,-0.01611681918731368
2025-11-24,0.430838327748265,0.4739499127785967,0.16762869630778965,-0.010586625523381002
2025-11-25,0.4291555577390049,0.47469792607350764,0.16529973936596973,-0.010289877026736194
2025-11-26,0.42997723401007193,0.4755120425909813,0.1669623594523584,-0.007252878546376363
2025-11-28,0.4369003998218434,0.4812093496448347,0.1473286481022698,0.023194302771110915
2025-12-01,0.43763920584503063,0.48044900606946966,0.14436106503683585,0.03467140132022284
2025-12-02,0.43855430270150025,0.4864045926167224,0.13723473965659277,0.029109131161259925
2025-12-03,0.4380194087127556,0.48530247884028116,0.13500327103184348,0.027312188446526064
2025-12-04,0.4383133546219434,0.48777101415082963,0.13322678456422563,0.029706068876134847
2025-12-05,0.4366490916075086,0.4854201751439175,0.13424261525902656,0.03266644166892539
2025-12-08,0.43493932543411795,0.48306417926942546,0.13324362614443147,0.025693399359908095
2025-12-09,0.4339012319808113,0.4823578600417082,0.1316886434268655,0.027117322444459663
2025-12-10,0.43407617836255613,0.48110743199948625,0.13260079060304214,0.02554400649612039
2025-12-11,0.43333512112725414,0.4797679123205158,0.13594424054202855,0.020888619921544904
2025-12-12,0.4350874995386785,0.482056730885909,0.13592159848975077,0.024770222565439697
2025-12-15,0.43278341295086276,0.4779520983327906,0.13216944726876664,0.03315098380700149
2025-12-16,0.43121620512622233,0.47733877779516454,0.12990887843538862,0.03242332336179261
2025-12-17,0.4331696663746715,0.4785158828431446,0.1311030078675745,0.03592992554364775
2025-12-18,0.4328518159553026,0.4738676372682886,0.13201891609049915,0.0327193755311538
2025-12-19,0.43469982737468027,0.47601269213841496,0.1314381877685473,0.03008827605124349
2025-12-22,0.4222536224289796,0.46448248157511196,0.1182259371904699,0.015388476944283915
2025-12-23,0.42190138636292934,0.46334747893776496,0.11622791765728198,0.007053343973526067
2025-12-24,0.422242409204493,0.46340607080272034,0.11577223199770595,0.007018207053209238
2025-12-26,0.4258407933064107,0.4681407323248373,0.1127987298434916,0.0011303763248662786
2025-12-29,0.42313936025091,0.4656724855687344,0.11148540400756297,-0.0025895308398802427
2025-12-30,0.4233784174825275,0.4656279578030702,0.11322908218515607,-0.003892794972406606
2025-12-31,0.422576277904038,0.4648255105768221,0.11249763225075612,-0.005124572512943538
2026-01-02,0.42056292826871733,0.4616061220419211,0.11228299031332624,-0.003401382811551162
2026-01-05,0.421853698378962,0.4632211378975468,0.12368393546901613,0.0019488122967681648
2026-01-06,0.4249746117653408,0.46593529412381934,0.11876451075417015,5.8985829813549145e-05
2026-01-07,0.4244057711542393,0.46409281015234466,0.12393643156178549,-0.0021357302215033805
2026-01-08,0.4241161186887304,0.46235784581450223,0.12619778175184881,0.0022328768915870134
2026-01-09,0.4197486076675746,0.4564079786304166,0.12907695944997594,-0.011027491350625017
2026-01-12,0.4204451811568275,0.4567297423248297,0.13112915911857553,-0.011135738199125715
2026-01-13,0.4166533485691624,0.453015777956571,0.1286277049839715,-0.010281482697513158
2026-01-14,0.4148961330319792,0.44994951242533815,0.12997116635462305,-0.00836057917131658
2026-01-15,0.41465701963512286,0.45027817057852676,0.1307125571408833,-0.007304887686260452
2026-01-16,0.40914386428600213,0.44483400332142664,0.12865793229279113,-0.02241093295150471
2026-01-20,0.4198447105996674,0.4524533128084109,0.09163920482619327,-0.00010384192980680034
2026-01-21,0.4184004233870305,0.4493054924774046,0.09851533489236011,0.000297408826007891
2026-01-22,0.4172963559457135,0.44880913072770506,0.09607337001086971,-0.0026624267896091045
2026-01-23,0.41965817075867784,0.4531931079169796,0.09699386450834975,-0.005322235363934626
2026-01-26,0.4184539991615959,0.45231490802788604,0.09489998342039346,-0.006079421903343791
2026-01-27,0.41926248333647465,0.4536510136105317,0.09662596155508946,-0.008213696594203927
2026-01-28,0.4163536979995041,0.449966824518995,0.09196999467969265,-0.0018793228597079796
2026-01-29,0.4157659136819864,0.45180802763996913,0.09177492045523107,-0.0020544937456903334
2026-01-30,0.4183889767950679,0.4532775219846644,0.0889541695565926,-0.00035396510608184766
2026-02-02,0.40904499998809246,0.4430369112339626,0.11358435924267937,0.0029062147829577428
2026-02-03,0.41035885526031507,0.44669121848985144,0.08588819900074252,-0.0019561955417374682
2026-02-04,0.4107158595489063,0.4498959316101797,0.08691788187492781,0.0014381683998189612
2026-02-05,0.4134923210050342,0.4513819969765656,0.12288514873064704,-0.026585114339727413
2026-02-06,0.42259335395922476,0.45674239035475406,0.1502428417923504,-0.02069190125455549
2026-02-09,0.422233820035192,0.4562113288484533,0.14853552986189844,-0.020650859802949388
2026-02-10,0.423091723676871,0.457429393270612,0.1502323020811232,-0.024484534529079168
2026-02-11,0.42226458804670236,0.45574206097403136,0.1467846504592623,-0.02115609563583641
2026-02-12,0.4229359926338261,0.45573267629188047,0.14785917737938978,-0.025719954730455644
2026-02-13,0.42291260230415534,0.45504114575411,0.15529498853908666,-0.01552967924460086
2026-02-17,0.42438896596944825,0.4574461461170999,0.16025197875963726,-0.012426091313519474
2026-02-18,0.4234738343791568,0.45584768749189586,0.15896410386736945,-0.012281639790417657
2026-02-19,0.42392976325062115,0.4560246309723676,0.16177994816211835,-0.016695433579192235
2026-02-20,0.42459051710190676,0.45695385690707196,0.16409123478672927,-0.0177689364669416
2026-02-23,0.4289723175688786,0.4608503537578775,0.1523723134734031,-0.022179591061594145
2026-02-24,0.426074725094479,0.4577984631905437,0.15261632670634004,-0.017635748499251508
2026-02-25,0.4269236603758287,0.4583090480830082,0.15073961581476877,-0.015182821472956817
2026-02-26,0.4263128139437443,0.4564105708375316,0.1470331743726928,-0.0062862098013219915
2026-02-27,0.4294463194544811,0.46009583261709575,0.14508524236562007,-0.003426141092866235
2026-03-02,0.4298104257336958,0.46287710231973234,0.14936099497725885,-0.01160239227158291
2026-03-03,0.4318628796765271,0.46446210757236195,0.14934591815645143,-0.010557443738648486
2026-03-04,0.4385745806872143,0.4748656564838744,0.14917670244186587,-0.016358219227899224
2026-03-05,0.4426453879249765,0.4758222248489703,0.1511759773678909,-0.011040303071804557
2026-03-06,0.44368043273048147,0.47664831703394556,0.14683089519732745,-0.001966967804285461
2026-03-09,0.44441122702123437,0.4783776914443108,0.14628850383940148,-0.00163314638178087
2026-03-10,0.4466275430354439,0.4813377176856802,0.14761470372314725,-0.008751844368394475
2026-03-11,0.4303519300805758,0.4621233182937968,0.14164410477183187,0.009500332889612979
2026-03-12,0.43789982995620946,0.46540240891468676,0.13701923356107998,0.017415128928763398
2026-03-13,0.43672376148815845,0.4641561333749531,0.13569809354834222,0.018013550398896412
2026-03-16,0.43594307239207547,0.46250737760737815,0.13800227363485693,0.03196881398525986
2026-03-17,0.4307892544225961,0.457399494180925,0.13944222543005888,0.035276192105020775
2026-03-18,0.4345748450151096,0.46033372538506423,0.14822423275723692,0.039097557630071195
2026-03-19,0.43374460545195903,0.45952816036381866,0.15437785043962585,0.037099864531344486
2026-03-20,0.42789722778458755,0.4532918196256247,0.15073699937004742,0.02823416171561363
2026-03-23,0.42776944328268307,0.4532305894823975,0.14851778266562285,0.02944528108435537
2026-03-24,0.42789559785741493,0.4533986232696302,0.148567671386298,0.029786088195053396
2026-03-25,0.4233216739147856,0.44889675076659036,0.15332666602408968,0.040701267389897565
2026-03-26,0.42773292283877556,0.4535646790364225,0.16264554573803058,0.04632487702175373
2026-03-27,0.43201500673035004,0.4579768710787733,0.15118256776379654,0.04925522000776858
2026-03-30,0.4318302527811399,0.4575670290019227,0.15083590344220416,0.05073672900778108
2026-03-31,0.4302202889014298,0.45569294521738124,0.1582423884811257,0.05934906552267559
2026-04-01,0.4319894629422697,0.45521061916529826,0.16024826261600933,0.06380256123501192
2026-04-02,0.4320170338282284,0.45399332678944804,0.16402946595101317,0.05632115149046798
2026-04-06,0.43570021633527795,0.4576410344195916,0.16267439939659006,0.05496127465366194
2026-04-07,0.45395581969088683,0.4731015692065091,0.16526042319430376,0.05392961991606444
2026-04-08,0.47885758821476376,0.4924949161626125,0.16738519698527637,0.051416756562834946
2026-04-09,0.4807612360112441,0.49711495992671284,0.15904266197225192,0.018598901712266566
2026-04-10,0.4756256475886449,0.49272660695801035,0.16005042046383083,0.002864830426875267
2026-04-13,0.4617484777801772,0.4769311108390685,0.1384449102539391,-0.00615365533334134
2026-04-14,0.4584438876138804,0.46945364748023055,0.14517455472795715,-0.02920245610257556
2026-04-15,0.4512123943028644,0.4636546421368635,0.138255259291229,-0.03588407234024677
2026-04-16,0.4503619863363131,0.4632096680730467,0.13913450866298,-0.03878170680016987
2026-04-17,0.45267590272263886,0.4655575408114033,0.14171322280195978,-0.0324506913921118
2026-04-20,0.46224922774334637,0.47630125515809174,0.1427042586537159,-0.03286803108508037
2026-04-21,0.46058641405755635,0.47594104986453234,0.1408037148819428,-0.03166878694756679
2026-04-22,0.48678882759137543,0.4971826630341836,0.13623559678992728,-0.01857201350313094
2026-04-23,0.470331236996196,0.4844681782091461,0.14729092042789146,-0.02740185927455049
2026-04-24,0.47051542854487993,0.4820689952389824,0.14826960651244123,-0.02860175081168192
2026-04-27,0.4753439230859234,0.4873634475069769,0.14807183723668801,-0.02936858950669255
2026-04-28,0.4756848050192897,0.48779125473618834,0.15095028890260095,-0.031217676197650018
2026-04-29,0.47582850676690885,0.48715584488284497,0.1513281435342397,-0.030369639324647875
2026-04-30,0.4769687771936465,0.4881976353976929,0.15149026475702917,-0.029293677708044728
2026-05-01,0.47687834043570876,0.4897179517713073,0.15070207688994022,-0.027284101991427796
2026-05-04,0.4725046381461496,0.485830985678868,0.15155665750549757,-0.02815143817786929
2026-05-05,0.47508666067371125,0.48749391899395067,0.15229710773438346,-0.025206955497268282
2026-05-06,0.472584493162299,0.48462095654394777,0.15956759025336986,-0.027033129411870242
2026-05-07,0.4793415154934301,0.4900492675661508,0.15523945411079396,-0.02661991572522612
2026-05-08,0.47889603889688764,0.4864601204701961,0.15599604324173083,-0.02657747995576559
2026-05-11,0.4777598235267179,0.4845279860787982,0.17050130024887655,-0.012405738073512808
2026-05-12,0.4781107445320119,0.48546465948913947,0.17122451047942422,-0.009911026190237553
2026-05-13,0.49345181318158343,0.49744590522805265,0.17280404888809975,-0.009337621254044743
2026-05-14,0.49431266885037645,0.4976046997353829,0.17030119071479638,-0.007225147966816944
2026-05-15,0.49685411653148737,0.5006529287543074,0.1741106496017493,0.00048614142923467476
2026-05-18,0.49676935557993146,0.5015739876117438,0.17339306224407408,0.0007152204044687468
2026-05-19,0.4967266092999803,0.5014012157736123,0.17331540205322246,0.0010961254236832203
2026-05-20,0.4975410622086996,0.5020300965627762,0.17243192824868947,0.005139769895395062
2026-05-21,0.4991200505936581,0.5033002936822516,0.17094216986195274,0.007431558738972345
2026-05-22,0.5132378910366338,0.511023307450275,0.1714935507711518,0.01599918746139071
2026-05-26,0.5140832580126637,0.5101347149171872,0.1735181080566435,0.014317229646540749
2026-05-27,0.511237502187795,0.5074399270756904,0.1838485219493108,0.014737177209513648
2026-05-28,0.5105109188294393,0.5053813010636429,0.18628779870337822,0.007956667145367725
2026-05-29,0.5100797479455087,0.5049122648595769,0.18583907950741846,0.006887858530668866
2026-06-01,0.5098501727490543,0.5024902746682324,0.1898606311624632,0.010879932824689756
2026-06-02,0.5034004103402676,0.493425975227937,0.1866803918015089,0.008252784138160702
2026-06-03,0.5055024015620097,0.4926019263716887,0.1862099431905941,0.016719457474535085
2026-06-04,0.5059188903025506,0.4930241413582986,0.18593844430632886,0.01651191184248183
2026-06-05,0.5133909775778653,0.498927013050999,0.19781576386351982,0.02422604520960755
2026-06-08,0.5108849200374181,0.5009882011055915,0.19648687742855653,0.019734459606428903
2026-06-09,0.5089798001184213,0.5010577199887932,0.20360783278271008,0.026173152837021978
2026-06-10,0.509439013568133,0.5020292635607512,0.20165336442870552,0.02523677959269627
2026-06-11,0.5147110717820695,0.5075457196778509,0.20922896291482423,0.03614653150250251
2026-06-12,0.5140544615112128,0.5070642327831323,0.20980974238663141,0.03693418753804296
2026-06-15,0.5231277064707575,0.5160642515171967,0.22020741653165385,0.043156588464521195
2026-06-16,0.5266232738432829,0.5171116383453832,0.21993031273347494,0.04287923437881929
2026-06-17,0.5273489240727612,0.5181884138512929,0.2237693842000862,0.04463587005246728
2026-06-18,0.5197849687291485,0.5045126301588152,0.22448739843643262,0.048024636315749665
